2025-06-16 03:10:48 [main] INFO  com.example.demo.DemoApplication - Starting DemoApplication using Java 21.0.7 with PID 23844 (D:\桌面\FoodMAP\backend\demo\target\classes started by pony in D:\桌面\FoodMAP\backend\demo)
2025-06-16 03:10:48 [main] DEBUG com.example.demo.DemoApplication - Running with Spring Boot v3.5.0, Spring v6.2.7
2025-06-16 03:10:48 [main] INFO  com.example.demo.DemoApplication - No active profile set, falling back to 1 default profile: "default"
2025-06-16 03:10:48 [main] DEBUG o.s.boot.SpringApplication - Loading source class com.example.demo.DemoApplication
2025-06-16 03:10:48 [main] DEBUG o.s.b.w.s.c.AnnotationConfigServletWebServerApplicationContext - Refreshing org.springframework.boot.web.servlet.context.AnnotationConfigServletWebServerApplicationContext@455b6df1
2025-06-16 03:10:48 [main] DEBUG o.s.b.f.s.DefaultListableBeanFactory - Creating shared instance of singleton bean 'org.springframework.context.annotation.internalConfigurationAnnotationProcessor'
2025-06-16 03:10:48 [main] DEBUG o.s.b.f.s.DefaultListableBeanFactory - Creating shared instance of singleton bean 'org.springframework.boot.autoconfigure.internalCachingMetadataReaderFactory'
2025-06-16 03:10:49 [main] DEBUG o.s.c.a.ClassPathBeanDefinitionScanner - Identified candidate component class: file [D:\桌面\FoodMAP\backend\demo\target\classes\com\example\demo\config\PasswordEncoderConfig.class]
2025-06-16 03:10:49 [main] DEBUG o.s.c.a.ClassPathBeanDefinitionScanner - Identified candidate component class: file [D:\桌面\FoodMAP\backend\demo\target\classes\com\example\demo\config\SecurityConfig.class]
2025-06-16 03:10:49 [main] DEBUG o.s.c.a.ClassPathBeanDefinitionScanner - Identified candidate component class: file [D:\桌面\FoodMAP\backend\demo\target\classes\com\example\demo\controller\AuthController.class]
2025-06-16 03:10:49 [main] DEBUG o.s.c.a.ClassPathBeanDefinitionScanner - Identified candidate component class: file [D:\桌面\FoodMAP\backend\demo\target\classes\com\example\demo\controller\DatabaseMonitorController.class]
2025-06-16 03:10:49 [main] DEBUG o.s.c.a.ClassPathBeanDefinitionScanner - Identified candidate component class: file [D:\桌面\FoodMAP\backend\demo\target\classes\com\example\demo\controller\FavoriteController.class]
2025-06-16 03:10:49 [main] DEBUG o.s.c.a.ClassPathBeanDefinitionScanner - Identified candidate component class: file [D:\桌面\FoodMAP\backend\demo\target\classes\com\example\demo\controller\GoogleRestaurantController.class]
2025-06-16 03:10:49 [main] DEBUG o.s.c.a.ClassPathBeanDefinitionScanner - Identified candidate component class: file [D:\桌面\FoodMAP\backend\demo\target\classes\com\example\demo\controller\RestaurantImageController.class]
2025-06-16 03:10:49 [main] DEBUG o.s.c.a.ClassPathBeanDefinitionScanner - Identified candidate component class: file [D:\桌面\FoodMAP\backend\demo\target\classes\com\example\demo\controller\UserController.class]
2025-06-16 03:10:49 [main] DEBUG o.s.c.a.ClassPathBeanDefinitionScanner - Ignored because not a concrete top-level class: file [D:\桌面\FoodMAP\backend\demo\target\classes\com\example\demo\repository\UserProfileRepository.class]
2025-06-16 03:10:49 [main] DEBUG o.s.c.a.ClassPathBeanDefinitionScanner - Ignored because not a concrete top-level class: file [D:\桌面\FoodMAP\backend\demo\target\classes\com\example\demo\repository\UserRepository.class]
2025-06-16 03:10:49 [main] DEBUG o.s.c.a.ClassPathBeanDefinitionScanner - Identified candidate component class: file [D:\桌面\FoodMAP\backend\demo\target\classes\com\example\demo\security\JwtService.class]
2025-06-16 03:10:49 [main] DEBUG o.s.c.a.ClassPathBeanDefinitionScanner - Identified candidate component class: file [D:\桌面\FoodMAP\backend\demo\target\classes\com\example\demo\service\impl\UserServiceImpl.class]
2025-06-16 03:10:49 [main] INFO  o.s.d.r.c.RepositoryConfigurationDelegate - Bootstrapping Spring Data JPA repositories in DEFAULT mode.
2025-06-16 03:10:49 [main] DEBUG o.s.b.f.s.DefaultListableBeanFactory - Creating shared instance of singleton bean 'org.springframework.boot.autoconfigure.AutoConfigurationPackages'
2025-06-16 03:10:49 [main] DEBUG o.s.b.a.AutoConfigurationPackages - @EnableAutoConfiguration was declared on a class in the package 'com.example.demo'. Automatic @Repository and @Entity scanning is enabled.
2025-06-16 03:10:49 [main] DEBUG o.s.d.r.c.RepositoryConfigurationDelegate - Scanning for JPA repositories in packages com.example.demo.
2025-06-16 03:10:49 [main] DEBUG o.s.d.r.c.RepositoryComponentProvider - Identified candidate component class: file [D:\桌面\FoodMAP\backend\demo\target\classes\com\example\demo\repository\FavoriteRepository.class]
2025-06-16 03:10:49 [main] DEBUG o.s.d.r.c.RepositoryComponentProvider - Identified candidate component class: file [D:\桌面\FoodMAP\backend\demo\target\classes\com\example\demo\repository\GoogleRestaurantRepository.class]
2025-06-16 03:10:49 [main] DEBUG o.s.d.r.c.RepositoryComponentProvider - Identified candidate component class: file [D:\桌面\FoodMAP\backend\demo\target\classes\com\example\demo\repository\UserProfileRepository.class]
2025-06-16 03:10:49 [main] DEBUG o.s.d.r.c.RepositoryComponentProvider - Identified candidate component class: file [D:\桌面\FoodMAP\backend\demo\target\classes\com\example\demo\repository\UserRepository.class]
2025-06-16 03:10:49 [main] DEBUG o.s.c.a.ClassPathScanningCandidateComponentProvider - Identified candidate component class: file [D:\桌面\FoodMAP\backend\demo\target\classes\com\example\demo\service\impl\UserServiceImpl.class]
2025-06-16 03:10:49 [main] INFO  o.s.d.r.c.RepositoryConfigurationDelegate - Finished Spring Data repository scanning in 40 ms. Found 4 JPA repository interfaces.
2025-06-16 03:10:49 [main] DEBUG o.s.b.f.s.DefaultListableBeanFactory - Creating shared instance of singleton bean 'springSecurityPathPatternParserBeanDefinitionRegistryPostProcessor'
2025-06-16 03:10:49 [main] DEBUG o.s.b.f.s.DefaultListableBeanFactory - Creating shared instance of singleton bean 'springSecurityHandlerMappingIntrospectorBeanDefinitionRegistryPostProcessor'
2025-06-16 03:10:49 [main] DEBUG o.s.b.f.s.DefaultListableBeanFactory - Creating shared instance of singleton bean 'propertySourcesPlaceholderConfigurer'
2025-06-16 03:10:49 [main] DEBUG o.s.b.f.s.DefaultListableBeanFactory - Creating shared instance of singleton bean 'emBeanDefinitionRegistrarPostProcessor'
2025-06-16 03:10:49 [main] DEBUG o.s.b.f.s.DefaultListableBeanFactory - Creating shared instance of singleton bean 'org.springframework.boot.sql.init.dependency.DatabaseInitializationDependencyConfigurer$DependsOnDatabaseInitializationPostProcessor'
2025-06-16 03:10:49 [main] DEBUG o.s.b.f.s.DefaultListableBeanFactory - Creating shared instance of singleton bean 'org.springframework.context.event.internalEventListenerProcessor'
2025-06-16 03:10:49 [main] DEBUG o.s.b.f.s.DefaultListableBeanFactory - Creating shared instance of singleton bean 'conversionServicePostProcessor'
2025-06-16 03:10:49 [main] DEBUG o.s.b.f.s.DefaultListableBeanFactory - Creating shared instance of singleton bean 'bootstrapExecutorAliasPostProcessor'
2025-06-16 03:10:49 [main] DEBUG o.s.b.f.s.DefaultListableBeanFactory - Creating shared instance of singleton bean 'preserveErrorControllerTargetClassPostProcessor'
2025-06-16 03:10:49 [main] DEBUG o.s.b.f.s.DefaultListableBeanFactory - Creating shared instance of singleton bean 'org.springframework.context.event.internalEventListenerFactory'
2025-06-16 03:10:49 [main] DEBUG o.s.b.f.s.DefaultListableBeanFactory - Creating shared instance of singleton bean 'org.springframework.transaction.config.internalTransactionalEventListenerFactory'
2025-06-16 03:10:49 [main] DEBUG o.s.b.f.s.DefaultListableBeanFactory - Creating shared instance of singleton bean 'org.springframework.context.annotation.internalAutowiredAnnotationProcessor'
2025-06-16 03:10:50 [main] DEBUG o.s.b.f.s.DefaultListableBeanFactory - Creating shared instance of singleton bean 'org.springframework.context.annotation.internalCommonAnnotationProcessor'
2025-06-16 03:10:50 [main] DEBUG o.s.b.f.s.DefaultListableBeanFactory - Creating shared instance of singleton bean 'org.springframework.context.annotation.internalPersistenceAnnotationProcessor'
2025-06-16 03:10:50 [main] DEBUG o.s.b.f.s.DefaultListableBeanFactory - Creating shared instance of singleton bean 'org.springframework.boot.context.properties.ConfigurationPropertiesBindingPostProcessor'
2025-06-16 03:10:50 [main] DEBUG o.s.b.f.s.DefaultListableBeanFactory - Creating shared instance of singleton bean 'org.springframework.boot.context.internalConfigurationPropertiesBinder'
2025-06-16 03:10:50 [main] DEBUG o.s.b.f.s.DefaultListableBeanFactory - Creating shared instance of singleton bean 'jdbcConnectionDetailsHikariBeanPostProcessor'
2025-06-16 03:10:50 [main] DEBUG o.s.b.f.s.DefaultListableBeanFactory - Creating shared instance of singleton bean 'org.springframework.aop.config.internalAutoProxyCreator'
2025-06-16 03:10:50 [main] DEBUG o.s.b.f.s.DefaultListableBeanFactory - Creating shared instance of singleton bean 'persistenceExceptionTranslationPostProcessor'
2025-06-16 03:10:50 [main] DEBUG o.s.b.f.s.DefaultListableBeanFactory - Autowiring by type from bean name 'persistenceExceptionTranslationPostProcessor' via factory method to bean named 'environment'
2025-06-16 03:10:50 [main] DEBUG o.s.b.f.s.DefaultListableBeanFactory - Creating shared instance of singleton bean 'webServerFactoryCustomizerBeanPostProcessor'
2025-06-16 03:10:50 [main] DEBUG o.s.b.f.s.DefaultListableBeanFactory - Creating shared instance of singleton bean 'errorPageRegistrarBeanPostProcessor'
2025-06-16 03:10:50 [main] DEBUG o.s.b.f.s.DefaultListableBeanFactory - Creating shared instance of singleton bean 'healthEndpointGroupsBeanPostProcessor'
2025-06-16 03:10:50 [main] DEBUG o.s.b.f.s.DefaultListableBeanFactory - Creating shared instance of singleton bean 'org.springframework.transaction.config.internalTransactionAdvisor'
2025-06-16 03:10:50 [main] DEBUG o.s.b.f.s.DefaultListableBeanFactory - Creating shared instance of singleton bean 'org.springframework.transaction.annotation.ProxyTransactionManagementConfiguration'
2025-06-16 03:10:50 [main] DEBUG o.s.b.f.s.DefaultListableBeanFactory - Creating shared instance of singleton bean 'transactionAttributeSource'
2025-06-16 03:10:50 [main] DEBUG o.s.b.f.s.DefaultListableBeanFactory - Creating shared instance of singleton bean 'transactionInterceptor'
2025-06-16 03:10:50 [main] DEBUG o.s.b.f.s.DefaultListableBeanFactory - Autowiring by type from bean name 'transactionInterceptor' via factory method to bean named 'transactionAttributeSource'
2025-06-16 03:10:50 [main] DEBUG o.s.b.f.s.DefaultListableBeanFactory - Autowiring by type from bean name 'org.springframework.transaction.config.internalTransactionAdvisor' via factory method to bean named 'transactionAttributeSource'
2025-06-16 03:10:50 [main] DEBUG o.s.b.f.s.DefaultListableBeanFactory - Autowiring by type from bean name 'org.springframework.transaction.config.internalTransactionAdvisor' via factory method to bean named 'transactionInterceptor'
2025-06-16 03:10:50 [main] DEBUG o.s.b.f.s.DefaultListableBeanFactory - Creating shared instance of singleton bean 'meterRegistryPostProcessor'
2025-06-16 03:10:50 [main] DEBUG o.s.b.f.s.DefaultListableBeanFactory - Autowiring by type from bean name 'meterRegistryPostProcessor' via factory method to bean named 'org.springframework.boot.web.servlet.context.AnnotationConfigServletWebServerApplicationContext@455b6df1'
2025-06-16 03:10:50 [main] DEBUG o.s.b.f.s.DefaultListableBeanFactory - Creating shared instance of singleton bean 'metricsRepositoryMethodInvocationListenerBeanPostProcessor'
2025-06-16 03:10:50 [main] DEBUG o.s.b.f.s.DefaultListableBeanFactory - Creating shared instance of singleton bean 'observationRegistryPostProcessor'
2025-06-16 03:10:50 [main] DEBUG o.s.b.f.s.DefaultListableBeanFactory - Creating shared instance of singleton bean 'projectingArgumentResolverBeanPostProcessor'
2025-06-16 03:10:50 [main] DEBUG o.s.u.c.s.UiApplicationContextUtils - Unable to locate ThemeSource with name 'themeSource': using default [org.springframework.ui.context.support.ResourceBundleThemeSource@6680f714]
2025-06-16 03:10:50 [main] DEBUG o.s.b.f.s.DefaultListableBeanFactory - Creating shared instance of singleton bean 'tomcatServletWebServerFactory'
2025-06-16 03:10:50 [main] DEBUG o.s.b.f.s.DefaultListableBeanFactory - Creating shared instance of singleton bean 'org.springframework.boot.autoconfigure.web.servlet.ServletWebServerFactoryConfiguration$EmbeddedTomcat'
2025-06-16 03:10:50 [main] DEBUG o.s.b.f.s.DefaultListableBeanFactory - Creating shared instance of singleton bean 'websocketServletWebServerCustomizer'
2025-06-16 03:10:50 [main] DEBUG o.s.b.f.s.DefaultListableBeanFactory - Creating shared instance of singleton bean 'org.springframework.boot.autoconfigure.websocket.servlet.WebSocketServletAutoConfiguration$TomcatWebSocketConfiguration'
2025-06-16 03:10:50 [main] DEBUG o.s.b.f.s.DefaultListableBeanFactory - Creating shared instance of singleton bean 'servletWebServerFactoryCustomizer'
2025-06-16 03:10:50 [main] DEBUG o.s.b.f.s.DefaultListableBeanFactory - Creating shared instance of singleton bean 'org.springframework.boot.autoconfigure.web.servlet.ServletWebServerFactoryAutoConfiguration'
2025-06-16 03:10:50 [main] DEBUG o.s.b.f.s.DefaultListableBeanFactory - Creating shared instance of singleton bean 'server-org.springframework.boot.autoconfigure.web.ServerProperties'
2025-06-16 03:10:50 [main] DEBUG o.s.b.f.s.DefaultListableBeanFactory - Creating shared instance of singleton bean 'org.springframework.boot.context.properties.BoundConfigurationProperties'
2025-06-16 03:10:50 [main] DEBUG o.s.b.f.s.DefaultListableBeanFactory - Autowiring by type from bean name 'servletWebServerFactoryCustomizer' via factory method to bean named 'server-org.springframework.boot.autoconfigure.web.ServerProperties'
2025-06-16 03:10:50 [main] DEBUG o.s.b.f.s.DefaultListableBeanFactory - Creating shared instance of singleton bean 'sslBundleRegistry'
2025-06-16 03:10:50 [main] DEBUG o.s.b.f.s.DefaultListableBeanFactory - Creating shared instance of singleton bean 'org.springframework.boot.autoconfigure.ssl.SslAutoConfiguration'
2025-06-16 03:10:50 [main] DEBUG o.s.b.f.s.DefaultListableBeanFactory - Creating shared instance of singleton bean 'spring.ssl-org.springframework.boot.autoconfigure.ssl.SslProperties'
2025-06-16 03:10:50 [main] DEBUG o.s.b.f.s.DefaultListableBeanFactory - Autowiring by type from bean name 'org.springframework.boot.autoconfigure.ssl.SslAutoConfiguration' via constructor to bean named 'org.springframework.boot.web.servlet.context.AnnotationConfigServletWebServerApplicationContext@455b6df1'
2025-06-16 03:10:50 [main] DEBUG o.s.b.f.s.DefaultListableBeanFactory - Autowiring by type from bean name 'org.springframework.boot.autoconfigure.ssl.SslAutoConfiguration' via constructor to bean named 'spring.ssl-org.springframework.boot.autoconfigure.ssl.SslProperties'
2025-06-16 03:10:50 [main] DEBUG o.s.b.f.s.DefaultListableBeanFactory - Creating shared instance of singleton bean 'sslPropertiesSslBundleRegistrar'
2025-06-16 03:10:50 [main] DEBUG o.s.b.f.s.DefaultListableBeanFactory - Creating shared instance of singleton bean 'fileWatcher'
2025-06-16 03:10:50 [main] DEBUG o.s.b.f.s.DefaultListableBeanFactory - Autowiring by type from bean name 'sslPropertiesSslBundleRegistrar' via factory method to bean named 'fileWatcher'
2025-06-16 03:10:50 [main] DEBUG o.s.b.f.s.DefaultListableBeanFactory - Creating shared instance of singleton bean 'tomcatServletWebServerFactoryCustomizer'
2025-06-16 03:10:50 [main] DEBUG o.s.b.f.s.DefaultListableBeanFactory - Autowiring by type from bean name 'tomcatServletWebServerFactoryCustomizer' via factory method to bean named 'server-org.springframework.boot.autoconfigure.web.ServerProperties'
2025-06-16 03:10:50 [main] DEBUG o.s.b.f.s.DefaultListableBeanFactory - Creating shared instance of singleton bean 'tomcatWebServerFactoryCustomizer'
2025-06-16 03:10:50 [main] DEBUG o.s.b.f.s.DefaultListableBeanFactory - Creating shared instance of singleton bean 'org.springframework.boot.autoconfigure.web.embedded.EmbeddedWebServerFactoryCustomizerAutoConfiguration$TomcatWebServerFactoryCustomizerConfiguration'
2025-06-16 03:10:50 [main] DEBUG o.s.b.f.s.DefaultListableBeanFactory - Autowiring by type from bean name 'tomcatWebServerFactoryCustomizer' via factory method to bean named 'environment'
2025-06-16 03:10:50 [main] DEBUG o.s.b.f.s.DefaultListableBeanFactory - Autowiring by type from bean name 'tomcatWebServerFactoryCustomizer' via factory method to bean named 'server-org.springframework.boot.autoconfigure.web.ServerProperties'
2025-06-16 03:10:50 [main] DEBUG o.s.b.f.s.DefaultListableBeanFactory - Creating shared instance of singleton bean 'localeCharsetMappingsCustomizer'
2025-06-16 03:10:50 [main] DEBUG o.s.b.f.s.DefaultListableBeanFactory - Creating shared instance of singleton bean 'org.springframework.boot.autoconfigure.web.servlet.HttpEncodingAutoConfiguration'
2025-06-16 03:10:50 [main] DEBUG o.s.b.f.s.DefaultListableBeanFactory - Autowiring by type from bean name 'org.springframework.boot.autoconfigure.web.servlet.HttpEncodingAutoConfiguration' via constructor to bean named 'server-org.springframework.boot.autoconfigure.web.ServerProperties'
2025-06-16 03:10:50 [main] DEBUG o.s.b.f.s.DefaultListableBeanFactory - Creating shared instance of singleton bean 'errorPageCustomizer'
2025-06-16 03:10:50 [main] DEBUG o.s.b.f.s.DefaultListableBeanFactory - Creating shared instance of singleton bean 'org.springframework.boot.autoconfigure.web.servlet.error.ErrorMvcAutoConfiguration'
2025-06-16 03:10:50 [main] DEBUG o.s.b.f.s.DefaultListableBeanFactory - Autowiring by type from bean name 'org.springframework.boot.autoconfigure.web.servlet.error.ErrorMvcAutoConfiguration' via constructor to bean named 'server-org.springframework.boot.autoconfigure.web.ServerProperties'
2025-06-16 03:10:50 [main] DEBUG o.s.b.f.s.DefaultListableBeanFactory - Creating shared instance of singleton bean 'dispatcherServletRegistration'
2025-06-16 03:10:50 [main] DEBUG o.s.b.f.s.DefaultListableBeanFactory - Creating shared instance of singleton bean 'org.springframework.boot.autoconfigure.web.servlet.DispatcherServletAutoConfiguration$DispatcherServletRegistrationConfiguration'
2025-06-16 03:10:50 [main] DEBUG o.s.b.f.s.DefaultListableBeanFactory - Creating shared instance of singleton bean 'dispatcherServlet'
2025-06-16 03:10:50 [main] DEBUG o.s.b.f.s.DefaultListableBeanFactory - Creating shared instance of singleton bean 'org.springframework.boot.autoconfigure.web.servlet.DispatcherServletAutoConfiguration$DispatcherServletConfiguration'
2025-06-16 03:10:50 [main] DEBUG o.s.b.f.s.DefaultListableBeanFactory - Creating shared instance of singleton bean 'spring.mvc-org.springframework.boot.autoconfigure.web.servlet.WebMvcProperties'
2025-06-16 03:10:50 [main] DEBUG o.s.b.f.s.DefaultListableBeanFactory - Autowiring by type from bean name 'dispatcherServlet' via factory method to bean named 'spring.mvc-org.springframework.boot.autoconfigure.web.servlet.WebMvcProperties'
2025-06-16 03:10:50 [main] DEBUG o.s.b.f.s.DefaultListableBeanFactory - Autowiring by type from bean name 'dispatcherServletRegistration' via factory method to bean named 'dispatcherServlet'
2025-06-16 03:10:50 [main] DEBUG o.s.b.f.s.DefaultListableBeanFactory - Autowiring by type from bean name 'dispatcherServletRegistration' via factory method to bean named 'spring.mvc-org.springframework.boot.autoconfigure.web.servlet.WebMvcProperties'
2025-06-16 03:10:50 [main] DEBUG o.s.b.f.s.DefaultListableBeanFactory - Creating shared instance of singleton bean 'multipartConfigElement'
2025-06-16 03:10:50 [main] DEBUG o.s.b.f.s.DefaultListableBeanFactory - Creating shared instance of singleton bean 'org.springframework.boot.autoconfigure.web.servlet.MultipartAutoConfiguration'
2025-06-16 03:10:50 [main] DEBUG o.s.b.f.s.DefaultListableBeanFactory - Creating shared instance of singleton bean 'spring.servlet.multipart-org.springframework.boot.autoconfigure.web.servlet.MultipartProperties'
2025-06-16 03:10:50 [main] DEBUG o.s.b.f.s.DefaultListableBeanFactory - Autowiring by type from bean name 'org.springframework.boot.autoconfigure.web.servlet.MultipartAutoConfiguration' via constructor to bean named 'spring.servlet.multipart-org.springframework.boot.autoconfigure.web.servlet.MultipartProperties'
2025-06-16 03:10:50 [main] DEBUG o.s.b.f.s.DefaultListableBeanFactory - Autowiring by type from bean name 'errorPageCustomizer' via factory method to bean named 'dispatcherServletRegistration'
2025-06-16 03:10:50 [main] DEBUG o.s.b.w.e.t.TomcatServletWebServerFactory - Code archive: C:\Users\pony\.m2\repository\org\springframework\boot\spring-boot\3.5.0\spring-boot-3.5.0.jar
2025-06-16 03:10:50 [main] DEBUG o.s.b.w.e.t.TomcatServletWebServerFactory - Code archive: C:\Users\pony\.m2\repository\org\springframework\boot\spring-boot\3.5.0\spring-boot-3.5.0.jar
2025-06-16 03:10:50 [main] DEBUG o.s.b.w.e.t.TomcatServletWebServerFactory - None of the document roots [src/main/webapp, public, static] point to a directory and will be ignored.
2025-06-16 03:10:50 [main] INFO  o.s.b.w.e.tomcat.TomcatWebServer - Tomcat initialized with port 8080 (http)
2025-06-16 03:10:50 [main] INFO  o.a.catalina.core.StandardService - Starting service [Tomcat]
2025-06-16 03:10:50 [main] INFO  o.a.catalina.core.StandardEngine - Starting Servlet engine: [Apache Tomcat/10.1.41]
2025-06-16 03:10:50 [main] INFO  o.a.c.c.C.[Tomcat].[localhost].[/] - Initializing Spring embedded WebApplicationContext
2025-06-16 03:10:50 [main] DEBUG o.s.b.w.s.c.ServletWebServerApplicationContext - Published root WebApplicationContext as ServletContext attribute with name [org.springframework.web.context.WebApplicationContext.ROOT]
2025-06-16 03:10:50 [main] INFO  o.s.b.w.s.c.ServletWebServerApplicationContext - Root WebApplicationContext: initialization completed in 1364 ms
2025-06-16 03:10:50 [main] DEBUG o.s.b.f.s.DefaultListableBeanFactory - Creating shared instance of singleton bean 'webMvcObservationFilter'
2025-06-16 03:10:50 [main] DEBUG o.s.b.f.s.DefaultListableBeanFactory - Creating shared instance of singleton bean 'org.springframework.boot.actuate.autoconfigure.observation.web.servlet.WebMvcObservationAutoConfiguration'
2025-06-16 03:10:50 [main] DEBUG o.s.b.f.s.DefaultListableBeanFactory - Creating shared instance of singleton bean 'observationRegistry'
2025-06-16 03:10:50 [main] DEBUG o.s.b.f.s.DefaultListableBeanFactory - Creating shared instance of singleton bean 'org.springframework.boot.actuate.autoconfigure.observation.ObservationAutoConfiguration'
2025-06-16 03:10:50 [main] DEBUG o.s.b.f.s.DefaultListableBeanFactory - Creating shared instance of singleton bean 'propertiesObservationFilter'
2025-06-16 03:10:50 [main] DEBUG o.s.b.f.s.DefaultListableBeanFactory - Creating shared instance of singleton bean 'management.observations-org.springframework.boot.actuate.autoconfigure.observation.ObservationProperties'
2025-06-16 03:10:50 [main] DEBUG o.s.b.f.s.DefaultListableBeanFactory - Autowiring by type from bean name 'propertiesObservationFilter' via factory method to bean named 'management.observations-org.springframework.boot.actuate.autoconfigure.observation.ObservationProperties'
2025-06-16 03:10:50 [main] DEBUG o.s.b.f.s.DefaultListableBeanFactory - Creating shared instance of singleton bean 'metricsObservationHandlerGrouping'
2025-06-16 03:10:50 [main] DEBUG o.s.b.f.s.DefaultListableBeanFactory - Creating shared instance of singleton bean 'org.springframework.boot.actuate.autoconfigure.observation.ObservationAutoConfiguration$OnlyMetricsConfiguration'
2025-06-16 03:10:50 [main] DEBUG o.s.b.f.s.DefaultListableBeanFactory - Creating shared instance of singleton bean 'defaultMeterObservationHandler'
2025-06-16 03:10:50 [main] DEBUG o.s.b.f.s.DefaultListableBeanFactory - Creating shared instance of singleton bean 'org.springframework.boot.actuate.autoconfigure.observation.ObservationAutoConfiguration$MeterObservationHandlerConfiguration$OnlyMetricsMeterObservationHandlerConfiguration'
2025-06-16 03:10:50 [main] DEBUG o.s.b.f.s.DefaultListableBeanFactory - Creating shared instance of singleton bean 'simpleMeterRegistry'
2025-06-16 03:10:50 [main] DEBUG o.s.b.f.s.DefaultListableBeanFactory - Creating shared instance of singleton bean 'org.springframework.boot.actuate.autoconfigure.metrics.export.simple.SimpleMetricsExportAutoConfiguration'
2025-06-16 03:10:50 [main] DEBUG o.s.b.f.s.DefaultListableBeanFactory - Creating shared instance of singleton bean 'simpleConfig'
2025-06-16 03:10:50 [main] DEBUG o.s.b.f.s.DefaultListableBeanFactory - Creating shared instance of singleton bean 'management.simple.metrics.export-org.springframework.boot.actuate.autoconfigure.metrics.export.simple.SimpleProperties'
2025-06-16 03:10:50 [main] DEBUG o.s.b.f.s.DefaultListableBeanFactory - Autowiring by type from bean name 'simpleConfig' via factory method to bean named 'management.simple.metrics.export-org.springframework.boot.actuate.autoconfigure.metrics.export.simple.SimpleProperties'
2025-06-16 03:10:50 [main] DEBUG o.s.b.f.s.DefaultListableBeanFactory - Creating shared instance of singleton bean 'micrometerClock'
2025-06-16 03:10:50 [main] DEBUG o.s.b.f.s.DefaultListableBeanFactory - Creating shared instance of singleton bean 'org.springframework.boot.actuate.autoconfigure.metrics.MetricsAutoConfiguration'
2025-06-16 03:10:50 [main] DEBUG o.s.b.f.s.DefaultListableBeanFactory - Autowiring by type from bean name 'simpleMeterRegistry' via factory method to bean named 'simpleConfig'
2025-06-16 03:10:50 [main] DEBUG o.s.b.f.s.DefaultListableBeanFactory - Autowiring by type from bean name 'simpleMeterRegistry' via factory method to bean named 'micrometerClock'
2025-06-16 03:10:50 [main] DEBUG o.s.b.f.s.DefaultListableBeanFactory - Creating shared instance of singleton bean 'propertiesMeterFilter'
2025-06-16 03:10:50 [main] DEBUG o.s.b.f.s.DefaultListableBeanFactory - Creating shared instance of singleton bean 'management.metrics-org.springframework.boot.actuate.autoconfigure.metrics.MetricsProperties'
2025-06-16 03:10:50 [main] DEBUG o.s.b.f.s.DefaultListableBeanFactory - Autowiring by type from bean name 'propertiesMeterFilter' via factory method to bean named 'management.metrics-org.springframework.boot.actuate.autoconfigure.metrics.MetricsProperties'
2025-06-16 03:10:50 [main] DEBUG o.s.b.f.s.DefaultListableBeanFactory - Creating shared instance of singleton bean 'metricsHttpClientUriTagFilter'
2025-06-16 03:10:50 [main] DEBUG o.s.b.f.s.DefaultListableBeanFactory - Creating shared instance of singleton bean 'org.springframework.boot.actuate.autoconfigure.observation.web.client.HttpClientObservationsAutoConfiguration$MeterFilterConfiguration'
2025-06-16 03:10:50 [main] DEBUG o.s.b.f.s.DefaultListableBeanFactory - Autowiring by type from bean name 'metricsHttpClientUriTagFilter' via factory method to bean named 'management.observations-org.springframework.boot.actuate.autoconfigure.observation.ObservationProperties'
2025-06-16 03:10:50 [main] DEBUG o.s.b.f.s.DefaultListableBeanFactory - Autowiring by type from bean name 'metricsHttpClientUriTagFilter' via factory method to bean named 'management.metrics-org.springframework.boot.actuate.autoconfigure.metrics.MetricsProperties'
2025-06-16 03:10:50 [main] DEBUG o.s.b.f.s.DefaultListableBeanFactory - Creating shared instance of singleton bean 'metricsHttpServerUriTagFilter'
2025-06-16 03:10:50 [main] DEBUG o.s.b.f.s.DefaultListableBeanFactory - Creating shared instance of singleton bean 'org.springframework.boot.actuate.autoconfigure.observation.web.servlet.WebMvcObservationAutoConfiguration$MeterFilterConfiguration'
2025-06-16 03:10:50 [main] DEBUG o.s.b.f.s.DefaultListableBeanFactory - Autowiring by type from bean name 'metricsHttpServerUriTagFilter' via factory method to bean named 'management.observations-org.springframework.boot.actuate.autoconfigure.observation.ObservationProperties'
2025-06-16 03:10:50 [main] DEBUG o.s.b.f.s.DefaultListableBeanFactory - Autowiring by type from bean name 'metricsHttpServerUriTagFilter' via factory method to bean named 'management.metrics-org.springframework.boot.actuate.autoconfigure.metrics.MetricsProperties'
2025-06-16 03:10:50 [main] DEBUG o.s.b.f.s.DefaultListableBeanFactory - Autowiring by type from bean name 'defaultMeterObservationHandler' via factory method to bean named 'simpleMeterRegistry'
2025-06-16 03:10:50 [main] DEBUG o.s.b.f.s.DefaultListableBeanFactory - Autowiring by type from bean name 'defaultMeterObservationHandler' via factory method to bean named 'management.observations-org.springframework.boot.actuate.autoconfigure.observation.ObservationProperties'
2025-06-16 03:10:50 [main] DEBUG o.s.b.f.s.DefaultListableBeanFactory - Autowiring by type from bean name 'webMvcObservationFilter' via factory method to bean named 'observationRegistry'
2025-06-16 03:10:50 [main] DEBUG o.s.b.f.s.DefaultListableBeanFactory - Autowiring by type from bean name 'webMvcObservationFilter' via factory method to bean named 'management.observations-org.springframework.boot.actuate.autoconfigure.observation.ObservationProperties'
2025-06-16 03:10:50 [main] DEBUG o.s.b.f.s.DefaultListableBeanFactory - Creating shared instance of singleton bean 'securityFilterChainRegistration'
2025-06-16 03:10:50 [main] DEBUG o.s.b.f.s.DefaultListableBeanFactory - Creating shared instance of singleton bean 'org.springframework.boot.autoconfigure.security.servlet.SecurityFilterAutoConfiguration'
2025-06-16 03:10:50 [main] DEBUG o.s.b.f.s.DefaultListableBeanFactory - Creating shared instance of singleton bean 'spring.security-org.springframework.boot.autoconfigure.security.SecurityProperties'
2025-06-16 03:10:50 [main] DEBUG o.s.b.f.s.DefaultListableBeanFactory - Autowiring by type from bean name 'securityFilterChainRegistration' via factory method to bean named 'spring.security-org.springframework.boot.autoconfigure.security.SecurityProperties'
2025-06-16 03:10:50 [main] DEBUG o.s.b.f.s.DefaultListableBeanFactory - Creating shared instance of singleton bean 'servletEndpointRegistrar'
2025-06-16 03:10:50 [main] DEBUG o.s.b.f.s.DefaultListableBeanFactory - Creating shared instance of singleton bean 'org.springframework.boot.actuate.autoconfigure.endpoint.web.ServletEndpointManagementContextConfiguration$WebMvcServletEndpointManagementContextConfiguration'
2025-06-16 03:10:50 [main] DEBUG o.s.b.f.s.DefaultListableBeanFactory - Creating shared instance of singleton bean 'management.endpoints.web-org.springframework.boot.actuate.autoconfigure.endpoint.web.WebEndpointProperties'
2025-06-16 03:10:50 [main] DEBUG o.s.b.f.s.DefaultListableBeanFactory - Creating shared instance of singleton bean 'servletEndpointDiscoverer'
2025-06-16 03:10:50 [main] DEBUG o.s.b.f.s.DefaultListableBeanFactory - Creating shared instance of singleton bean 'org.springframework.boot.actuate.autoconfigure.endpoint.web.WebEndpointAutoConfiguration$WebEndpointServletConfiguration'
2025-06-16 03:10:50 [main] DEBUG o.s.b.f.s.DefaultListableBeanFactory - Autowiring by type from bean name 'servletEndpointDiscoverer' via factory method to bean named 'org.springframework.boot.web.servlet.context.AnnotationConfigServletWebServerApplicationContext@455b6df1'
2025-06-16 03:10:50 [main] DEBUG o.s.b.f.s.DefaultListableBeanFactory - Creating shared instance of singleton bean 'webEndpointPathMapper'
2025-06-16 03:10:50 [main] DEBUG o.s.b.f.s.DefaultListableBeanFactory - Creating shared instance of singleton bean 'org.springframework.boot.actuate.autoconfigure.endpoint.web.WebEndpointAutoConfiguration'
2025-06-16 03:10:50 [main] DEBUG o.s.b.f.s.DefaultListableBeanFactory - Autowiring by type from bean name 'org.springframework.boot.actuate.autoconfigure.endpoint.web.WebEndpointAutoConfiguration' via constructor to bean named 'org.springframework.boot.web.servlet.context.AnnotationConfigServletWebServerApplicationContext@455b6df1'
2025-06-16 03:10:50 [main] DEBUG o.s.b.f.s.DefaultListableBeanFactory - Autowiring by type from bean name 'org.springframework.boot.actuate.autoconfigure.endpoint.web.WebEndpointAutoConfiguration' via constructor to bean named 'management.endpoints.web-org.springframework.boot.actuate.autoconfigure.endpoint.web.WebEndpointProperties'
2025-06-16 03:10:50 [main] DEBUG o.s.b.f.s.DefaultListableBeanFactory - Creating shared instance of singleton bean 'servletExposeExcludePropertyEndpointFilter'
2025-06-16 03:10:50 [main] DEBUG o.s.b.f.s.DefaultListableBeanFactory - Creating shared instance of singleton bean 'org.springframework.boot.actuate.autoconfigure.endpoint.web.ServletEndpointManagementContextConfiguration'
2025-06-16 03:10:50 [main] DEBUG o.s.b.f.s.DefaultListableBeanFactory - Autowiring by type from bean name 'servletExposeExcludePropertyEndpointFilter' via factory method to bean named 'management.endpoints.web-org.springframework.boot.actuate.autoconfigure.endpoint.web.WebEndpointProperties'
2025-06-16 03:10:50 [main] DEBUG o.s.b.f.s.DefaultListableBeanFactory - Creating shared instance of singleton bean 'propertiesEndpointAccessResolver'
2025-06-16 03:10:50 [main] DEBUG o.s.b.f.s.DefaultListableBeanFactory - Creating shared instance of singleton bean 'org.springframework.boot.actuate.autoconfigure.endpoint.EndpointAutoConfiguration'
2025-06-16 03:10:50 [main] DEBUG o.s.b.f.s.DefaultListableBeanFactory - Autowiring by type from bean name 'propertiesEndpointAccessResolver' via factory method to bean named 'environment'
2025-06-16 03:10:50 [main] DEBUG o.s.b.f.s.DefaultListableBeanFactory - Autowiring by type from bean name 'servletEndpointRegistrar' via factory method to bean named 'management.endpoints.web-org.springframework.boot.actuate.autoconfigure.endpoint.web.WebEndpointProperties'
2025-06-16 03:10:50 [main] DEBUG o.s.b.f.s.DefaultListableBeanFactory - Autowiring by type from bean name 'servletEndpointRegistrar' via factory method to bean named 'servletEndpointDiscoverer'
2025-06-16 03:10:50 [main] DEBUG o.s.b.f.s.DefaultListableBeanFactory - Autowiring by type from bean name 'servletEndpointRegistrar' via factory method to bean named 'dispatcherServletRegistration'
2025-06-16 03:10:50 [main] DEBUG o.s.b.f.s.DefaultListableBeanFactory - Autowiring by type from bean name 'servletEndpointRegistrar' via factory method to bean named 'propertiesEndpointAccessResolver'
2025-06-16 03:10:50 [main] DEBUG o.s.b.f.s.DefaultListableBeanFactory - Creating shared instance of singleton bean 'requestContextFilter'
2025-06-16 03:10:50 [main] DEBUG o.s.b.f.s.DefaultListableBeanFactory - Creating shared instance of singleton bean 'formContentFilter'
2025-06-16 03:10:50 [main] DEBUG o.s.b.f.s.DefaultListableBeanFactory - Creating shared instance of singleton bean 'org.springframework.boot.autoconfigure.web.servlet.WebMvcAutoConfiguration'
2025-06-16 03:10:50 [main] DEBUG o.s.b.f.s.DefaultListableBeanFactory - Creating shared instance of singleton bean 'characterEncodingFilter'
2025-06-16 03:10:50 [main] DEBUG o.s.b.w.s.ServletContextInitializerBeans - Mapping filters: webMvcObservationFilter urls=[/*] order=-2147483647, springSecurityFilterChain urls=[/*] order=-100, characterEncodingFilter urls=[/*] order=-2147483648, formContentFilter urls=[/*] order=-9900, requestContextFilter urls=[/*] order=-105
2025-06-16 03:10:50 [main] DEBUG o.s.b.w.s.ServletContextInitializerBeans - Mapping servlets: dispatcherServlet urls=[/]
2025-06-16 03:10:50 [main] DEBUG o.s.b.w.s.f.OrderedRequestContextFilter - Filter 'requestContextFilter' configured for use
2025-06-16 03:10:50 [main] DEBUG o.s.w.f.ServerHttpObservationFilter - Filter 'webMvcObservationFilter' configured for use
2025-06-16 03:10:50 [main] DEBUG o.s.b.w.s.f.OrderedCharacterEncodingFilter - Filter 'characterEncodingFilter' configured for use
2025-06-16 03:10:50 [main] DEBUG o.s.b.w.s.DelegatingFilterProxyRegistrationBean$1 - Filter 'springSecurityFilterChain' configured for use
2025-06-16 03:10:50 [main] DEBUG o.s.b.w.s.f.OrderedFormContentFilter - Filter 'formContentFilter' configured for use
2025-06-16 03:10:50 [main] DEBUG o.s.b.f.s.DefaultListableBeanFactory - Creating shared instance of singleton bean 'applicationTaskExecutor'
2025-06-16 03:10:50 [main] DEBUG o.s.b.f.s.DefaultListableBeanFactory - Creating shared instance of singleton bean 'org.springframework.boot.autoconfigure.task.TaskExecutorConfigurations$TaskExecutorConfiguration'
2025-06-16 03:10:50 [main] DEBUG o.s.b.f.s.DefaultListableBeanFactory - Creating shared instance of singleton bean 'threadPoolTaskExecutorBuilder'
2025-06-16 03:10:50 [main] DEBUG o.s.b.f.s.DefaultListableBeanFactory - Creating shared instance of singleton bean 'org.springframework.boot.autoconfigure.task.TaskExecutorConfigurations$ThreadPoolTaskExecutorBuilderConfiguration'
2025-06-16 03:10:50 [main] DEBUG o.s.b.f.s.DefaultListableBeanFactory - Creating shared instance of singleton bean 'spring.task.execution-org.springframework.boot.autoconfigure.task.TaskExecutionProperties'
2025-06-16 03:10:50 [main] DEBUG o.s.b.f.s.DefaultListableBeanFactory - Autowiring by type from bean name 'threadPoolTaskExecutorBuilder' via factory method to bean named 'spring.task.execution-org.springframework.boot.autoconfigure.task.TaskExecutionProperties'
2025-06-16 03:10:50 [main] DEBUG o.s.b.f.s.DefaultListableBeanFactory - Autowiring by type from bean name 'applicationTaskExecutor' via factory method to bean named 'threadPoolTaskExecutorBuilder'
2025-06-16 03:10:50 [main] DEBUG o.s.s.c.ThreadPoolTaskExecutor - Initializing ExecutorService 'applicationTaskExecutor'
2025-06-16 03:10:50 [main] DEBUG o.s.b.f.s.DefaultListableBeanFactory - Creating shared instance of singleton bean 'dataSourceScriptDatabaseInitializer'
2025-06-16 03:10:50 [main] DEBUG o.s.b.f.s.DefaultListableBeanFactory - Creating shared instance of singleton bean 'org.springframework.boot.autoconfigure.sql.init.DataSourceInitializationConfiguration'
2025-06-16 03:10:50 [main] DEBUG o.s.b.f.s.DefaultListableBeanFactory - Creating shared instance of singleton bean 'dataSource'
2025-06-16 03:10:50 [main] DEBUG o.s.b.f.s.DefaultListableBeanFactory - Creating shared instance of singleton bean 'org.springframework.boot.autoconfigure.jdbc.DataSourceConfiguration$Hikari'
2025-06-16 03:10:50 [main] DEBUG o.s.b.f.s.DefaultListableBeanFactory - Creating shared instance of singleton bean 'spring.datasource-org.springframework.boot.autoconfigure.jdbc.DataSourceProperties'
2025-06-16 03:10:50 [main] DEBUG o.s.b.f.s.DefaultListableBeanFactory - Creating shared instance of singleton bean 'jdbcConnectionDetails'
2025-06-16 03:10:50 [main] DEBUG o.s.b.f.s.DefaultListableBeanFactory - Creating shared instance of singleton bean 'org.springframework.boot.autoconfigure.jdbc.DataSourceAutoConfiguration$PooledDataSourceConfiguration'
2025-06-16 03:10:50 [main] DEBUG o.s.b.f.s.DefaultListableBeanFactory - Autowiring by type from bean name 'jdbcConnectionDetails' via factory method to bean named 'spring.datasource-org.springframework.boot.autoconfigure.jdbc.DataSourceProperties'
2025-06-16 03:10:50 [main] DEBUG o.s.b.f.s.DefaultListableBeanFactory - Autowiring by type from bean name 'dataSource' via factory method to bean named 'spring.datasource-org.springframework.boot.autoconfigure.jdbc.DataSourceProperties'
2025-06-16 03:10:50 [main] DEBUG o.s.b.f.s.DefaultListableBeanFactory - Autowiring by type from bean name 'dataSource' via factory method to bean named 'jdbcConnectionDetails'
2025-06-16 03:10:50 [main] DEBUG o.s.b.f.s.DefaultListableBeanFactory - Autowiring by type from bean name 'dataSource' via factory method to bean named 'environment'
2025-06-16 03:10:50 [main] DEBUG o.s.b.f.s.DefaultListableBeanFactory - Creating shared instance of singleton bean 'spring.sql.init-org.springframework.boot.autoconfigure.sql.init.SqlInitializationProperties'
2025-06-16 03:10:50 [main] DEBUG o.s.b.f.s.DefaultListableBeanFactory - Autowiring by type from bean name 'dataSourceScriptDatabaseInitializer' via factory method to bean named 'dataSource'
2025-06-16 03:10:50 [main] DEBUG o.s.b.f.s.DefaultListableBeanFactory - Autowiring by type from bean name 'dataSourceScriptDatabaseInitializer' via factory method to bean named 'spring.sql.init-org.springframework.boot.autoconfigure.sql.init.SqlInitializationProperties'
2025-06-16 03:10:50 [main] DEBUG o.s.b.f.s.DefaultListableBeanFactory - Creating shared instance of singleton bean 'entityManagerFactory'
2025-06-16 03:10:50 [main] DEBUG o.s.b.f.s.DefaultListableBeanFactory - Creating shared instance of singleton bean 'org.springframework.boot.autoconfigure.orm.jpa.HibernateJpaConfiguration'
2025-06-16 03:10:50 [main] DEBUG o.s.b.f.s.DefaultListableBeanFactory - Creating shared instance of singleton bean 'spring.jpa-org.springframework.boot.autoconfigure.orm.jpa.JpaProperties'
2025-06-16 03:10:50 [main] DEBUG o.s.b.f.s.DefaultListableBeanFactory - Creating shared instance of singleton bean 'spring.jpa.hibernate-org.springframework.boot.autoconfigure.orm.jpa.HibernateProperties'
2025-06-16 03:10:50 [main] DEBUG o.s.b.f.s.DefaultListableBeanFactory - Autowiring by type from bean name 'org.springframework.boot.autoconfigure.orm.jpa.HibernateJpaConfiguration' via constructor to bean named 'dataSource'
2025-06-16 03:10:50 [main] DEBUG o.s.b.f.s.DefaultListableBeanFactory - Autowiring by type from bean name 'org.springframework.boot.autoconfigure.orm.jpa.HibernateJpaConfiguration' via constructor to bean named 'spring.jpa-org.springframework.boot.autoconfigure.orm.jpa.JpaProperties'
2025-06-16 03:10:50 [main] DEBUG o.s.b.f.s.DefaultListableBeanFactory - Autowiring by type from bean name 'org.springframework.boot.autoconfigure.orm.jpa.HibernateJpaConfiguration' via constructor to bean named 'org.springframework.beans.factory.support.DefaultListableBeanFactory@7f6f61c8'
2025-06-16 03:10:50 [main] DEBUG o.s.b.f.s.DefaultListableBeanFactory - Autowiring by type from bean name 'org.springframework.boot.autoconfigure.orm.jpa.HibernateJpaConfiguration' via constructor to bean named 'spring.jpa.hibernate-org.springframework.boot.autoconfigure.orm.jpa.HibernateProperties'
2025-06-16 03:10:50 [main] DEBUG o.s.b.f.s.DefaultListableBeanFactory - Creating shared instance of singleton bean 'hikariPoolDataSourceMetadataProvider'
2025-06-16 03:10:50 [main] DEBUG o.s.b.f.s.DefaultListableBeanFactory - Creating shared instance of singleton bean 'org.springframework.boot.autoconfigure.jdbc.metadata.DataSourcePoolMetadataProvidersConfiguration$HikariPoolDataSourceMetadataProviderConfiguration'
2025-06-16 03:10:50 [main] DEBUG o.s.b.f.s.DefaultListableBeanFactory - Creating shared instance of singleton bean 'entityManagerFactoryBuilder'
2025-06-16 03:10:50 [main] DEBUG o.s.b.f.s.DefaultListableBeanFactory - Creating shared instance of singleton bean 'jpaVendorAdapter'
2025-06-16 03:10:50 [main] DEBUG o.s.b.f.s.DefaultListableBeanFactory - Autowiring by type from bean name 'entityManagerFactoryBuilder' via factory method to bean named 'jpaVendorAdapter'
2025-06-16 03:10:50 [main] DEBUG o.s.b.f.s.DefaultListableBeanFactory - Creating shared instance of singleton bean 'persistenceManagedTypes'
2025-06-16 03:10:50 [main] DEBUG o.s.b.f.s.DefaultListableBeanFactory - Autowiring by type from bean name 'persistenceManagedTypes' via factory method to bean named 'org.springframework.beans.factory.support.DefaultListableBeanFactory@7f6f61c8'
2025-06-16 03:10:50 [main] DEBUG o.s.b.f.s.DefaultListableBeanFactory - Autowiring by type from bean name 'persistenceManagedTypes' via factory method to bean named 'org.springframework.boot.web.servlet.context.AnnotationConfigServletWebServerApplicationContext@455b6df1'
2025-06-16 03:10:50 [main] DEBUG o.s.b.f.s.DefaultListableBeanFactory - Autowiring by type from bean name 'entityManagerFactory' via factory method to bean named 'entityManagerFactoryBuilder'
2025-06-16 03:10:50 [main] DEBUG o.s.b.f.s.DefaultListableBeanFactory - Autowiring by type from bean name 'entityManagerFactory' via factory method to bean named 'persistenceManagedTypes'
2025-06-16 03:10:50 [main] DEBUG o.s.o.j.LocalContainerEntityManagerFactoryBean - Building JPA container EntityManagerFactory for persistence unit 'default'
2025-06-16 03:10:50 [main] DEBUG o.h.jpa.internal.util.LogHelper - PersistenceUnitInfo [
	name: default
	persistence provider classname: null
	classloader: jdk.internal.loader.ClassLoaders$AppClassLoader@4aa298b7
	excludeUnlistedClasses: true
	JTA datasource: null
	Non JTA datasource: HikariDataSource (null)
	Transaction type: RESOURCE_LOCAL
	PU root URL: file:/D:/%e6%a1%8c%e9%9d%a2/FoodMAP/backend/demo/target/classes/
	Shared Cache Mode: UNSPECIFIED
	Validation Mode: AUTO
	Jar files URLs []
	Managed classes names [
		com.example.demo.entity.Favorite
		com.example.demo.entity.GoogleRestaurant
		com.example.demo.entity.User
		com.example.demo.entity.UserProfile]
	Mapping files names []
	Properties []
2025-06-16 03:10:50 [main] DEBUG o.h.i.internal.IntegratorServiceImpl - Adding Integrator [org.hibernate.boot.beanvalidation.BeanValidationIntegrator].
2025-06-16 03:10:50 [main] DEBUG o.h.i.internal.IntegratorServiceImpl - Adding Integrator [org.hibernate.cache.internal.CollectionCacheInvalidator].
2025-06-16 03:10:50 [main] INFO  org.hibernate.Version - HHH000412: Hibernate ORM core version 6.6.15.Final
2025-06-16 03:10:50 [main] DEBUG org.hibernate.cfg.Environment - HHH000206: 'hibernate.properties' not found
2025-06-16 03:10:50 [main] DEBUG org.hibernate.orm.idgen.factory - Registering IdentifierGenerator strategy [uuid2] -> [org.hibernate.id.UUIDGenerator]
2025-06-16 03:10:50 [main] DEBUG org.hibernate.orm.idgen.factory - Registering IdentifierGenerator strategy [guid] -> [org.hibernate.id.GUIDGenerator]
2025-06-16 03:10:50 [main] DEBUG org.hibernate.orm.idgen.factory - Registering IdentifierGenerator strategy [uuid] -> [org.hibernate.id.UUIDHexGenerator]
2025-06-16 03:10:50 [main] DEBUG org.hibernate.orm.idgen.factory - Registering IdentifierGenerator strategy [uuid.hex] -> [org.hibernate.id.UUIDHexGenerator]
2025-06-16 03:10:50 [main] DEBUG org.hibernate.orm.idgen.factory - Registering IdentifierGenerator strategy [assigned] -> [org.hibernate.id.Assigned]
2025-06-16 03:10:50 [main] DEBUG org.hibernate.orm.idgen.factory - Registering IdentifierGenerator strategy [identity] -> [org.hibernate.id.IdentityGenerator]
2025-06-16 03:10:50 [main] DEBUG org.hibernate.orm.idgen.factory - Registering IdentifierGenerator strategy [select] -> [org.hibernate.id.SelectGenerator]
2025-06-16 03:10:50 [main] DEBUG org.hibernate.orm.idgen.factory - Registering IdentifierGenerator strategy [sequence] -> [org.hibernate.id.enhanced.SequenceStyleGenerator]
2025-06-16 03:10:50 [main] DEBUG org.hibernate.orm.idgen.factory - Registering IdentifierGenerator strategy [increment] -> [org.hibernate.id.IncrementGenerator]
2025-06-16 03:10:50 [main] DEBUG org.hibernate.orm.idgen.factory - Registering IdentifierGenerator strategy [foreign] -> [org.hibernate.id.ForeignGenerator]
2025-06-16 03:10:50 [main] DEBUG org.hibernate.orm.idgen.factory - Registering IdentifierGenerator strategy [enhanced-sequence] -> [org.hibernate.id.enhanced.SequenceStyleGenerator]
2025-06-16 03:10:50 [main] DEBUG org.hibernate.orm.idgen.factory - Registering IdentifierGenerator strategy [enhanced-table] -> [org.hibernate.id.enhanced.TableGenerator]
2025-06-16 03:10:50 [main] DEBUG o.h.c.i.RegionFactoryInitiator - Cannot default RegionFactory based on registered strategies as `[]` RegionFactory strategies were registered
2025-06-16 03:10:50 [main] INFO  o.h.c.i.RegionFactoryInitiator - HHH000026: Second-level cache disabled
2025-06-16 03:10:50 [main] DEBUG o.hibernate.type.BasicTypeRegistry - Adding type registration boolean -> org.hibernate.type.BasicTypeReference@20b829d5
2025-06-16 03:10:50 [main] DEBUG o.hibernate.type.BasicTypeRegistry - Adding type registration boolean -> org.hibernate.type.BasicTypeReference@20b829d5
2025-06-16 03:10:50 [main] DEBUG o.hibernate.type.BasicTypeRegistry - Adding type registration java.lang.Boolean -> org.hibernate.type.BasicTypeReference@20b829d5
2025-06-16 03:10:50 [main] DEBUG o.hibernate.type.BasicTypeRegistry - Adding type registration numeric_boolean -> org.hibernate.type.BasicTypeReference@7c5f29c6
2025-06-16 03:10:50 [main] DEBUG o.hibernate.type.BasicTypeRegistry - Adding type registration org.hibernate.type.NumericBooleanConverter -> org.hibernate.type.BasicTypeReference@7c5f29c6
2025-06-16 03:10:50 [main] DEBUG o.hibernate.type.BasicTypeRegistry - Adding type registration true_false -> org.hibernate.type.BasicTypeReference@4baf997
2025-06-16 03:10:50 [main] DEBUG o.hibernate.type.BasicTypeRegistry - Adding type registration org.hibernate.type.TrueFalseConverter -> org.hibernate.type.BasicTypeReference@4baf997
2025-06-16 03:10:50 [main] DEBUG o.hibernate.type.BasicTypeRegistry - Adding type registration yes_no -> org.hibernate.type.BasicTypeReference@5280688
2025-06-16 03:10:50 [main] DEBUG o.hibernate.type.BasicTypeRegistry - Adding type registration org.hibernate.type.YesNoConverter -> org.hibernate.type.BasicTypeReference@5280688
2025-06-16 03:10:50 [main] DEBUG o.hibernate.type.BasicTypeRegistry - Adding type registration byte -> org.hibernate.type.BasicTypeReference@643f6179
2025-06-16 03:10:50 [main] DEBUG o.hibernate.type.BasicTypeRegistry - Adding type registration byte -> org.hibernate.type.BasicTypeReference@643f6179
2025-06-16 03:10:50 [main] DEBUG o.hibernate.type.BasicTypeRegistry - Adding type registration java.lang.Byte -> org.hibernate.type.BasicTypeReference@643f6179
2025-06-16 03:10:50 [main] DEBUG o.hibernate.type.BasicTypeRegistry - Adding type registration binary -> org.hibernate.type.BasicTypeReference@61ab6521
2025-06-16 03:10:50 [main] DEBUG o.hibernate.type.BasicTypeRegistry - Adding type registration byte[] -> org.hibernate.type.BasicTypeReference@61ab6521
2025-06-16 03:10:50 [main] DEBUG o.hibernate.type.BasicTypeRegistry - Adding type registration [B -> org.hibernate.type.BasicTypeReference@61ab6521
2025-06-16 03:10:50 [main] DEBUG o.hibernate.type.BasicTypeRegistry - Adding type registration binary_wrapper -> org.hibernate.type.BasicTypeReference@328e4ec2
2025-06-16 03:10:50 [main] DEBUG o.hibernate.type.BasicTypeRegistry - Adding type registration wrapper-binary -> org.hibernate.type.BasicTypeReference@328e4ec2
2025-06-16 03:10:50 [main] DEBUG o.hibernate.type.BasicTypeRegistry - Adding type registration image -> org.hibernate.type.BasicTypeReference@7757025d
2025-06-16 03:10:50 [main] DEBUG o.hibernate.type.BasicTypeRegistry - Adding type registration blob -> org.hibernate.type.BasicTypeReference@68fc9167
2025-06-16 03:10:50 [main] DEBUG o.hibernate.type.BasicTypeRegistry - Adding type registration java.sql.Blob -> org.hibernate.type.BasicTypeReference@68fc9167
2025-06-16 03:10:50 [main] DEBUG o.hibernate.type.BasicTypeRegistry - Adding type registration materialized_blob -> org.hibernate.type.BasicTypeReference@52c46334
2025-06-16 03:10:50 [main] DEBUG o.hibernate.type.BasicTypeRegistry - Adding type registration materialized_blob_wrapper -> org.hibernate.type.BasicTypeReference@12fccff0
2025-06-16 03:10:50 [main] DEBUG o.hibernate.type.BasicTypeRegistry - Adding type registration short -> org.hibernate.type.BasicTypeReference@5d767218
2025-06-16 03:10:50 [main] DEBUG o.hibernate.type.BasicTypeRegistry - Adding type registration short -> org.hibernate.type.BasicTypeReference@5d767218
2025-06-16 03:10:50 [main] DEBUG o.hibernate.type.BasicTypeRegistry - Adding type registration java.lang.Short -> org.hibernate.type.BasicTypeReference@5d767218
2025-06-16 03:10:50 [main] DEBUG o.hibernate.type.BasicTypeRegistry - Adding type registration integer -> org.hibernate.type.BasicTypeReference@510da778
2025-06-16 03:10:50 [main] DEBUG o.hibernate.type.BasicTypeRegistry - Adding type registration int -> org.hibernate.type.BasicTypeReference@510da778
2025-06-16 03:10:50 [main] DEBUG o.hibernate.type.BasicTypeRegistry - Adding type registration java.lang.Integer -> org.hibernate.type.BasicTypeReference@510da778
2025-06-16 03:10:50 [main] DEBUG o.hibernate.type.BasicTypeRegistry - Adding type registration long -> org.hibernate.type.BasicTypeReference@20a1b3ae
2025-06-16 03:10:50 [main] DEBUG o.hibernate.type.BasicTypeRegistry - Adding type registration long -> org.hibernate.type.BasicTypeReference@20a1b3ae
2025-06-16 03:10:50 [main] DEBUG o.hibernate.type.BasicTypeRegistry - Adding type registration java.lang.Long -> org.hibernate.type.BasicTypeReference@20a1b3ae
2025-06-16 03:10:50 [main] DEBUG o.hibernate.type.BasicTypeRegistry - Adding type registration float -> org.hibernate.type.BasicTypeReference@54567b05
2025-06-16 03:10:50 [main] DEBUG o.hibernate.type.BasicTypeRegistry - Adding type registration float -> org.hibernate.type.BasicTypeReference@54567b05
2025-06-16 03:10:50 [main] DEBUG o.hibernate.type.BasicTypeRegistry - Adding type registration java.lang.Float -> org.hibernate.type.BasicTypeReference@54567b05
2025-06-16 03:10:50 [main] DEBUG o.hibernate.type.BasicTypeRegistry - Adding type registration double -> org.hibernate.type.BasicTypeReference@3a5e2525
2025-06-16 03:10:50 [main] DEBUG o.hibernate.type.BasicTypeRegistry - Adding type registration double -> org.hibernate.type.BasicTypeReference@3a5e2525
2025-06-16 03:10:50 [main] DEBUG o.hibernate.type.BasicTypeRegistry - Adding type registration java.lang.Double -> org.hibernate.type.BasicTypeReference@3a5e2525
2025-06-16 03:10:50 [main] DEBUG o.hibernate.type.BasicTypeRegistry - Adding type registration big_integer -> org.hibernate.type.BasicTypeReference@6546371
2025-06-16 03:10:50 [main] DEBUG o.hibernate.type.BasicTypeRegistry - Adding type registration java.math.BigInteger -> org.hibernate.type.BasicTypeReference@6546371
2025-06-16 03:10:50 [main] DEBUG o.hibernate.type.BasicTypeRegistry - Adding type registration big_decimal -> org.hibernate.type.BasicTypeReference@2b458cd6
2025-06-16 03:10:50 [main] DEBUG o.hibernate.type.BasicTypeRegistry - Adding type registration java.math.BigDecimal -> org.hibernate.type.BasicTypeReference@2b458cd6
2025-06-16 03:10:50 [main] DEBUG o.hibernate.type.BasicTypeRegistry - Adding type registration character -> org.hibernate.type.BasicTypeReference@4c2c44e8
2025-06-16 03:10:50 [main] DEBUG o.hibernate.type.BasicTypeRegistry - Adding type registration char -> org.hibernate.type.BasicTypeReference@4c2c44e8
2025-06-16 03:10:50 [main] DEBUG o.hibernate.type.BasicTypeRegistry - Adding type registration java.lang.Character -> org.hibernate.type.BasicTypeReference@4c2c44e8
2025-06-16 03:10:50 [main] DEBUG o.hibernate.type.BasicTypeRegistry - Adding type registration character_nchar -> org.hibernate.type.BasicTypeReference@7103745
2025-06-16 03:10:50 [main] DEBUG o.hibernate.type.BasicTypeRegistry - Adding type registration string -> org.hibernate.type.BasicTypeReference@227a933d
2025-06-16 03:10:50 [main] DEBUG o.hibernate.type.BasicTypeRegistry - Adding type registration java.lang.String -> org.hibernate.type.BasicTypeReference@227a933d
2025-06-16 03:10:50 [main] DEBUG o.hibernate.type.BasicTypeRegistry - Adding type registration nstring -> org.hibernate.type.BasicTypeReference@25de8898
2025-06-16 03:10:50 [main] DEBUG o.hibernate.type.BasicTypeRegistry - Adding type registration characters -> org.hibernate.type.BasicTypeReference@bfb93cf
2025-06-16 03:10:50 [main] DEBUG o.hibernate.type.BasicTypeRegistry - Adding type registration char[] -> org.hibernate.type.BasicTypeReference@bfb93cf
2025-06-16 03:10:50 [main] DEBUG o.hibernate.type.BasicTypeRegistry - Adding type registration [C -> org.hibernate.type.BasicTypeReference@bfb93cf
2025-06-16 03:10:50 [main] DEBUG o.hibernate.type.BasicTypeRegistry - Adding type registration wrapper-characters -> org.hibernate.type.BasicTypeReference@dd737ea
2025-06-16 03:10:50 [main] DEBUG o.hibernate.type.BasicTypeRegistry - Adding type registration text -> org.hibernate.type.BasicTypeReference@7bc2ae16
2025-06-16 03:10:50 [main] DEBUG o.hibernate.type.BasicTypeRegistry - Adding type registration ntext -> org.hibernate.type.BasicTypeReference@2a0963be
2025-06-16 03:10:50 [main] DEBUG o.hibernate.type.BasicTypeRegistry - Adding type registration clob -> org.hibernate.type.BasicTypeReference@7d3bf8db
2025-06-16 03:10:50 [main] DEBUG o.hibernate.type.BasicTypeRegistry - Adding type registration java.sql.Clob -> org.hibernate.type.BasicTypeReference@7d3bf8db
2025-06-16 03:10:50 [main] DEBUG o.hibernate.type.BasicTypeRegistry - Adding type registration nclob -> org.hibernate.type.BasicTypeReference@49e7e8f1
2025-06-16 03:10:50 [main] DEBUG o.hibernate.type.BasicTypeRegistry - Adding type registration java.sql.NClob -> org.hibernate.type.BasicTypeReference@49e7e8f1
2025-06-16 03:10:50 [main] DEBUG o.hibernate.type.BasicTypeRegistry - Adding type registration materialized_clob -> org.hibernate.type.BasicTypeReference@27bb4dc5
2025-06-16 03:10:50 [main] DEBUG o.hibernate.type.BasicTypeRegistry - Adding type registration materialized_clob_char_array -> org.hibernate.type.BasicTypeReference@464ede1f
2025-06-16 03:10:50 [main] DEBUG o.hibernate.type.BasicTypeRegistry - Adding type registration materialized_clob_character_array -> org.hibernate.type.BasicTypeReference@64910b2d
2025-06-16 03:10:50 [main] DEBUG o.hibernate.type.BasicTypeRegistry - Adding type registration materialized_nclob -> org.hibernate.type.BasicTypeReference@1247c72e
2025-06-16 03:10:50 [main] DEBUG o.hibernate.type.BasicTypeRegistry - Adding type registration materialized_nclob_character_array -> org.hibernate.type.BasicTypeReference@6fef75c6
2025-06-16 03:10:50 [main] DEBUG o.hibernate.type.BasicTypeRegistry - Adding type registration materialized_nclob_char_array -> org.hibernate.type.BasicTypeReference@5f61e002
2025-06-16 03:10:50 [main] DEBUG o.hibernate.type.BasicTypeRegistry - Adding type registration Duration -> org.hibernate.type.BasicTypeReference@334540a0
2025-06-16 03:10:50 [main] DEBUG o.hibernate.type.BasicTypeRegistry - Adding type registration java.time.Duration -> org.hibernate.type.BasicTypeReference@334540a0
2025-06-16 03:10:50 [main] DEBUG o.hibernate.type.BasicTypeRegistry - Adding type registration LocalDateTime -> org.hibernate.type.BasicTypeReference@1f179f51
2025-06-16 03:10:50 [main] DEBUG o.hibernate.type.BasicTypeRegistry - Adding type registration java.time.LocalDateTime -> org.hibernate.type.BasicTypeReference@1f179f51
2025-06-16 03:10:50 [main] DEBUG o.hibernate.type.BasicTypeRegistry - Adding type registration LocalDate -> org.hibernate.type.BasicTypeReference@b428830
2025-06-16 03:10:50 [main] DEBUG o.hibernate.type.BasicTypeRegistry - Adding type registration java.time.LocalDate -> org.hibernate.type.BasicTypeReference@b428830
2025-06-16 03:10:50 [main] DEBUG o.hibernate.type.BasicTypeRegistry - Adding type registration LocalTime -> org.hibernate.type.BasicTypeReference@5b7308aa
2025-06-16 03:10:50 [main] DEBUG o.hibernate.type.BasicTypeRegistry - Adding type registration java.time.LocalTime -> org.hibernate.type.BasicTypeReference@5b7308aa
2025-06-16 03:10:50 [main] DEBUG o.hibernate.type.BasicTypeRegistry - Adding type registration OffsetDateTime -> org.hibernate.type.BasicTypeReference@42aa1324
2025-06-16 03:10:50 [main] DEBUG o.hibernate.type.BasicTypeRegistry - Adding type registration java.time.OffsetDateTime -> org.hibernate.type.BasicTypeReference@42aa1324
2025-06-16 03:10:50 [main] DEBUG o.hibernate.type.BasicTypeRegistry - Adding type registration OffsetDateTimeWithTimezone -> org.hibernate.type.BasicTypeReference@6164e137
2025-06-16 03:10:50 [main] DEBUG o.hibernate.type.BasicTypeRegistry - Adding type registration OffsetDateTimeWithoutTimezone -> org.hibernate.type.BasicTypeReference@7ef8e623
2025-06-16 03:10:50 [main] DEBUG o.hibernate.type.BasicTypeRegistry - Adding type registration OffsetTime -> org.hibernate.type.BasicTypeReference@3d8d970e
2025-06-16 03:10:50 [main] DEBUG o.hibernate.type.BasicTypeRegistry - Adding type registration java.time.OffsetTime -> org.hibernate.type.BasicTypeReference@3d8d970e
2025-06-16 03:10:50 [main] DEBUG o.hibernate.type.BasicTypeRegistry - Adding type registration OffsetTimeUtc -> org.hibernate.type.BasicTypeReference@2fac80a8
2025-06-16 03:10:50 [main] DEBUG o.hibernate.type.BasicTypeRegistry - Adding type registration OffsetTimeWithTimezone -> org.hibernate.type.BasicTypeReference@6987a133
2025-06-16 03:10:50 [main] DEBUG o.hibernate.type.BasicTypeRegistry - Adding type registration OffsetTimeWithoutTimezone -> org.hibernate.type.BasicTypeReference@50778bde
2025-06-16 03:10:50 [main] DEBUG o.hibernate.type.BasicTypeRegistry - Adding type registration ZonedDateTime -> org.hibernate.type.BasicTypeReference@1934339
2025-06-16 03:10:50 [main] DEBUG o.hibernate.type.BasicTypeRegistry - Adding type registration java.time.ZonedDateTime -> org.hibernate.type.BasicTypeReference@1934339
2025-06-16 03:10:50 [main] DEBUG o.hibernate.type.BasicTypeRegistry - Adding type registration ZonedDateTimeWithTimezone -> org.hibernate.type.BasicTypeReference@4af12a63
2025-06-16 03:10:50 [main] DEBUG o.hibernate.type.BasicTypeRegistry - Adding type registration ZonedDateTimeWithoutTimezone -> org.hibernate.type.BasicTypeReference@1eab8437
2025-06-16 03:10:50 [main] DEBUG o.hibernate.type.BasicTypeRegistry - Adding type registration date -> org.hibernate.type.BasicTypeReference@72eed547
2025-06-16 03:10:50 [main] DEBUG o.hibernate.type.BasicTypeRegistry - Adding type registration java.sql.Date -> org.hibernate.type.BasicTypeReference@72eed547
2025-06-16 03:10:50 [main] DEBUG o.hibernate.type.BasicTypeRegistry - Adding type registration time -> org.hibernate.type.BasicTypeReference@69ffdaa8
2025-06-16 03:10:50 [main] DEBUG o.hibernate.type.BasicTypeRegistry - Adding type registration java.sql.Time -> org.hibernate.type.BasicTypeReference@69ffdaa8
2025-06-16 03:10:50 [main] DEBUG o.hibernate.type.BasicTypeRegistry - Adding type registration timestamp -> org.hibernate.type.BasicTypeReference@2a1e57c6
2025-06-16 03:10:50 [main] DEBUG o.hibernate.type.BasicTypeRegistry - Adding type registration java.sql.Timestamp -> org.hibernate.type.BasicTypeReference@2a1e57c6
2025-06-16 03:10:50 [main] DEBUG o.hibernate.type.BasicTypeRegistry - Adding type registration java.util.Date -> org.hibernate.type.BasicTypeReference@2a1e57c6
2025-06-16 03:10:50 [main] DEBUG o.hibernate.type.BasicTypeRegistry - Adding type registration calendar -> org.hibernate.type.BasicTypeReference@68d6f48e
2025-06-16 03:10:50 [main] DEBUG o.hibernate.type.BasicTypeRegistry - Adding type registration java.util.Calendar -> org.hibernate.type.BasicTypeReference@68d6f48e
2025-06-16 03:10:50 [main] DEBUG o.hibernate.type.BasicTypeRegistry - Adding type registration java.util.GregorianCalendar -> org.hibernate.type.BasicTypeReference@68d6f48e
2025-06-16 03:10:50 [main] DEBUG o.hibernate.type.BasicTypeRegistry - Adding type registration calendar_date -> org.hibernate.type.BasicTypeReference@6c96403e
2025-06-16 03:10:50 [main] DEBUG o.hibernate.type.BasicTypeRegistry - Adding type registration calendar_time -> org.hibernate.type.BasicTypeReference@7babed9e
2025-06-16 03:10:50 [main] DEBUG o.hibernate.type.BasicTypeRegistry - Adding type registration instant -> org.hibernate.type.BasicTypeReference@2353354a
2025-06-16 03:10:50 [main] DEBUG o.hibernate.type.BasicTypeRegistry - Adding type registration java.time.Instant -> org.hibernate.type.BasicTypeReference@2353354a
2025-06-16 03:10:50 [main] DEBUG o.hibernate.type.BasicTypeRegistry - Adding type registration uuid -> org.hibernate.type.BasicTypeReference@7c7ed72a
2025-06-16 03:10:50 [main] DEBUG o.hibernate.type.BasicTypeRegistry - Adding type registration java.util.UUID -> org.hibernate.type.BasicTypeReference@7c7ed72a
2025-06-16 03:10:50 [main] DEBUG o.hibernate.type.BasicTypeRegistry - Adding type registration pg-uuid -> org.hibernate.type.BasicTypeReference@7c7ed72a
2025-06-16 03:10:50 [main] DEBUG o.hibernate.type.BasicTypeRegistry - Adding type registration uuid-binary -> org.hibernate.type.BasicTypeReference@22b7ef2b
2025-06-16 03:10:50 [main] DEBUG o.hibernate.type.BasicTypeRegistry - Adding type registration uuid-char -> org.hibernate.type.BasicTypeReference@6d421fe
2025-06-16 03:10:50 [main] DEBUG o.hibernate.type.BasicTypeRegistry - Adding type registration class -> org.hibernate.type.BasicTypeReference@3c17bd0b
2025-06-16 03:10:50 [main] DEBUG o.hibernate.type.BasicTypeRegistry - Adding type registration java.lang.Class -> org.hibernate.type.BasicTypeReference@3c17bd0b
2025-06-16 03:10:50 [main] DEBUG o.hibernate.type.BasicTypeRegistry - Adding type registration currency -> org.hibernate.type.BasicTypeReference@36dafa24
2025-06-16 03:10:50 [main] DEBUG o.hibernate.type.BasicTypeRegistry - Adding type registration Currency -> org.hibernate.type.BasicTypeReference@36dafa24
2025-06-16 03:10:50 [main] DEBUG o.hibernate.type.BasicTypeRegistry - Adding type registration java.util.Currency -> org.hibernate.type.BasicTypeReference@36dafa24
2025-06-16 03:10:50 [main] DEBUG o.hibernate.type.BasicTypeRegistry - Adding type registration locale -> org.hibernate.type.BasicTypeReference@c758a2d
2025-06-16 03:10:50 [main] DEBUG o.hibernate.type.BasicTypeRegistry - Adding type registration java.util.Locale -> org.hibernate.type.BasicTypeReference@c758a2d
2025-06-16 03:10:50 [main] DEBUG o.hibernate.type.BasicTypeRegistry - Adding type registration serializable -> org.hibernate.type.BasicTypeReference@d0b814d
2025-06-16 03:10:50 [main] DEBUG o.hibernate.type.BasicTypeRegistry - Adding type registration java.io.Serializable -> org.hibernate.type.BasicTypeReference@d0b814d
2025-06-16 03:10:50 [main] DEBUG o.hibernate.type.BasicTypeRegistry - Adding type registration timezone -> org.hibernate.type.BasicTypeReference@6ce15112
2025-06-16 03:10:50 [main] DEBUG o.hibernate.type.BasicTypeRegistry - Adding type registration java.util.TimeZone -> org.hibernate.type.BasicTypeReference@6ce15112
2025-06-16 03:10:50 [main] DEBUG o.hibernate.type.BasicTypeRegistry - Adding type registration ZoneOffset -> org.hibernate.type.BasicTypeReference@ba4f370
2025-06-16 03:10:50 [main] DEBUG o.hibernate.type.BasicTypeRegistry - Adding type registration java.time.ZoneOffset -> org.hibernate.type.BasicTypeReference@ba4f370
2025-06-16 03:10:50 [main] DEBUG o.hibernate.type.BasicTypeRegistry - Adding type registration url -> org.hibernate.type.BasicTypeReference@2ba024cb
2025-06-16 03:10:50 [main] DEBUG o.hibernate.type.BasicTypeRegistry - Adding type registration java.net.URL -> org.hibernate.type.BasicTypeReference@2ba024cb
2025-06-16 03:10:50 [main] DEBUG o.hibernate.type.BasicTypeRegistry - Adding type registration vector -> org.hibernate.type.BasicTypeReference@7af0d91b
2025-06-16 03:10:50 [main] DEBUG o.hibernate.type.BasicTypeRegistry - Adding type registration float_vector -> org.hibernate.type.BasicTypeReference@1c7f6e96
2025-06-16 03:10:50 [main] DEBUG o.hibernate.type.BasicTypeRegistry - Adding type registration double_vector -> org.hibernate.type.BasicTypeReference@30ec211a
2025-06-16 03:10:50 [main] DEBUG o.hibernate.type.BasicTypeRegistry - Adding type registration byte_vector -> org.hibernate.type.BasicTypeReference@1ac0cdb0
2025-06-16 03:10:50 [main] DEBUG o.hibernate.type.BasicTypeRegistry - Adding type registration row_version -> org.hibernate.type.BasicTypeReference@6684f7f2
2025-06-16 03:10:50 [main] DEBUG o.hibernate.type.BasicTypeRegistry - Adding type registration object -> org.hibernate.type.JavaObjectType@559d19c
2025-06-16 03:10:50 [main] DEBUG o.hibernate.type.BasicTypeRegistry - Adding type registration java.lang.Object -> org.hibernate.type.JavaObjectType@559d19c
2025-06-16 03:10:50 [main] DEBUG o.hibernate.type.BasicTypeRegistry - Adding type registration null -> org.hibernate.type.NullType@2262f0d8
2025-06-16 03:10:50 [main] DEBUG o.hibernate.type.BasicTypeRegistry - Adding type registration imm_date -> org.hibernate.type.BasicTypeReference@283a8ad6
2025-06-16 03:10:50 [main] DEBUG o.hibernate.type.BasicTypeRegistry - Adding type registration imm_time -> org.hibernate.type.BasicTypeReference@59e082f8
2025-06-16 03:10:50 [main] DEBUG o.hibernate.type.BasicTypeRegistry - Adding type registration imm_timestamp -> org.hibernate.type.BasicTypeReference@7185e611
2025-06-16 03:10:50 [main] DEBUG o.hibernate.type.BasicTypeRegistry - Adding type registration imm_calendar -> org.hibernate.type.BasicTypeReference@44d43cc9
2025-06-16 03:10:50 [main] DEBUG o.hibernate.type.BasicTypeRegistry - Adding type registration imm_calendar_date -> org.hibernate.type.BasicTypeReference@384472bf
2025-06-16 03:10:50 [main] DEBUG o.hibernate.type.BasicTypeRegistry - Adding type registration imm_calendar_time -> org.hibernate.type.BasicTypeReference@656ec00d
2025-06-16 03:10:50 [main] DEBUG o.hibernate.type.BasicTypeRegistry - Adding type registration imm_binary -> org.hibernate.type.BasicTypeReference@3b8507df
2025-06-16 03:10:50 [main] DEBUG o.hibernate.type.BasicTypeRegistry - Adding type registration imm_serializable -> org.hibernate.type.BasicTypeReference@5ed25612
2025-06-16 03:10:50 [main] DEBUG o.h.b.internal.BootstrapContextImpl - Injecting JPA temp ClassLoader [org.springframework.instrument.classloading.SimpleThrowawayClassLoader@351e89fc] into BootstrapContext; was [null]
2025-06-16 03:10:50 [main] DEBUG o.h.b.internal.ClassLoaderAccessImpl - ClassLoaderAccessImpl#injectTempClassLoader(org.springframework.instrument.classloading.SimpleThrowawayClassLoader@351e89fc) [was null]
2025-06-16 03:10:50 [main] DEBUG o.h.b.internal.BootstrapContextImpl - Injecting ScanEnvironment [org.hibernate.jpa.boot.internal.StandardJpaScanEnvironmentImpl@38bc5ac0] into BootstrapContext; was [null]
2025-06-16 03:10:50 [main] DEBUG o.h.b.internal.BootstrapContextImpl - Injecting ScanOptions [org.hibernate.boot.archive.scan.internal.StandardScanOptions@6ef037e4] into BootstrapContext; was [org.hibernate.boot.archive.scan.internal.StandardScanOptions@79d63a4f]
2025-06-16 03:10:50 [main] DEBUG o.h.j.b.i.PersistenceUnitInfoDescriptor - Pushing class transformers for PU named 'default' on loading classloader jdk.internal.loader.ClassLoaders$AppClassLoader@4aa298b7
2025-06-16 03:10:50 [main] INFO  o.s.o.j.p.SpringPersistenceUnitInfo - No LoadTimeWeaver setup: ignoring JPA class transformer
2025-06-16 03:10:50 [main] DEBUG o.h.b.internal.BootstrapContextImpl - Injecting JPA temp ClassLoader [null] into BootstrapContext; was [org.springframework.instrument.classloading.SimpleThrowawayClassLoader@351e89fc]
2025-06-16 03:10:50 [main] DEBUG o.h.b.internal.ClassLoaderAccessImpl - ClassLoaderAccessImpl#injectTempClassLoader(null) [was org.springframework.instrument.classloading.SimpleThrowawayClassLoader@351e89fc]
2025-06-16 03:10:50 [main] INFO  com.zaxxer.hikari.HikariDataSource - HikariPool-1 - Starting...
2025-06-16 03:10:52 [main] DEBUG o.h.e.jdbc.spi.SqlExceptionHelper - unable to obtain isolated JDBC connection [n/a]
java.sql.SQLException: Access denied for user 'teamuser1'@'localhost' (using password: YES)
	at com.mysql.cj.jdbc.exceptions.SQLError.createSQLException(SQLError.java:121)
	at com.mysql.cj.jdbc.exceptions.SQLExceptionsMapping.translateException(SQLExceptionsMapping.java:114)
	at com.mysql.cj.jdbc.ConnectionImpl.createNewIO(ConnectionImpl.java:837)
	at com.mysql.cj.jdbc.ConnectionImpl.<init>(ConnectionImpl.java:420)
	at com.mysql.cj.jdbc.ConnectionImpl.getInstance(ConnectionImpl.java:238)
	at com.mysql.cj.jdbc.NonRegisteringDriver.connect(NonRegisteringDriver.java:180)
	at com.zaxxer.hikari.util.DriverDataSource.getConnection(DriverDataSource.java:139)
	at com.zaxxer.hikari.pool.PoolBase.newConnection(PoolBase.java:368)
	at com.zaxxer.hikari.pool.PoolBase.newPoolEntry(PoolBase.java:205)
	at com.zaxxer.hikari.pool.HikariPool.createPoolEntry(HikariPool.java:483)
	at com.zaxxer.hikari.pool.HikariPool.checkFailFast(HikariPool.java:571)
	at com.zaxxer.hikari.pool.HikariPool.<init>(HikariPool.java:101)
	at com.zaxxer.hikari.HikariDataSource.getConnection(HikariDataSource.java:111)
	at org.hibernate.engine.jdbc.connections.internal.DatasourceConnectionProviderImpl.getConnection(DatasourceConnectionProviderImpl.java:126)
	at org.hibernate.engine.jdbc.env.internal.JdbcEnvironmentInitiator$ConnectionProviderJdbcConnectionAccess.obtainConnection(JdbcEnvironmentInitiator.java:483)
	at org.hibernate.resource.transaction.backend.jdbc.internal.JdbcIsolationDelegate.delegateWork(JdbcIsolationDelegate.java:61)
	at org.hibernate.engine.jdbc.env.internal.JdbcEnvironmentInitiator.getJdbcEnvironmentUsingJdbcMetadata(JdbcEnvironmentInitiator.java:336)
	at org.hibernate.engine.jdbc.env.internal.JdbcEnvironmentInitiator.initiateService(JdbcEnvironmentInitiator.java:129)
	at org.hibernate.engine.jdbc.env.internal.JdbcEnvironmentInitiator.initiateService(JdbcEnvironmentInitiator.java:81)
	at org.hibernate.boot.registry.internal.StandardServiceRegistryImpl.initiateService(StandardServiceRegistryImpl.java:130)
	at org.hibernate.service.internal.AbstractServiceRegistryImpl.createService(AbstractServiceRegistryImpl.java:263)
	at org.hibernate.service.internal.AbstractServiceRegistryImpl.initializeService(AbstractServiceRegistryImpl.java:238)
	at org.hibernate.service.internal.AbstractServiceRegistryImpl.getService(AbstractServiceRegistryImpl.java:215)
	at org.hibernate.boot.model.relational.Database.<init>(Database.java:45)
	at org.hibernate.boot.internal.InFlightMetadataCollectorImpl.getDatabase(InFlightMetadataCollectorImpl.java:226)
	at org.hibernate.boot.internal.InFlightMetadataCollectorImpl.<init>(InFlightMetadataCollectorImpl.java:194)
	at org.hibernate.boot.model.process.spi.MetadataBuildingProcess.complete(MetadataBuildingProcess.java:171)
	at org.hibernate.jpa.boot.internal.EntityManagerFactoryBuilderImpl.metadata(EntityManagerFactoryBuilderImpl.java:1442)
	at org.hibernate.jpa.boot.internal.EntityManagerFactoryBuilderImpl.build(EntityManagerFactoryBuilderImpl.java:1513)
	at org.springframework.orm.jpa.vendor.SpringHibernateJpaPersistenceProvider.createContainerEntityManagerFactory(SpringHibernateJpaPersistenceProvider.java:66)
	at org.springframework.orm.jpa.LocalContainerEntityManagerFactoryBean.createNativeEntityManagerFactory(LocalContainerEntityManagerFactoryBean.java:390)
	at org.springframework.orm.jpa.AbstractEntityManagerFactoryBean.buildNativeEntityManagerFactory(AbstractEntityManagerFactoryBean.java:419)
	at org.springframework.orm.jpa.AbstractEntityManagerFactoryBean.afterPropertiesSet(AbstractEntityManagerFactoryBean.java:400)
	at org.springframework.orm.jpa.LocalContainerEntityManagerFactoryBean.afterPropertiesSet(LocalContainerEntityManagerFactoryBean.java:366)
	at org.springframework.beans.factory.support.AbstractAutowireCapableBeanFactory.invokeInitMethods(AbstractAutowireCapableBeanFactory.java:1873)
	at org.springframework.beans.factory.support.AbstractAutowireCapableBeanFactory.initializeBean(AbstractAutowireCapableBeanFactory.java:1822)
	at org.springframework.beans.factory.support.AbstractAutowireCapableBeanFactory.doCreateBean(AbstractAutowireCapableBeanFactory.java:607)
	at org.springframework.beans.factory.support.AbstractAutowireCapableBeanFactory.createBean(AbstractAutowireCapableBeanFactory.java:529)
	at org.springframework.beans.factory.support.AbstractBeanFactory.lambda$doGetBean$0(AbstractBeanFactory.java:339)
	at org.springframework.beans.factory.support.DefaultSingletonBeanRegistry.getSingleton(DefaultSingletonBeanRegistry.java:373)
	at org.springframework.beans.factory.support.AbstractBeanFactory.doGetBean(AbstractBeanFactory.java:337)
	at org.springframework.beans.factory.support.AbstractBeanFactory.getBean(AbstractBeanFactory.java:207)
	at org.springframework.context.support.AbstractApplicationContext.finishBeanFactoryInitialization(AbstractApplicationContext.java:970)
	at org.springframework.context.support.AbstractApplicationContext.refresh(AbstractApplicationContext.java:627)
	at org.springframework.boot.web.servlet.context.ServletWebServerApplicationContext.refresh(ServletWebServerApplicationContext.java:146)
	at org.springframework.boot.SpringApplication.refresh(SpringApplication.java:753)
	at org.springframework.boot.SpringApplication.refreshContext(SpringApplication.java:439)
	at org.springframework.boot.SpringApplication.run(SpringApplication.java:318)
	at org.springframework.boot.SpringApplication.run(SpringApplication.java:1362)
	at org.springframework.boot.SpringApplication.run(SpringApplication.java:1351)
	at com.example.demo.DemoApplication.main(DemoApplication.java:10)
2025-06-16 03:10:52 [main] WARN  o.h.e.jdbc.spi.SqlExceptionHelper - SQL Error: 1045, SQLState: 28000
2025-06-16 03:10:52 [main] ERROR o.h.e.jdbc.spi.SqlExceptionHelper - Access denied for user 'teamuser1'@'localhost' (using password: YES)
2025-06-16 03:10:52 [main] WARN  o.h.e.j.e.i.JdbcEnvironmentInitiator - HHH000342: Could not obtain connection to query metadata
org.hibernate.exception.GenericJDBCException: unable to obtain isolated JDBC connection [Access denied for user 'teamuser1'@'localhost' (using password: YES)] [n/a]
	at org.hibernate.exception.internal.StandardSQLExceptionConverter.convert(StandardSQLExceptionConverter.java:63)
	at org.hibernate.engine.jdbc.spi.SqlExceptionHelper.convert(SqlExceptionHelper.java:108)
	at org.hibernate.engine.jdbc.spi.SqlExceptionHelper.convert(SqlExceptionHelper.java:94)
	at org.hibernate.resource.transaction.backend.jdbc.internal.JdbcIsolationDelegate.delegateWork(JdbcIsolationDelegate.java:116)
	at org.hibernate.engine.jdbc.env.internal.JdbcEnvironmentInitiator.getJdbcEnvironmentUsingJdbcMetadata(JdbcEnvironmentInitiator.java:336)
	at org.hibernate.engine.jdbc.env.internal.JdbcEnvironmentInitiator.initiateService(JdbcEnvironmentInitiator.java:129)
	at org.hibernate.engine.jdbc.env.internal.JdbcEnvironmentInitiator.initiateService(JdbcEnvironmentInitiator.java:81)
	at org.hibernate.boot.registry.internal.StandardServiceRegistryImpl.initiateService(StandardServiceRegistryImpl.java:130)
	at org.hibernate.service.internal.AbstractServiceRegistryImpl.createService(AbstractServiceRegistryImpl.java:263)
	at org.hibernate.service.internal.AbstractServiceRegistryImpl.initializeService(AbstractServiceRegistryImpl.java:238)
	at org.hibernate.service.internal.AbstractServiceRegistryImpl.getService(AbstractServiceRegistryImpl.java:215)
	at org.hibernate.boot.model.relational.Database.<init>(Database.java:45)
	at org.hibernate.boot.internal.InFlightMetadataCollectorImpl.getDatabase(InFlightMetadataCollectorImpl.java:226)
	at org.hibernate.boot.internal.InFlightMetadataCollectorImpl.<init>(InFlightMetadataCollectorImpl.java:194)
	at org.hibernate.boot.model.process.spi.MetadataBuildingProcess.complete(MetadataBuildingProcess.java:171)
	at org.hibernate.jpa.boot.internal.EntityManagerFactoryBuilderImpl.metadata(EntityManagerFactoryBuilderImpl.java:1442)
	at org.hibernate.jpa.boot.internal.EntityManagerFactoryBuilderImpl.build(EntityManagerFactoryBuilderImpl.java:1513)
	at org.springframework.orm.jpa.vendor.SpringHibernateJpaPersistenceProvider.createContainerEntityManagerFactory(SpringHibernateJpaPersistenceProvider.java:66)
	at org.springframework.orm.jpa.LocalContainerEntityManagerFactoryBean.createNativeEntityManagerFactory(LocalContainerEntityManagerFactoryBean.java:390)
	at org.springframework.orm.jpa.AbstractEntityManagerFactoryBean.buildNativeEntityManagerFactory(AbstractEntityManagerFactoryBean.java:419)
	at org.springframework.orm.jpa.AbstractEntityManagerFactoryBean.afterPropertiesSet(AbstractEntityManagerFactoryBean.java:400)
	at org.springframework.orm.jpa.LocalContainerEntityManagerFactoryBean.afterPropertiesSet(LocalContainerEntityManagerFactoryBean.java:366)
	at org.springframework.beans.factory.support.AbstractAutowireCapableBeanFactory.invokeInitMethods(AbstractAutowireCapableBeanFactory.java:1873)
	at org.springframework.beans.factory.support.AbstractAutowireCapableBeanFactory.initializeBean(AbstractAutowireCapableBeanFactory.java:1822)
	at org.springframework.beans.factory.support.AbstractAutowireCapableBeanFactory.doCreateBean(AbstractAutowireCapableBeanFactory.java:607)
	at org.springframework.beans.factory.support.AbstractAutowireCapableBeanFactory.createBean(AbstractAutowireCapableBeanFactory.java:529)
	at org.springframework.beans.factory.support.AbstractBeanFactory.lambda$doGetBean$0(AbstractBeanFactory.java:339)
	at org.springframework.beans.factory.support.DefaultSingletonBeanRegistry.getSingleton(DefaultSingletonBeanRegistry.java:373)
	at org.springframework.beans.factory.support.AbstractBeanFactory.doGetBean(AbstractBeanFactory.java:337)
	at org.springframework.beans.factory.support.AbstractBeanFactory.getBean(AbstractBeanFactory.java:207)
	at org.springframework.context.support.AbstractApplicationContext.finishBeanFactoryInitialization(AbstractApplicationContext.java:970)
	at org.springframework.context.support.AbstractApplicationContext.refresh(AbstractApplicationContext.java:627)
	at org.springframework.boot.web.servlet.context.ServletWebServerApplicationContext.refresh(ServletWebServerApplicationContext.java:146)
	at org.springframework.boot.SpringApplication.refresh(SpringApplication.java:753)
	at org.springframework.boot.SpringApplication.refreshContext(SpringApplication.java:439)
	at org.springframework.boot.SpringApplication.run(SpringApplication.java:318)
	at org.springframework.boot.SpringApplication.run(SpringApplication.java:1362)
	at org.springframework.boot.SpringApplication.run(SpringApplication.java:1351)
	at com.example.demo.DemoApplication.main(DemoApplication.java:10)
Caused by: java.sql.SQLException: Access denied for user 'teamuser1'@'localhost' (using password: YES)
	at com.mysql.cj.jdbc.exceptions.SQLError.createSQLException(SQLError.java:121)
	at com.mysql.cj.jdbc.exceptions.SQLExceptionsMapping.translateException(SQLExceptionsMapping.java:114)
	at com.mysql.cj.jdbc.ConnectionImpl.createNewIO(ConnectionImpl.java:837)
	at com.mysql.cj.jdbc.ConnectionImpl.<init>(ConnectionImpl.java:420)
	at com.mysql.cj.jdbc.ConnectionImpl.getInstance(ConnectionImpl.java:238)
	at com.mysql.cj.jdbc.NonRegisteringDriver.connect(NonRegisteringDriver.java:180)
	at com.zaxxer.hikari.util.DriverDataSource.getConnection(DriverDataSource.java:139)
	at com.zaxxer.hikari.pool.PoolBase.newConnection(PoolBase.java:368)
	at com.zaxxer.hikari.pool.PoolBase.newPoolEntry(PoolBase.java:205)
	at com.zaxxer.hikari.pool.HikariPool.createPoolEntry(HikariPool.java:483)
	at com.zaxxer.hikari.pool.HikariPool.checkFailFast(HikariPool.java:571)
	at com.zaxxer.hikari.pool.HikariPool.<init>(HikariPool.java:101)
	at com.zaxxer.hikari.HikariDataSource.getConnection(HikariDataSource.java:111)
	at org.hibernate.engine.jdbc.connections.internal.DatasourceConnectionProviderImpl.getConnection(DatasourceConnectionProviderImpl.java:126)
	at org.hibernate.engine.jdbc.env.internal.JdbcEnvironmentInitiator$ConnectionProviderJdbcConnectionAccess.obtainConnection(JdbcEnvironmentInitiator.java:483)
	at org.hibernate.resource.transaction.backend.jdbc.internal.JdbcIsolationDelegate.delegateWork(JdbcIsolationDelegate.java:61)
	... 35 common frames omitted
2025-06-16 03:10:52 [main] WARN  org.hibernate.orm.deprecation - HHH90000025: MySQL8Dialect does not need to be specified explicitly using 'hibernate.dialect' (remove the property setting and it will be selected by default)
2025-06-16 03:10:52 [main] DEBUG org.hibernate.orm.dialect - HHH035001: Using dialect: org.hibernate.dialect.MySQL8Dialect, version: 8.0
2025-06-16 03:10:52 [main] WARN  org.hibernate.orm.deprecation - HHH90000026: MySQL8Dialect has been deprecated; use org.hibernate.dialect.MySQLDialect instead
2025-06-16 03:10:52 [main] DEBUG o.h.e.j.e.s.IdentifierHelperBuilder - IdentifierCaseStrategy for both quoted and unquoted identifiers was set to the same strategy [MIXED]; that will likely lead to problems in schema update and validation if using quoted identifiers
2025-06-16 03:10:52 [main] DEBUG org.hibernate.orm.jdbc.lob - HHH10010002: Disabling contextual LOB creation as connection was null
2025-06-16 03:10:52 [main] INFO  o.hibernate.orm.connections.pooling - HHH10001005: Database info:
	Database JDBC URL [Connecting through datasource 'HikariDataSource (null)']
	Database driver: undefined/unknown
	Database version: 8.0
	Autocommit mode: undefined/unknown
	Isolation level: undefined/unknown
	Minimum pool size: undefined/unknown
	Maximum pool size: undefined/unknown
2025-06-16 03:10:52 [main] DEBUG o.h.t.d.sql.spi.DdlTypeRegistry - addDescriptor(12, org.hibernate.type.descriptor.sql.internal.CapacityDependentDdlType@5cbe72b9) replaced previous registration(org.hibernate.type.descriptor.sql.internal.CapacityDependentDdlType@27fc0217)
2025-06-16 03:10:52 [main] DEBUG o.h.t.d.sql.spi.DdlTypeRegistry - addDescriptor(-9, org.hibernate.type.descriptor.sql.internal.CapacityDependentDdlType@e993715) replaced previous registration(org.hibernate.type.descriptor.sql.internal.CapacityDependentDdlType@686e7513)
2025-06-16 03:10:52 [main] DEBUG o.h.t.d.sql.spi.DdlTypeRegistry - addDescriptor(-3, org.hibernate.type.descriptor.sql.internal.CapacityDependentDdlType@47eae91d) replaced previous registration(org.hibernate.type.descriptor.sql.internal.CapacityDependentDdlType@c1a74d)
2025-06-16 03:10:52 [main] DEBUG o.h.t.d.sql.spi.DdlTypeRegistry - addDescriptor(4003, org.hibernate.type.descriptor.sql.internal.DdlTypeImpl@472719df) replaced previous registration(org.hibernate.type.descriptor.sql.internal.DdlTypeImpl@5cfa2ac5)
2025-06-16 03:10:52 [main] DEBUG o.h.t.d.sql.spi.DdlTypeRegistry - addDescriptor(4001, org.hibernate.type.descriptor.sql.internal.DdlTypeImpl@4cc89246) replaced previous registration(org.hibernate.type.descriptor.sql.internal.DdlTypeImpl@413eaf5d)
2025-06-16 03:10:52 [main] DEBUG o.h.t.d.sql.spi.DdlTypeRegistry - addDescriptor(4002, org.hibernate.type.descriptor.sql.internal.DdlTypeImpl@3e28af44) replaced previous registration(org.hibernate.type.descriptor.sql.internal.DdlTypeImpl@33891646)
2025-06-16 03:10:52 [main] DEBUG o.h.t.d.sql.spi.DdlTypeRegistry - addDescriptor(2004, org.hibernate.type.descriptor.sql.internal.CapacityDependentDdlType@3bdbf8d3) replaced previous registration(org.hibernate.type.descriptor.sql.internal.DdlTypeImpl@f2becb2)
2025-06-16 03:10:52 [main] DEBUG o.h.t.d.sql.spi.DdlTypeRegistry - addDescriptor(2005, org.hibernate.type.descriptor.sql.internal.CapacityDependentDdlType@7482309c) replaced previous registration(org.hibernate.type.descriptor.sql.internal.DdlTypeImpl@f42336c)
2025-06-16 03:10:52 [main] DEBUG o.h.t.d.sql.spi.DdlTypeRegistry - addDescriptor(2011, org.hibernate.type.descriptor.sql.internal.CapacityDependentDdlType@6b3b4f37) replaced previous registration(org.hibernate.type.descriptor.sql.internal.DdlTypeImpl@3b25709e)
2025-06-16 03:10:52 [main] DEBUG o.h.t.d.jdbc.spi.JdbcTypeRegistry - addDescriptor(NCharTypeDescriptor) replaced previous registration(CharTypeDescriptor)
2025-06-16 03:10:52 [main] DEBUG o.h.t.d.jdbc.spi.JdbcTypeRegistry - addDescriptor(NVarcharTypeDescriptor) replaced previous registration(VarcharTypeDescriptor)
2025-06-16 03:10:52 [main] DEBUG o.h.t.d.jdbc.spi.JdbcTypeRegistry - addDescriptor(LongNVarcharTypeDescriptor) replaced previous registration(LongVarcharTypeDescriptor)
2025-06-16 03:10:52 [main] DEBUG o.h.t.d.jdbc.spi.JdbcTypeRegistry - addDescriptor(NClobTypeDescriptor(DEFAULT)) replaced previous registration(ClobTypeDescriptor(DEFAULT))
2025-06-16 03:10:52 [main] DEBUG o.hibernate.type.BasicTypeRegistry - Adding type registration null -> org.hibernate.type.NullType@3c3cd13a
2025-06-16 03:10:52 [main] DEBUG o.hibernate.type.BasicTypeRegistry - Type registration key [null] overrode previous entry : `org.hibernate.type.NullType@2262f0d8`
2025-06-16 03:10:52 [main] DEBUG o.hibernate.type.BasicTypeRegistry - Adding type registration org.hibernate.type.DurationType -> basicType@1(java.time.Duration,3015)
2025-06-16 03:10:52 [main] DEBUG o.hibernate.type.BasicTypeRegistry - Adding type registration Duration -> basicType@1(java.time.Duration,3015)
2025-06-16 03:10:52 [main] DEBUG o.hibernate.type.BasicTypeRegistry - Adding type registration java.time.Duration -> basicType@1(java.time.Duration,3015)
2025-06-16 03:10:52 [main] DEBUG o.hibernate.type.BasicTypeRegistry - Adding type registration org.hibernate.type.OffsetDateTimeType -> basicType@2(java.time.OffsetDateTime,3003)
2025-06-16 03:10:52 [main] DEBUG o.hibernate.type.BasicTypeRegistry - Adding type registration OffsetDateTime -> basicType@2(java.time.OffsetDateTime,3003)
2025-06-16 03:10:52 [main] DEBUG o.hibernate.type.BasicTypeRegistry - Adding type registration java.time.OffsetDateTime -> basicType@2(java.time.OffsetDateTime,3003)
2025-06-16 03:10:52 [main] DEBUG o.hibernate.type.BasicTypeRegistry - Adding type registration org.hibernate.type.ZonedDateTimeType -> basicType@3(java.time.ZonedDateTime,3003)
2025-06-16 03:10:52 [main] DEBUG o.hibernate.type.BasicTypeRegistry - Adding type registration ZonedDateTime -> basicType@3(java.time.ZonedDateTime,3003)
2025-06-16 03:10:52 [main] DEBUG o.hibernate.type.BasicTypeRegistry - Adding type registration java.time.ZonedDateTime -> basicType@3(java.time.ZonedDateTime,3003)
2025-06-16 03:10:52 [main] DEBUG o.hibernate.type.BasicTypeRegistry - Adding type registration org.hibernate.type.OffsetTimeType -> basicType@4(java.time.OffsetTime,3007)
2025-06-16 03:10:52 [main] DEBUG o.hibernate.type.BasicTypeRegistry - Adding type registration OffsetTime -> basicType@4(java.time.OffsetTime,3007)
2025-06-16 03:10:52 [main] DEBUG o.hibernate.type.BasicTypeRegistry - Adding type registration java.time.OffsetTime -> basicType@4(java.time.OffsetTime,3007)
2025-06-16 03:10:52 [main] DEBUG o.h.type.spi.TypeConfiguration$Scope - Scoping TypeConfiguration [org.hibernate.type.spi.TypeConfiguration@6a9df5] to MetadataBuildingContext [org.hibernate.boot.internal.MetadataBuildingContextRootImpl@48f4f03e]
2025-06-16 03:10:52 [main] DEBUG o.h.boot.model.relational.Namespace - Created database namespace [logicalName=Name{catalog=null, schema=null}, physicalName=Name{catalog=null, schema=null}]
2025-06-16 03:10:52 [main] DEBUG o.h.boot.model.internal.EntityBinder - Binding entity from annotated class: com.example.demo.entity.Favorite
2025-06-16 03:10:52 [main] DEBUG o.h.boot.model.internal.EntityBinder - Import with entity name Favorite
2025-06-16 03:10:52 [main] DEBUG o.h.boot.model.internal.EntityBinder - Bind entity com.example.demo.entity.Favorite on table google_restaurants
2025-06-16 03:10:52 [main] DEBUG o.h.b.model.internal.AnnotatedColumn - Binding column: AnnotatedDiscriminatorColumn(column='DTYPE')
2025-06-16 03:10:52 [main] DEBUG o.h.b.model.internal.AnnotatedColumn - Binding column: AnnotatedColumn()
2025-06-16 03:10:52 [main] DEBUG o.h.b.internal.ClassLoaderAccessImpl - Not known whether passed class name [com.example.demo.entity.Favorite] is safe
2025-06-16 03:10:52 [main] DEBUG o.h.b.internal.ClassLoaderAccessImpl - No temp ClassLoader provided; using live ClassLoader for loading potentially unsafe class : com.example.demo.entity.Favorite
2025-06-16 03:10:52 [main] DEBUG o.h.b.model.internal.PropertyBinder - MetadataSourceProcessor property id with lazy=false
2025-06-16 03:10:52 [main] DEBUG o.h.b.m.i.AbstractPropertyHolder - Attempting to locate auto-apply AttributeConverter for property [com.example.demo.entity.Favorite:id]
2025-06-16 03:10:52 [main] DEBUG o.h.b.m.internal.BasicValueBinder - building BasicValue for id
2025-06-16 03:10:52 [main] DEBUG org.hibernate.mapping.BasicValue - Skipping column re-registration: google_restaurants.id
2025-06-16 03:10:52 [main] DEBUG o.h.b.model.internal.PropertyBinder - Building property id
2025-06-16 03:10:52 [main] DEBUG o.h.boot.model.internal.BinderHelper - #makeIdGenerator(BasicValue([Column(id)]), id, identity, , ...)
2025-06-16 03:10:52 [main] DEBUG o.h.b.model.internal.AnnotatedColumn - Binding column: AnnotatedColumn(column='json_raw')
2025-06-16 03:10:52 [main] DEBUG o.h.b.model.internal.PropertyBinder - MetadataSourceProcessor property jsonRaw with lazy=false
2025-06-16 03:10:52 [main] DEBUG o.h.b.m.i.AbstractPropertyHolder - Attempting to locate auto-apply AttributeConverter for property [com.example.demo.entity.Favorite:jsonRaw]
2025-06-16 03:10:52 [main] DEBUG o.h.b.m.internal.BasicValueBinder - building BasicValue for jsonRaw
2025-06-16 03:10:52 [main] DEBUG org.hibernate.mapping.BasicValue - Skipping column re-registration: google_restaurants.json_raw
2025-06-16 03:10:52 [main] DEBUG o.h.b.model.internal.PropertyBinder - Building property jsonRaw
2025-06-16 03:10:52 [main] DEBUG o.h.b.r.c.i.ClassLoaderServiceImpl - HHH000194: Package not found or no package-info.java: com.example.demo.entity
2025-06-16 03:10:52 [main] DEBUG o.h.boot.model.internal.EntityBinder - Binding entity from annotated class: com.example.demo.entity.GoogleRestaurant
2025-06-16 03:10:52 [main] DEBUG o.h.boot.model.internal.EntityBinder - Import with entity name GoogleRestaurant
2025-06-16 03:10:52 [main] DEBUG o.h.boot.model.internal.EntityBinder - Bind entity com.example.demo.entity.GoogleRestaurant on table google_restaurants
2025-06-16 03:10:52 [main] DEBUG o.h.b.model.internal.AnnotatedColumn - Binding column: AnnotatedDiscriminatorColumn(column='DTYPE')
2025-06-16 03:10:52 [main] DEBUG o.h.b.model.internal.AnnotatedColumn - Binding column: AnnotatedColumn()
2025-06-16 03:10:52 [main] DEBUG o.h.b.internal.ClassLoaderAccessImpl - Not known whether passed class name [com.example.demo.entity.GoogleRestaurant] is safe
2025-06-16 03:10:52 [main] DEBUG o.h.b.internal.ClassLoaderAccessImpl - No temp ClassLoader provided; using live ClassLoader for loading potentially unsafe class : com.example.demo.entity.GoogleRestaurant
2025-06-16 03:10:52 [main] DEBUG o.h.b.model.internal.PropertyBinder - MetadataSourceProcessor property id with lazy=false
2025-06-16 03:10:52 [main] DEBUG o.h.b.m.i.AbstractPropertyHolder - Attempting to locate auto-apply AttributeConverter for property [com.example.demo.entity.GoogleRestaurant:id]
2025-06-16 03:10:52 [main] DEBUG o.h.b.m.internal.BasicValueBinder - building BasicValue for id
2025-06-16 03:10:52 [main] DEBUG org.hibernate.mapping.BasicValue - Skipping column re-registration: google_restaurants.id
2025-06-16 03:10:52 [main] DEBUG o.h.b.model.internal.PropertyBinder - Building property id
2025-06-16 03:10:52 [main] DEBUG o.h.boot.model.internal.BinderHelper - #makeIdGenerator(BasicValue([Column(id)]), id, identity, , ...)
2025-06-16 03:10:52 [main] DEBUG o.h.b.r.c.i.ClassLoaderServiceImpl - HHH000194: Package not found or no package-info.java: com.example.demo.entity
2025-06-16 03:10:52 [main] DEBUG o.h.boot.model.internal.EntityBinder - Binding entity from annotated class: com.example.demo.entity.User
2025-06-16 03:10:52 [main] DEBUG o.h.boot.model.internal.EntityBinder - Import with entity name User
2025-06-16 03:10:52 [main] DEBUG o.h.boot.model.internal.EntityBinder - Bind entity com.example.demo.entity.User on table users
2025-06-16 03:10:52 [main] DEBUG o.h.b.model.internal.AnnotatedColumn - Binding column: AnnotatedDiscriminatorColumn(column='DTYPE')
2025-06-16 03:10:52 [main] DEBUG o.h.b.model.internal.AnnotatedColumn - Binding column: AnnotatedColumn()
2025-06-16 03:10:52 [main] DEBUG o.h.b.internal.ClassLoaderAccessImpl - Not known whether passed class name [com.example.demo.entity.User] is safe
2025-06-16 03:10:52 [main] DEBUG o.h.b.internal.ClassLoaderAccessImpl - No temp ClassLoader provided; using live ClassLoader for loading potentially unsafe class : com.example.demo.entity.User
2025-06-16 03:10:52 [main] DEBUG o.h.b.model.internal.PropertyBinder - MetadataSourceProcessor property id with lazy=false
2025-06-16 03:10:52 [main] DEBUG o.h.b.m.i.AbstractPropertyHolder - Attempting to locate auto-apply AttributeConverter for property [com.example.demo.entity.User:id]
2025-06-16 03:10:52 [main] DEBUG o.h.b.m.internal.BasicValueBinder - building BasicValue for id
2025-06-16 03:10:52 [main] DEBUG org.hibernate.mapping.BasicValue - Skipping column re-registration: users.id
2025-06-16 03:10:52 [main] DEBUG o.h.b.model.internal.PropertyBinder - Building property id
2025-06-16 03:10:52 [main] DEBUG o.h.boot.model.internal.BinderHelper - #makeIdGenerator(BasicValue([Column(id)]), id, identity, , ...)
2025-06-16 03:10:52 [main] DEBUG o.h.b.model.internal.AnnotatedColumn - Binding column: AnnotatedColumn(column='address')
2025-06-16 03:10:52 [main] DEBUG o.h.b.model.internal.PropertyBinder - MetadataSourceProcessor property address with lazy=false
2025-06-16 03:10:52 [main] DEBUG o.h.b.m.i.AbstractPropertyHolder - Attempting to locate auto-apply AttributeConverter for property [com.example.demo.entity.User:address]
2025-06-16 03:10:52 [main] DEBUG o.h.b.m.internal.BasicValueBinder - building BasicValue for address
2025-06-16 03:10:52 [main] DEBUG org.hibernate.mapping.BasicValue - Skipping column re-registration: users.address
2025-06-16 03:10:52 [main] DEBUG o.h.b.model.internal.PropertyBinder - Building property address
2025-06-16 03:10:52 [main] DEBUG o.h.b.model.internal.AnnotatedColumn - Binding column: AnnotatedColumn(column='avatar_url')
2025-06-16 03:10:52 [main] DEBUG o.h.b.model.internal.PropertyBinder - MetadataSourceProcessor property avatarUrl with lazy=false
2025-06-16 03:10:52 [main] DEBUG o.h.b.m.i.AbstractPropertyHolder - Attempting to locate auto-apply AttributeConverter for property [com.example.demo.entity.User:avatarUrl]
2025-06-16 03:10:52 [main] DEBUG o.h.b.m.internal.BasicValueBinder - building BasicValue for avatarUrl
2025-06-16 03:10:52 [main] DEBUG org.hibernate.mapping.BasicValue - Skipping column re-registration: users.avatar_url
2025-06-16 03:10:52 [main] DEBUG o.h.b.model.internal.PropertyBinder - Building property avatarUrl
2025-06-16 03:10:52 [main] DEBUG o.h.b.model.internal.AnnotatedColumn - Binding column: AnnotatedColumn(column='created_at')
2025-06-16 03:10:52 [main] DEBUG o.h.b.model.internal.PropertyBinder - MetadataSourceProcessor property createdAt with lazy=false
2025-06-16 03:10:52 [main] DEBUG o.h.b.m.i.AbstractPropertyHolder - Attempting to locate auto-apply AttributeConverter for property [com.example.demo.entity.User:createdAt]
2025-06-16 03:10:52 [main] DEBUG o.h.b.m.internal.BasicValueBinder - building BasicValue for createdAt
2025-06-16 03:10:52 [main] DEBUG org.hibernate.mapping.BasicValue - Skipping column re-registration: users.created_at
2025-06-16 03:10:52 [main] DEBUG o.h.b.model.internal.PropertyBinder - Building property createdAt
2025-06-16 03:10:52 [main] DEBUG o.h.b.model.internal.AnnotatedColumn - Binding column: AnnotatedColumn()
2025-06-16 03:10:52 [main] DEBUG o.h.b.model.internal.PropertyBinder - MetadataSourceProcessor property email with lazy=false
2025-06-16 03:10:52 [main] DEBUG o.h.b.m.i.AbstractPropertyHolder - Attempting to locate auto-apply AttributeConverter for property [com.example.demo.entity.User:email]
2025-06-16 03:10:52 [main] DEBUG o.h.b.m.internal.BasicValueBinder - building BasicValue for email
2025-06-16 03:10:52 [main] DEBUG org.hibernate.mapping.BasicValue - Skipping column re-registration: users.email
2025-06-16 03:10:52 [main] DEBUG o.h.b.model.internal.PropertyBinder - Building property email
2025-06-16 03:10:52 [main] DEBUG o.h.b.model.internal.AnnotatedColumn - Binding column: AnnotatedColumn(column='full_name')
2025-06-16 03:10:52 [main] DEBUG o.h.b.model.internal.PropertyBinder - MetadataSourceProcessor property fullName with lazy=false
2025-06-16 03:10:52 [main] DEBUG o.h.b.m.i.AbstractPropertyHolder - Attempting to locate auto-apply AttributeConverter for property [com.example.demo.entity.User:fullName]
2025-06-16 03:10:52 [main] DEBUG o.h.b.m.internal.BasicValueBinder - building BasicValue for fullName
2025-06-16 03:10:52 [main] DEBUG org.hibernate.mapping.BasicValue - Skipping column re-registration: users.full_name
2025-06-16 03:10:52 [main] DEBUG o.h.b.model.internal.PropertyBinder - Building property fullName
2025-06-16 03:10:52 [main] DEBUG o.h.b.model.internal.AnnotatedColumn - Binding column: AnnotatedColumn(column='password_hash')
2025-06-16 03:10:52 [main] DEBUG o.h.b.model.internal.PropertyBinder - MetadataSourceProcessor property passwordHash with lazy=false
2025-06-16 03:10:52 [main] DEBUG o.h.b.m.i.AbstractPropertyHolder - Attempting to locate auto-apply AttributeConverter for property [com.example.demo.entity.User:passwordHash]
2025-06-16 03:10:52 [main] DEBUG o.h.b.m.internal.BasicValueBinder - building BasicValue for passwordHash
2025-06-16 03:10:52 [main] DEBUG org.hibernate.mapping.BasicValue - Skipping column re-registration: users.password_hash
2025-06-16 03:10:52 [main] DEBUG o.h.b.model.internal.PropertyBinder - Building property passwordHash
2025-06-16 03:10:52 [main] DEBUG o.h.b.model.internal.AnnotatedColumn - Binding column: AnnotatedColumn(column='phone_number')
2025-06-16 03:10:52 [main] DEBUG o.h.b.model.internal.PropertyBinder - MetadataSourceProcessor property phoneNumber with lazy=false
2025-06-16 03:10:52 [main] DEBUG o.h.b.m.i.AbstractPropertyHolder - Attempting to locate auto-apply AttributeConverter for property [com.example.demo.entity.User:phoneNumber]
2025-06-16 03:10:52 [main] DEBUG o.h.b.m.internal.BasicValueBinder - building BasicValue for phoneNumber
2025-06-16 03:10:52 [main] DEBUG org.hibernate.mapping.BasicValue - Skipping column re-registration: users.phone_number
2025-06-16 03:10:52 [main] DEBUG o.h.b.model.internal.PropertyBinder - Building property phoneNumber
2025-06-16 03:10:52 [main] DEBUG o.h.b.model.internal.AnnotatedColumn - Binding column: AnnotatedColumn(column='updated_at')
2025-06-16 03:10:52 [main] DEBUG o.h.b.model.internal.PropertyBinder - MetadataSourceProcessor property updatedAt with lazy=false
2025-06-16 03:10:52 [main] DEBUG o.h.b.m.i.AbstractPropertyHolder - Attempting to locate auto-apply AttributeConverter for property [com.example.demo.entity.User:updatedAt]
2025-06-16 03:10:52 [main] DEBUG o.h.b.m.internal.BasicValueBinder - building BasicValue for updatedAt
2025-06-16 03:10:52 [main] DEBUG org.hibernate.mapping.BasicValue - Skipping column re-registration: users.updated_at
2025-06-16 03:10:52 [main] DEBUG o.h.b.model.internal.PropertyBinder - Building property updatedAt
2025-06-16 03:10:52 [main] DEBUG o.h.b.model.internal.AnnotatedColumn - Binding column: AnnotatedColumn()
2025-06-16 03:10:52 [main] DEBUG o.h.b.model.internal.PropertyBinder - MetadataSourceProcessor property username with lazy=false
2025-06-16 03:10:52 [main] DEBUG o.h.b.m.i.AbstractPropertyHolder - Attempting to locate auto-apply AttributeConverter for property [com.example.demo.entity.User:username]
2025-06-16 03:10:52 [main] DEBUG o.h.b.m.internal.BasicValueBinder - building BasicValue for username
2025-06-16 03:10:52 [main] DEBUG org.hibernate.mapping.BasicValue - Skipping column re-registration: users.username
2025-06-16 03:10:52 [main] DEBUG o.h.b.model.internal.PropertyBinder - Building property username
2025-06-16 03:10:52 [main] DEBUG o.h.b.r.c.i.ClassLoaderServiceImpl - HHH000194: Package not found or no package-info.java: com.example.demo.entity
2025-06-16 03:10:52 [main] DEBUG o.h.j.e.i.CallbackDefinitionResolverLegacyImpl - Adding onUpdate as PreUpdate callback for entity com.example.demo.entity.User
2025-06-16 03:10:52 [main] DEBUG o.h.j.e.i.CallbackDefinitionResolverLegacyImpl - Adding onCreate as PrePersist callback for entity com.example.demo.entity.User
2025-06-16 03:10:52 [main] DEBUG o.h.boot.model.internal.EntityBinder - Binding entity from annotated class: com.example.demo.entity.UserProfile
2025-06-16 03:10:52 [main] DEBUG o.h.boot.model.internal.EntityBinder - Import with entity name UserProfile
2025-06-16 03:10:52 [main] DEBUG o.h.boot.model.internal.EntityBinder - Bind entity com.example.demo.entity.UserProfile on table user_profiles
2025-06-16 03:10:52 [main] DEBUG o.h.b.model.internal.AnnotatedColumn - Binding column: AnnotatedDiscriminatorColumn(column='DTYPE')
2025-06-16 03:10:52 [main] DEBUG o.h.b.model.internal.AnnotatedColumn - Binding column: AnnotatedColumn(column='user_id')
2025-06-16 03:10:52 [main] DEBUG o.h.b.internal.ClassLoaderAccessImpl - Not known whether passed class name [com.example.demo.entity.UserProfile] is safe
2025-06-16 03:10:52 [main] DEBUG o.h.b.internal.ClassLoaderAccessImpl - No temp ClassLoader provided; using live ClassLoader for loading potentially unsafe class : com.example.demo.entity.UserProfile
2025-06-16 03:10:52 [main] DEBUG o.h.b.model.internal.AnnotatedColumn - Binding column: AnnotatedJoinColumn(column='user_id')
2025-06-16 03:10:52 [main] DEBUG o.h.b.model.internal.PropertyBinder - MetadataSourceProcessor property userId with lazy=false
2025-06-16 03:10:52 [main] DEBUG o.h.b.m.i.AbstractPropertyHolder - Attempting to locate auto-apply AttributeConverter for property [com.example.demo.entity.UserProfile:userId]
2025-06-16 03:10:52 [main] DEBUG o.h.b.m.internal.BasicValueBinder - building BasicValue for userId
2025-06-16 03:10:52 [main] DEBUG org.hibernate.mapping.BasicValue - Skipping column re-registration: user_profiles.user_id
2025-06-16 03:10:52 [main] DEBUG o.h.b.model.internal.PropertyBinder - Building property userId
2025-06-16 03:10:52 [main] DEBUG o.h.boot.model.internal.BinderHelper - #makeIdGenerator(BasicValue([Column(user_id)]), userId, foreign, Hibernate-local--foreign generator, ...)
2025-06-16 03:10:52 [main] DEBUG o.h.b.model.internal.AnnotatedColumn - Binding column: AnnotatedColumn()
2025-06-16 03:10:52 [main] DEBUG o.h.b.model.internal.PropertyBinder - MetadataSourceProcessor property address with lazy=false
2025-06-16 03:10:52 [main] DEBUG o.h.b.m.i.AbstractPropertyHolder - Attempting to locate auto-apply AttributeConverter for property [com.example.demo.entity.UserProfile:address]
2025-06-16 03:10:52 [main] DEBUG o.h.b.m.internal.BasicValueBinder - building BasicValue for address
2025-06-16 03:10:52 [main] DEBUG org.hibernate.mapping.BasicValue - Skipping column re-registration: user_profiles.address
2025-06-16 03:10:52 [main] DEBUG o.h.b.model.internal.PropertyBinder - Building property address
2025-06-16 03:10:52 [main] DEBUG o.h.b.model.internal.AnnotatedColumn - Binding column: AnnotatedColumn(column='avatar_url')
2025-06-16 03:10:52 [main] DEBUG o.h.b.model.internal.PropertyBinder - MetadataSourceProcessor property avatarUrl with lazy=false
2025-06-16 03:10:52 [main] DEBUG o.h.b.m.i.AbstractPropertyHolder - Attempting to locate auto-apply AttributeConverter for property [com.example.demo.entity.UserProfile:avatarUrl]
2025-06-16 03:10:52 [main] DEBUG o.h.b.m.internal.BasicValueBinder - building BasicValue for avatarUrl
2025-06-16 03:10:52 [main] DEBUG org.hibernate.mapping.BasicValue - Skipping column re-registration: user_profiles.avatar_url
2025-06-16 03:10:52 [main] DEBUG o.h.b.model.internal.PropertyBinder - Building property avatarUrl
2025-06-16 03:10:52 [main] DEBUG o.h.b.model.internal.AnnotatedColumn - Binding column: AnnotatedColumn()
2025-06-16 03:10:52 [main] DEBUG o.h.b.model.internal.PropertyBinder - MetadataSourceProcessor property bio with lazy=false
2025-06-16 03:10:52 [main] DEBUG o.h.b.m.i.AbstractPropertyHolder - Attempting to locate auto-apply AttributeConverter for property [com.example.demo.entity.UserProfile:bio]
2025-06-16 03:10:52 [main] DEBUG o.h.b.m.internal.BasicValueBinder - building BasicValue for bio
2025-06-16 03:10:52 [main] DEBUG org.hibernate.mapping.BasicValue - Skipping column re-registration: user_profiles.bio
2025-06-16 03:10:52 [main] DEBUG o.h.b.model.internal.PropertyBinder - Building property bio
2025-06-16 03:10:52 [main] DEBUG o.h.b.model.internal.AnnotatedColumn - Binding column: AnnotatedColumn(column='notification_settings')
2025-06-16 03:10:52 [main] DEBUG o.h.b.model.internal.PropertyBinder - MetadataSourceProcessor property notificationSettings with lazy=false
2025-06-16 03:10:52 [main] DEBUG o.h.b.m.i.AbstractPropertyHolder - Attempting to locate auto-apply AttributeConverter for property [com.example.demo.entity.UserProfile:notificationSettings]
2025-06-16 03:10:52 [main] DEBUG o.h.b.m.internal.BasicValueBinder - building BasicValue for notificationSettings
2025-06-16 03:10:52 [main] DEBUG org.hibernate.mapping.BasicValue - Skipping column re-registration: user_profiles.notification_settings
2025-06-16 03:10:52 [main] DEBUG o.h.b.model.internal.PropertyBinder - Building property notificationSettings
2025-06-16 03:10:52 [main] DEBUG o.h.b.model.internal.AnnotatedColumn - Binding column: AnnotatedColumn(column='privacy_settings')
2025-06-16 03:10:52 [main] DEBUG o.h.b.model.internal.PropertyBinder - MetadataSourceProcessor property privacySettings with lazy=false
2025-06-16 03:10:52 [main] DEBUG o.h.b.m.i.AbstractPropertyHolder - Attempting to locate auto-apply AttributeConverter for property [com.example.demo.entity.UserProfile:privacySettings]
2025-06-16 03:10:52 [main] DEBUG o.h.b.m.internal.BasicValueBinder - building BasicValue for privacySettings
2025-06-16 03:10:52 [main] DEBUG org.hibernate.mapping.BasicValue - Skipping column re-registration: user_profiles.privacy_settings
2025-06-16 03:10:52 [main] DEBUG o.h.b.model.internal.PropertyBinder - Building property privacySettings
2025-06-16 03:10:52 [main] DEBUG o.h.b.model.internal.AnnotatedColumn - Binding column: AnnotatedColumn(column='social_links')
2025-06-16 03:10:52 [main] DEBUG o.h.b.model.internal.PropertyBinder - MetadataSourceProcessor property socialLinks with lazy=false
2025-06-16 03:10:52 [main] DEBUG o.h.b.m.i.AbstractPropertyHolder - Attempting to locate auto-apply AttributeConverter for property [com.example.demo.entity.UserProfile:socialLinks]
2025-06-16 03:10:52 [main] DEBUG o.h.b.m.internal.BasicValueBinder - building BasicValue for socialLinks
2025-06-16 03:10:52 [main] DEBUG org.hibernate.mapping.BasicValue - Skipping column re-registration: user_profiles.social_links
2025-06-16 03:10:52 [main] DEBUG o.h.b.model.internal.PropertyBinder - Building property socialLinks
2025-06-16 03:10:52 [main] DEBUG o.h.b.model.internal.AnnotatedColumn - Binding column: AnnotatedJoinColumn(column='user_id')
2025-06-16 03:10:52 [main] DEBUG o.h.b.model.internal.AnnotatedColumn - Binding column: AnnotatedColumn()
2025-06-16 03:10:52 [main] DEBUG o.h.b.r.c.i.ClassLoaderServiceImpl - HHH000194: Package not found or no package-info.java: com.example.demo.entity
2025-06-16 03:10:52 [main] DEBUG o.h.b.m.internal.BasicValueBinder - Starting `BasicValueBinder#fillSimpleValue` for id
2025-06-16 03:10:52 [main] DEBUG o.h.b.m.internal.BasicValueBinder - Starting `BasicValueBinder#fillSimpleValue` for jsonRaw
2025-06-16 03:10:52 [main] DEBUG o.h.b.m.internal.BasicValueBinder - Starting `BasicValueBinder#fillSimpleValue` for id
2025-06-16 03:10:52 [main] DEBUG o.h.b.m.internal.BasicValueBinder - Starting `BasicValueBinder#fillSimpleValue` for id
2025-06-16 03:10:52 [main] DEBUG o.h.b.m.internal.BasicValueBinder - Starting `BasicValueBinder#fillSimpleValue` for address
2025-06-16 03:10:52 [main] DEBUG o.h.b.m.internal.BasicValueBinder - Starting `BasicValueBinder#fillSimpleValue` for avatarUrl
2025-06-16 03:10:52 [main] DEBUG o.h.b.m.internal.BasicValueBinder - Starting `BasicValueBinder#fillSimpleValue` for createdAt
2025-06-16 03:10:52 [main] DEBUG o.h.b.m.internal.BasicValueBinder - Starting `BasicValueBinder#fillSimpleValue` for email
2025-06-16 03:10:52 [main] DEBUG o.h.b.m.internal.BasicValueBinder - Starting `BasicValueBinder#fillSimpleValue` for fullName
2025-06-16 03:10:52 [main] DEBUG o.h.b.m.internal.BasicValueBinder - Starting `BasicValueBinder#fillSimpleValue` for passwordHash
2025-06-16 03:10:52 [main] DEBUG o.h.b.m.internal.BasicValueBinder - Starting `BasicValueBinder#fillSimpleValue` for phoneNumber
2025-06-16 03:10:52 [main] DEBUG o.h.b.m.internal.BasicValueBinder - Starting `BasicValueBinder#fillSimpleValue` for updatedAt
2025-06-16 03:10:52 [main] DEBUG o.h.b.m.internal.BasicValueBinder - Starting `BasicValueBinder#fillSimpleValue` for username
2025-06-16 03:10:52 [main] DEBUG o.h.b.m.internal.BasicValueBinder - Starting `BasicValueBinder#fillSimpleValue` for userId
2025-06-16 03:10:52 [main] DEBUG o.h.b.m.internal.BasicValueBinder - Starting `BasicValueBinder#fillSimpleValue` for address
2025-06-16 03:10:52 [main] DEBUG o.h.b.m.internal.BasicValueBinder - Starting `BasicValueBinder#fillSimpleValue` for avatarUrl
2025-06-16 03:10:52 [main] DEBUG o.h.b.m.internal.BasicValueBinder - Starting `BasicValueBinder#fillSimpleValue` for bio
2025-06-16 03:10:52 [main] DEBUG o.h.b.m.internal.BasicValueBinder - Starting `BasicValueBinder#fillSimpleValue` for notificationSettings
2025-06-16 03:10:52 [main] DEBUG o.h.b.m.internal.BasicValueBinder - Starting `BasicValueBinder#fillSimpleValue` for privacySettings
2025-06-16 03:10:52 [main] DEBUG o.h.b.m.internal.BasicValueBinder - Starting `BasicValueBinder#fillSimpleValue` for socialLinks
2025-06-16 03:10:52 [main] DEBUG org.hibernate.mapping.PrimaryKey - Forcing column [id] to be non-null as it is part of the primary key for table [google_restaurants]
2025-06-16 03:10:52 [main] DEBUG org.hibernate.mapping.PrimaryKey - Forcing column [id] to be non-null as it is part of the primary key for table [google_restaurants]
2025-06-16 03:10:52 [main] DEBUG org.hibernate.mapping.PrimaryKey - Forcing column [id] to be non-null as it is part of the primary key for table [users]
2025-06-16 03:10:52 [main] DEBUG org.hibernate.mapping.PrimaryKey - Forcing column [user_id] to be non-null as it is part of the primary key for table [user_profiles]
2025-06-16 03:10:52 [main] DEBUG o.h.b.model.internal.PropertyBinder - Building property user
2025-06-16 03:10:52 [main] DEBUG o.h.internal.SessionFactoryImpl - Building session factory
2025-06-16 03:10:52 [main] DEBUG o.h.s.i.SessionFactoryServiceRegistryImpl - EventListenerRegistry access via ServiceRegistry is deprecated.  Use `sessionFactory.getEventEngine().getListenerRegistry()` instead
2025-06-16 03:10:52 [main] DEBUG o.h.internal.SessionFactoryImpl - Instantiating SessionFactory with settings: {hibernate.format_sql=true, java.specification.version=21, sun.cpu.isalist=amd64, hibernate.resource.beans.container=org.springframework.orm.hibernate5.SpringBeanContainer@288b73c1, hibernate.connection.handling_mode=DELAYED_ACQUISITION_AND_HOLD, sun.jnu.encoding=GBK, hibernate.dialect=org.hibernate.dialect.MySQL8Dialect, hibernate.implicit_naming_strategy=org.springframework.boot.orm.jpa.hibernate.SpringImplicitNamingStrategy, java.class.path=D:\桌面\FoodMAP\backend\demo\target\classes;C:\Users\pony\.m2\repository\org\springframework\boot\spring-boot\3.5.0\spring-boot-3.5.0.jar;C:\Users\pony\.m2\repository\org\springframework\boot\spring-boot-autoconfigure\3.5.0\spring-boot-autoconfigure-3.5.0.jar;C:\Users\pony\.m2\repository\ch\qos\logback\logback-classic\1.5.18\logback-classic-1.5.18.jar;C:\Users\pony\.m2\repository\ch\qos\logback\logback-core\1.5.18\logback-core-1.5.18.jar;C:\Users\pony\.m2\repository\org\apache\logging\log4j\log4j-to-slf4j\2.24.3\log4j-to-slf4j-2.24.3.jar;C:\Users\pony\.m2\repository\org\apache\logging\log4j\log4j-api\2.24.3\log4j-api-2.24.3.jar;C:\Users\pony\.m2\repository\org\slf4j\jul-to-slf4j\2.0.17\jul-to-slf4j-2.0.17.jar;C:\Users\pony\.m2\repository\jakarta\annotation\jakarta.annotation-api\2.1.1\jakarta.annotation-api-2.1.1.jar;C:\Users\pony\.m2\repository\org\yaml\snakeyaml\2.4\snakeyaml-2.4.jar;C:\Users\pony\.m2\repository\com\fasterxml\jackson\datatype\jackson-datatype-jdk8\2.19.0\jackson-datatype-jdk8-2.19.0.jar;C:\Users\pony\.m2\repository\com\fasterxml\jackson\datatype\jackson-datatype-jsr310\2.19.0\jackson-datatype-jsr310-2.19.0.jar;C:\Users\pony\.m2\repository\com\fasterxml\jackson\module\jackson-module-parameter-names\2.19.0\jackson-module-parameter-names-2.19.0.jar;C:\Users\pony\.m2\repository\org\apache\tomcat\embed\tomcat-embed-core\10.1.41\tomcat-embed-core-10.1.41.jar;C:\Users\pony\.m2\repository\org\apache\tomcat\embed\tomcat-embed-el\10.1.41\tomcat-embed-el-10.1.41.jar;C:\Users\pony\.m2\repository\org\apache\tomcat\embed\tomcat-embed-websocket\10.1.41\tomcat-embed-websocket-10.1.41.jar;C:\Users\pony\.m2\repository\org\springframework\spring-web\6.2.7\spring-web-6.2.7.jar;C:\Users\pony\.m2\repository\org\springframework\spring-beans\6.2.7\spring-beans-6.2.7.jar;C:\Users\pony\.m2\repository\org\springframework\spring-webmvc\6.2.7\spring-webmvc-6.2.7.jar;C:\Users\pony\.m2\repository\org\springframework\spring-context\6.2.7\spring-context-6.2.7.jar;C:\Users\pony\.m2\repository\org\springframework\spring-expression\6.2.7\spring-expression-6.2.7.jar;C:\Users\pony\.m2\repository\com\zaxxer\HikariCP\6.3.0\HikariCP-6.3.0.jar;C:\Users\pony\.m2\repository\org\springframework\spring-jdbc\6.2.7\spring-jdbc-6.2.7.jar;C:\Users\pony\.m2\repository\org\hibernate\orm\hibernate-core\6.6.15.Final\hibernate-core-6.6.15.Final.jar;C:\Users\pony\.m2\repository\jakarta\persistence\jakarta.persistence-api\3.1.0\jakarta.persistence-api-3.1.0.jar;C:\Users\pony\.m2\repository\jakarta\transaction\jakarta.transaction-api\2.0.1\jakarta.transaction-api-2.0.1.jar;C:\Users\pony\.m2\repository\org\jboss\logging\jboss-logging\3.6.1.Final\jboss-logging-3.6.1.Final.jar;C:\Users\pony\.m2\repository\org\hibernate\common\hibernate-commons-annotations\7.0.3.Final\hibernate-commons-annotations-7.0.3.Final.jar;C:\Users\pony\.m2\repository\io\smallrye\jandex\3.2.0\jandex-3.2.0.jar;C:\Users\pony\.m2\repository\com\fasterxml\classmate\1.7.0\classmate-1.7.0.jar;C:\Users\pony\.m2\repository\net\bytebuddy\byte-buddy\1.17.5\byte-buddy-1.17.5.jar;C:\Users\pony\.m2\repository\org\glassfish\jaxb\jaxb-runtime\4.0.5\jaxb-runtime-4.0.5.jar;C:\Users\pony\.m2\repository\org\glassfish\jaxb\jaxb-core\4.0.5\jaxb-core-4.0.5.jar;C:\Users\pony\.m2\repository\org\eclipse\angus\angus-activation\2.0.2\angus-activation-2.0.2.jar;C:\Users\pony\.m2\repository\org\glassfish\jaxb\txw2\4.0.5\txw2-4.0.5.jar;C:\Users\pony\.m2\repository\com\sun\istack\istack-commons-runtime\4.1.2\istack-commons-runtime-4.1.2.jar;C:\Users\pony\.m2\repository\jakarta\inject\jakarta.inject-api\2.0.1\jakarta.inject-api-2.0.1.jar;C:\Users\pony\.m2\repository\org\antlr\antlr4-runtime\4.13.0\antlr4-runtime-4.13.0.jar;C:\Users\pony\.m2\repository\org\springframework\data\spring-data-jpa\3.5.0\spring-data-jpa-3.5.0.jar;C:\Users\pony\.m2\repository\org\springframework\data\spring-data-commons\3.5.0\spring-data-commons-3.5.0.jar;C:\Users\pony\.m2\repository\org\springframework\spring-orm\6.2.7\spring-orm-6.2.7.jar;C:\Users\pony\.m2\repository\org\springframework\spring-tx\6.2.7\spring-tx-6.2.7.jar;C:\Users\pony\.m2\repository\org\slf4j\slf4j-api\2.0.17\slf4j-api-2.0.17.jar;C:\Users\pony\.m2\repository\org\springframework\spring-aspects\6.2.7\spring-aspects-6.2.7.jar;C:\Users\pony\.m2\repository\org\aspectj\aspectjweaver\1.9.24\aspectjweaver-1.9.24.jar;C:\Users\pony\.m2\repository\com\mysql\mysql-connector-j\9.2.0\mysql-connector-j-9.2.0.jar;C:\Users\pony\.m2\repository\org\springframework\boot\spring-boot-actuator-autoconfigure\3.5.0\spring-boot-actuator-autoconfigure-3.5.0.jar;C:\Users\pony\.m2\repository\org\springframework\boot\spring-boot-actuator\3.5.0\spring-boot-actuator-3.5.0.jar;C:\Users\pony\.m2\repository\io\micrometer\micrometer-observation\1.15.0\micrometer-observation-1.15.0.jar;C:\Users\pony\.m2\repository\io\micrometer\micrometer-commons\1.15.0\micrometer-commons-1.15.0.jar;C:\Users\pony\.m2\repository\io\micrometer\micrometer-jakarta9\1.15.0\micrometer-jakarta9-1.15.0.jar;C:\Users\pony\.m2\repository\io\micrometer\micrometer-core\1.15.0\micrometer-core-1.15.0.jar;C:\Users\pony\.m2\repository\org\hdrhistogram\HdrHistogram\2.2.2\HdrHistogram-2.2.2.jar;C:\Users\pony\.m2\repository\org\latencyutils\LatencyUtils\2.0.3\LatencyUtils-2.0.3.jar;C:\Users\pony\.m2\repository\jakarta\xml\bind\jakarta.xml.bind-api\4.0.2\jakarta.xml.bind-api-4.0.2.jar;C:\Users\pony\.m2\repository\jakarta\activation\jakarta.activation-api\2.1.3\jakarta.activation-api-2.1.3.jar;C:\Users\pony\.m2\repository\org\springframework\spring-core\6.2.7\spring-core-6.2.7.jar;C:\Users\pony\.m2\repository\org\springframework\spring-jcl\6.2.7\spring-jcl-6.2.7.jar;C:\Users\pony\.m2\repository\org\projectlombok\lombok\1.18.38\lombok-1.18.38.jar;C:\Users\pony\.m2\repository\org\springframework\spring-aop\6.2.7\spring-aop-6.2.7.jar;C:\Users\pony\.m2\repository\org\springframework\security\spring-security-config\6.5.0\spring-security-config-6.5.0.jar;C:\Users\pony\.m2\repository\org\springframework\security\spring-security-core\6.5.0\spring-security-core-6.5.0.jar;C:\Users\pony\.m2\repository\org\springframework\security\spring-security-crypto\6.5.0\spring-security-crypto-6.5.0.jar;C:\Users\pony\.m2\repository\org\springframework\security\spring-security-web\6.5.0\spring-security-web-6.5.0.jar;C:\Users\pony\.m2\repository\io\jsonwebtoken\jjwt-api\0.11.5\jjwt-api-0.11.5.jar;C:\Users\pony\.m2\repository\io\jsonwebtoken\jjwt-impl\0.11.5\jjwt-impl-0.11.5.jar;C:\Users\pony\.m2\repository\io\jsonwebtoken\jjwt-jackson\0.11.5\jjwt-jackson-0.11.5.jar;C:\Users\pony\.m2\repository\com\fasterxml\jackson\core\jackson-databind\2.19.0\jackson-databind-2.19.0.jar;C:\Users\pony\.m2\repository\com\fasterxml\jackson\core\jackson-annotations\2.19.0\jackson-annotations-2.19.0.jar;C:\Users\pony\.m2\repository\com\fasterxml\jackson\core\jackson-core\2.19.0\jackson-core-2.19.0.jar, java.vm.vendor=Oracle Corporation, sun.arch.data.model=64, user.variant=, java.vendor.url=https://java.oracle.com/, catalina.useNaming=false, user.timezone=Asia/Taipei, jakarta.persistence.sharedCache.mode=UNSPECIFIED, org.jboss.logging.provider=slf4j, java.vm.specification.version=21, os.name=Windows 11, jakarta.persistence.nonJtaDataSource=HikariDataSource (null), sun.java.launcher=SUN_STANDARD, user.country=TW, sun.boot.library.path=C:\Program Files\Java\jdk-21\bin, sun.java.command=com.example.demo.DemoApplication, javax.persistence.nonJtaDataSource=HikariDataSource (null), hibernate.transaction.jta.platform=org.hibernate.engine.transaction.jta.platform.internal.NoJtaPlatform@104cfb24, jdk.debug=release, sun.cpu.endian=little, hibernate.cdi.extensions=true, user.home=C:\Users\pony, user.language=zh, java.specification.vendor=Oracle Corporation, java.version.date=2025-04-15, java.home=C:\Program Files\Java\jdk-21, file.separator=\, java.vm.compressedOopsMode=Zero based, line.separator=
, hibernate.persistenceUnitName=default, java.vm.specification.vendor=Oracle Corporation, java.specification.name=Java Platform API Specification, FILE_LOG_CHARSET=UTF-8, hibernate.transaction.coordinator_class=class org.hibernate.resource.transaction.backend.jdbc.internal.JdbcResourceLocalTransactionCoordinatorBuilderImpl, java.awt.headless=true, jakarta.persistence.validation.mode=AUTO, hibernate.hbm2ddl.auto=update, user.script=, sun.management.compiler=HotSpot 64-Bit Tiered Compilers, java.runtime.version=21.0.7+8-LTS-245, user.name=pony, stdout.encoding=ms936, path.separator=;, os.version=10.0, java.runtime.name=Java(TM) SE Runtime Environment, file.encoding=UTF-8, FILE_LOG_PATTERN=%d{yyyy-MM-dd HH:mm:ss} [%thread] %-5level %logger{36} - %msg%n, java.vm.name=Java HotSpot(TM) 64-Bit Server VM, hibernate.show_sql=true, LOG_FILE=logs/application.log, java.vendor.url.bug=https://bugreport.java.com/bugreport/, java.io.tmpdir=C:\Users\pony\AppData\Local\Temp\, catalina.home=C:\Users\pony\AppData\Local\Temp\tomcat.8080.6057835038059192137, java.version=21.0.7, hibernate.physical_naming_strategy=org.hibernate.boot.model.naming.CamelCaseToUnderscoresNamingStrategy, user.dir=D:\桌面\FoodMAP\backend\demo, os.arch=amd64, java.vm.specification.name=Java Virtual Machine Specification, PID=23844, sun.os.patch.level=, CONSOLE_LOG_CHARSET=x-mswin-936, catalina.base=C:\Users\pony\AppData\Local\Temp\tomcat.8080.6057835038059192137, hibernate.boot.CfgXmlAccessService.key=org.hibernate.boot.registry.StandardServiceRegistryBuilder$1@5340ccb9, native.encoding=GBK, java.library.path=C:\Program Files\Java\jdk-21\bin;C:\WINDOWS\Sun\Java\bin;C:\WINDOWS\system32;C:\WINDOWS;C:\Program Files\Common Files\Oracle\Java\javapath;C:\WINDOWS\system32;C:\WINDOWS;C:\WINDOWS\System32\Wbem;C:\WINDOWS\System32\WindowsPowerShell\v1.0\;C:\WINDOWS\System32\OpenSSH\;C:\Program Files\dotnet\;C:\Program Files\Git\cmd;C:\Program Files\cursor\resources\app\bin;C:\Users\pony\AppData\Local\Microsoft\WindowsApps;C:\Users\pony\AppData\Local\Programs\Microsoft VS Code\bin;., stderr.encoding=ms936, java.vendor=Oracle Corporation, java.vm.info=mixed mode, emulated-client, sharing, java.vm.version=21.0.7+8-LTS-245, sun.io.unicode.encoding=UnicodeLittle, hibernate.archive.scanner=org.hibernate.boot.archive.scan.internal.DisabledScanner, hibernate.connection.datasource=HikariDataSource (null), CONSOLE_LOG_PATTERN=%d{yyyy-MM-dd HH:mm:ss} [%thread] %-5level %logger{36} - %msg%n, java.class.version=65.0}
2025-06-16 03:10:52 [main] DEBUG o.h.internal.SessionFactoryImpl - Session factory constructed with filter configurations : {}
2025-06-16 03:10:52 [main] DEBUG o.h.q.s.function.SqmFunctionRegistry - Registered SqmFunctionTemplate [NamedSqmFunctionTemplate(max)] under max; prior registration was null
2025-06-16 03:10:52 [main] DEBUG o.h.q.s.function.SqmFunctionRegistry - Registered SqmFunctionTemplate [NamedSqmFunctionTemplate(min)] under min; prior registration was null
2025-06-16 03:10:52 [main] DEBUG o.h.q.s.function.SqmFunctionRegistry - Registered SqmFunctionTemplate [NamedSqmFunctionTemplate(sum)] under sum; prior registration was null
2025-06-16 03:10:52 [main] DEBUG o.h.q.s.function.SqmFunctionRegistry - Registered SqmFunctionTemplate [NamedSqmFunctionTemplate(avg)] under avg; prior registration was null
2025-06-16 03:10:52 [main] DEBUG o.h.q.s.function.SqmFunctionRegistry - Registered SqmFunctionTemplate [org.hibernate.dialect.function.CountFunction@6b71e98f] under count; prior registration was null
2025-06-16 03:10:52 [main] DEBUG o.h.q.s.function.SqmFunctionRegistry - Registered SqmFunctionTemplate [org.hibernate.dialect.function.EveryAnyEmulation@7bfcc108] under every; prior registration was null
2025-06-16 03:10:52 [main] DEBUG o.h.q.s.function.SqmFunctionRegistry - Registered SqmFunctionTemplate [org.hibernate.dialect.function.EveryAnyEmulation@65b680b4] under any; prior registration was null
2025-06-16 03:10:52 [main] DEBUG o.h.q.s.function.SqmFunctionRegistry - Registered SqmFunctionTemplate [NamedSqmFunctionTemplate(floor)] under floor; prior registration was null
2025-06-16 03:10:52 [main] DEBUG o.h.q.s.function.SqmFunctionRegistry - Registered SqmFunctionTemplate [NamedSqmFunctionTemplate(ceiling)] under ceiling; prior registration was null
2025-06-16 03:10:52 [main] DEBUG o.h.q.s.function.SqmFunctionRegistry - Registered SqmFunctionTemplate [NamedSqmFunctionTemplate(mod)] under mod; prior registration was null
2025-06-16 03:10:52 [main] DEBUG o.h.q.s.function.SqmFunctionRegistry - Registered SqmFunctionTemplate [NamedSqmFunctionTemplate(abs)] under abs; prior registration was null
2025-06-16 03:10:52 [main] DEBUG o.h.q.s.function.SqmFunctionRegistry - Registered SqmFunctionTemplate [NamedSqmFunctionTemplate(sign)] under sign; prior registration was null
2025-06-16 03:10:52 [main] DEBUG o.h.q.s.function.SqmFunctionRegistry - Registered SqmFunctionTemplate [NamedSqmFunctionTemplate(sqrt)] under sqrt; prior registration was null
2025-06-16 03:10:52 [main] DEBUG o.h.q.s.function.SqmFunctionRegistry - Registered SqmFunctionTemplate [NamedSqmFunctionTemplate(ln)] under ln; prior registration was null
2025-06-16 03:10:52 [main] DEBUG o.h.q.s.function.SqmFunctionRegistry - Registered SqmFunctionTemplate [NamedSqmFunctionTemplate(exp)] under exp; prior registration was null
2025-06-16 03:10:52 [main] DEBUG o.h.q.s.function.SqmFunctionRegistry - Registered SqmFunctionTemplate [NamedSqmFunctionTemplate(power)] under power; prior registration was null
2025-06-16 03:10:52 [main] DEBUG o.h.q.s.function.SqmFunctionRegistry - Registered SqmFunctionTemplate [NamedSqmFunctionTemplate(round)] under round; prior registration was null
2025-06-16 03:10:52 [main] DEBUG o.h.q.s.function.SqmFunctionRegistry - Registered SqmFunctionTemplate [NamedSqmFunctionTemplate(sin)] under sin; prior registration was null
2025-06-16 03:10:52 [main] DEBUG o.h.q.s.function.SqmFunctionRegistry - Registered SqmFunctionTemplate [NamedSqmFunctionTemplate(cos)] under cos; prior registration was null
2025-06-16 03:10:52 [main] DEBUG o.h.q.s.function.SqmFunctionRegistry - Registered SqmFunctionTemplate [NamedSqmFunctionTemplate(tan)] under tan; prior registration was null
2025-06-16 03:10:52 [main] DEBUG o.h.q.s.function.SqmFunctionRegistry - Registered SqmFunctionTemplate [NamedSqmFunctionTemplate(asin)] under asin; prior registration was null
2025-06-16 03:10:52 [main] DEBUG o.h.q.s.function.SqmFunctionRegistry - Registered SqmFunctionTemplate [NamedSqmFunctionTemplate(acos)] under acos; prior registration was null
2025-06-16 03:10:52 [main] DEBUG o.h.q.s.function.SqmFunctionRegistry - Registered SqmFunctionTemplate [NamedSqmFunctionTemplate(atan)] under atan; prior registration was null
2025-06-16 03:10:52 [main] DEBUG o.h.q.s.function.SqmFunctionRegistry - Registered SqmFunctionTemplate [NamedSqmFunctionTemplate(atan2)] under atan2; prior registration was null
2025-06-16 03:10:52 [main] DEBUG o.h.q.s.function.SqmFunctionRegistry - Registered SqmFunctionTemplate [org.hibernate.query.sqm.function.PatternBasedSqmFunctionDescriptor@2fcffc05] under sinh; prior registration was null
2025-06-16 03:10:52 [main] DEBUG o.h.q.s.function.SqmFunctionRegistry - Registered SqmFunctionTemplate [org.hibernate.query.sqm.function.PatternBasedSqmFunctionDescriptor@76d0a290] under cosh; prior registration was null
2025-06-16 03:10:52 [main] DEBUG o.h.q.s.function.SqmFunctionRegistry - Registered SqmFunctionTemplate [org.hibernate.query.sqm.function.PatternBasedSqmFunctionDescriptor@ea84346] under tanh; prior registration was null
2025-06-16 03:10:52 [main] DEBUG o.h.q.s.function.SqmFunctionRegistry - Registered SqmFunctionTemplate [org.hibernate.query.sqm.function.PatternBasedSqmFunctionDescriptor@4e614370] under pi; prior registration was null
2025-06-16 03:10:52 [main] DEBUG o.h.q.s.function.SqmFunctionRegistry - Registered SqmFunctionTemplate [org.hibernate.query.sqm.function.PatternBasedSqmFunctionDescriptor@1e1ea16d] under log; prior registration was null
2025-06-16 03:10:52 [main] DEBUG o.h.q.s.function.SqmFunctionRegistry - Registered SqmFunctionTemplate [NamedSqmFunctionTemplate(coalesce)] under coalesce; prior registration was null
2025-06-16 03:10:52 [main] DEBUG o.h.q.s.function.SqmFunctionRegistry - Registered SqmFunctionTemplate [NamedSqmFunctionTemplate(nullif)] under nullif; prior registration was null
2025-06-16 03:10:52 [main] DEBUG o.h.q.s.function.SqmFunctionRegistry - Registered SqmFunctionTemplate [NamedSqmFunctionTemplate(left)] under left; prior registration was null
2025-06-16 03:10:52 [main] DEBUG o.h.q.s.function.SqmFunctionRegistry - Registered SqmFunctionTemplate [NamedSqmFunctionTemplate(right)] under right; prior registration was null
2025-06-16 03:10:52 [main] DEBUG o.h.q.s.function.SqmFunctionRegistry - Registered SqmFunctionTemplate [NamedSqmFunctionTemplate(replace)] under replace; prior registration was null
2025-06-16 03:10:52 [main] DEBUG o.h.q.s.function.SqmFunctionRegistry - Registered SqmFunctionTemplate [NamedSqmFunctionTemplate(concat)] under concat; prior registration was null
2025-06-16 03:10:52 [main] DEBUG o.h.q.s.function.SqmFunctionRegistry - Registered SqmFunctionTemplate [NamedSqmFunctionTemplate(lower)] under lower; prior registration was null
2025-06-16 03:10:52 [main] DEBUG o.h.q.s.function.SqmFunctionRegistry - Registered SqmFunctionTemplate [NamedSqmFunctionTemplate(upper)] under upper; prior registration was null
2025-06-16 03:10:52 [main] DEBUG o.h.q.s.function.SqmFunctionRegistry - Registered SqmFunctionTemplate [NamedSqmFunctionTemplate(substring)] under substring; prior registration was null
2025-06-16 03:10:52 [main] DEBUG o.h.q.s.function.SqmFunctionRegistry - Registered SqmFunctionTemplate [NamedSqmFunctionTemplate(locate)] under locate; prior registration was null
2025-06-16 03:10:52 [main] DEBUG o.h.q.s.function.SqmFunctionRegistry - Registered SqmFunctionTemplate [NamedSqmFunctionTemplate(character_length)] under character_length; prior registration was null
2025-06-16 03:10:52 [main] DEBUG o.h.q.s.function.SqmFunctionRegistry - Registering alternate key : length -> character_length
2025-06-16 03:10:52 [main] DEBUG o.h.q.s.function.SqmFunctionRegistry - Registered SqmFunctionTemplate [org.hibernate.dialect.function.LocatePositionEmulation@4742466e] under position; prior registration was null
2025-06-16 03:10:52 [main] DEBUG o.h.q.s.function.SqmFunctionRegistry - Registered SqmFunctionTemplate [org.hibernate.dialect.function.InsertSubstringOverlayEmulation@66226ab] under overlay; prior registration was null
2025-06-16 03:10:52 [main] DEBUG o.h.q.s.function.SqmFunctionRegistry - Registered SqmFunctionTemplate [org.hibernate.dialect.function.TrimFunction@6d4d0a14] under trim; prior registration was null
2025-06-16 03:10:52 [main] DEBUG o.h.q.s.function.SqmFunctionRegistry - Registered SqmFunctionTemplate [org.hibernate.dialect.function.CastFunction@5cf33d25] under cast; prior registration was null
2025-06-16 03:10:52 [main] DEBUG o.h.q.s.function.SqmFunctionRegistry - Registered SqmFunctionTemplate [org.hibernate.query.sqm.function.PatternBasedSqmFunctionDescriptor@efa04b5] under collate; prior registration was null
2025-06-16 03:10:52 [main] DEBUG o.h.q.s.function.SqmFunctionRegistry - Registered SqmFunctionTemplate [org.hibernate.dialect.function.ExtractFunction@8167f57] under extract; prior registration was null
2025-06-16 03:10:52 [main] DEBUG o.h.q.s.function.SqmFunctionRegistry - Registered SqmFunctionTemplate [NamedSqmFunctionTemplate(least)] under least; prior registration was null
2025-06-16 03:10:52 [main] DEBUG o.h.q.s.function.SqmFunctionRegistry - Registered SqmFunctionTemplate [NamedSqmFunctionTemplate(greatest)] under greatest; prior registration was null
2025-06-16 03:10:52 [main] DEBUG o.h.q.s.function.SqmFunctionRegistry - Registered SqmFunctionTemplate [org.hibernate.dialect.function.CoalesceIfnullEmulation@1826475] under ifnull; prior registration was null
2025-06-16 03:10:52 [main] DEBUG o.h.q.s.function.SqmFunctionRegistry - Registered SqmFunctionTemplate [NamedSqmFunctionTemplate(lpad)] under lpad; prior registration was null
2025-06-16 03:10:52 [main] DEBUG o.h.q.s.function.SqmFunctionRegistry - Registered SqmFunctionTemplate [NamedSqmFunctionTemplate(rpad)] under rpad; prior registration was null
2025-06-16 03:10:52 [main] DEBUG o.h.q.s.function.SqmFunctionRegistry - Registered SqmFunctionTemplate [org.hibernate.dialect.function.LpadRpadPadEmulation@79a68657] under pad; prior registration was null
2025-06-16 03:10:52 [main] DEBUG o.h.q.s.function.SqmFunctionRegistry - Registered SqmFunctionTemplate [org.hibernate.dialect.function.CastStrEmulation@50ecef36] under str; prior registration was null
2025-06-16 03:10:52 [main] DEBUG o.h.q.s.function.SqmFunctionRegistry - Registered SqmFunctionTemplate [org.hibernate.dialect.function.FormatFunction@14b96c1e] under format; prior registration was null
2025-06-16 03:10:52 [main] DEBUG o.h.q.s.function.SqmFunctionRegistry - Registered SqmFunctionTemplate [org.hibernate.dialect.function.TimestampaddFunction@2e4d2232] under timestampadd; prior registration was null
2025-06-16 03:10:52 [main] DEBUG o.h.q.s.function.SqmFunctionRegistry - Registered SqmFunctionTemplate [org.hibernate.dialect.function.TimestampdiffFunction@71eafb64] under timestampdiff; prior registration was null
2025-06-16 03:10:52 [main] DEBUG o.h.q.s.function.SqmFunctionRegistry - Registering alternate key : dateadd -> timestampadd
2025-06-16 03:10:52 [main] DEBUG o.h.q.s.function.SqmFunctionRegistry - Registering alternate key : datediff -> timestampdiff
2025-06-16 03:10:52 [main] DEBUG o.h.q.s.function.SqmFunctionRegistry - Registered SqmFunctionTemplate [org.hibernate.dialect.function.CurrentFunction@ae74eef] under current_date; prior registration was null
2025-06-16 03:10:52 [main] DEBUG o.h.q.s.function.SqmFunctionRegistry - Registered SqmFunctionTemplate [org.hibernate.dialect.function.CurrentFunction@2553dcc0] under current_time; prior registration was null
2025-06-16 03:10:52 [main] DEBUG o.h.q.s.function.SqmFunctionRegistry - Registered SqmFunctionTemplate [org.hibernate.dialect.function.CurrentFunction@2e91cf69] under current_timestamp; prior registration was null
2025-06-16 03:10:52 [main] DEBUG o.h.q.s.function.SqmFunctionRegistry - Registering alternate key : current date -> current_date
2025-06-16 03:10:52 [main] DEBUG o.h.q.s.function.SqmFunctionRegistry - Registering alternate key : current time -> current_time
2025-06-16 03:10:52 [main] DEBUG o.h.q.s.function.SqmFunctionRegistry - Registering alternate key : current timestamp -> current_timestamp
2025-06-16 03:10:52 [main] DEBUG o.h.q.s.function.SqmFunctionRegistry - Registered SqmFunctionTemplate [org.hibernate.dialect.function.CurrentFunction@746e534] under local_date; prior registration was null
2025-06-16 03:10:52 [main] DEBUG o.h.q.s.function.SqmFunctionRegistry - Registered SqmFunctionTemplate [org.hibernate.dialect.function.CurrentFunction@37665305] under local_time; prior registration was null
2025-06-16 03:10:52 [main] DEBUG o.h.q.s.function.SqmFunctionRegistry - Registered SqmFunctionTemplate [org.hibernate.dialect.function.CurrentFunction@c683cf5] under local_datetime; prior registration was null
2025-06-16 03:10:52 [main] DEBUG o.h.q.s.function.SqmFunctionRegistry - Registered SqmFunctionTemplate [org.hibernate.dialect.function.CurrentFunction@2c224096] under offset_datetime; prior registration was null
2025-06-16 03:10:52 [main] DEBUG o.h.q.s.function.SqmFunctionRegistry - Registering alternate key : local date -> local_date
2025-06-16 03:10:52 [main] DEBUG o.h.q.s.function.SqmFunctionRegistry - Registering alternate key : local time -> local_time
2025-06-16 03:10:52 [main] DEBUG o.h.q.s.function.SqmFunctionRegistry - Registering alternate key : local datetime -> local_datetime
2025-06-16 03:10:52 [main] DEBUG o.h.q.s.function.SqmFunctionRegistry - Registering alternate key : offset datetime -> offset_datetime
2025-06-16 03:10:52 [main] DEBUG o.h.q.s.function.SqmFunctionRegistry - Registered SqmFunctionTemplate [org.hibernate.dialect.function.CurrentFunction@1cfd6f63] under instant; prior registration was null
2025-06-16 03:10:52 [main] DEBUG o.h.q.s.function.SqmFunctionRegistry - Registering alternate key : current_instant -> instant
2025-06-16 03:10:52 [main] DEBUG o.h.q.s.function.SqmFunctionRegistry - Registered SqmFunctionTemplate [org.hibernate.dialect.function.SqlFunction@1dadd172] under sql; prior registration was null
2025-06-16 03:10:52 [main] DEBUG o.h.q.s.function.SqmFunctionRegistry - Registered SqmFunctionTemplate [NamedSqmFunctionTemplate(soundex)] under soundex; prior registration was null
2025-06-16 03:10:52 [main] DEBUG o.h.q.s.function.SqmFunctionRegistry - Registered SqmFunctionTemplate [NamedSqmFunctionTemplate(radians)] under radians; prior registration was null
2025-06-16 03:10:52 [main] DEBUG o.h.q.s.function.SqmFunctionRegistry - Registered SqmFunctionTemplate [NamedSqmFunctionTemplate(degrees)] under degrees; prior registration was null
2025-06-16 03:10:52 [main] DEBUG o.h.q.s.function.SqmFunctionRegistry - Registered SqmFunctionTemplate [NamedSqmFunctionTemplate(cot)] under cot; prior registration was null
2025-06-16 03:10:52 [main] DEBUG o.h.q.s.function.SqmFunctionRegistry - Registered SqmFunctionTemplate [NamedSqmFunctionTemplate(log)] under log; prior registration was org.hibernate.query.sqm.function.PatternBasedSqmFunctionDescriptor@1e1ea16d
2025-06-16 03:10:52 [main] DEBUG o.h.q.s.function.SqmFunctionRegistry - Registered SqmFunctionTemplate [NamedSqmFunctionTemplate(log2)] under log2; prior registration was null
2025-06-16 03:10:52 [main] DEBUG o.h.q.s.function.SqmFunctionRegistry - Registered SqmFunctionTemplate [NamedSqmFunctionTemplate(log10)] under log10; prior registration was null
2025-06-16 03:10:52 [main] DEBUG o.h.q.s.function.SqmFunctionRegistry - Registered SqmFunctionTemplate [NamedSqmFunctionTemplate(ltrim)] under ltrim; prior registration was null
2025-06-16 03:10:52 [main] DEBUG o.h.q.s.function.SqmFunctionRegistry - Registered SqmFunctionTemplate [NamedSqmFunctionTemplate(rtrim)] under rtrim; prior registration was null
2025-06-16 03:10:52 [main] DEBUG o.h.q.s.function.SqmFunctionRegistry - Registered SqmFunctionTemplate [NamedSqmFunctionTemplate(octet_length)] under octet_length; prior registration was null
2025-06-16 03:10:52 [main] DEBUG o.h.q.s.function.SqmFunctionRegistry - Registered SqmFunctionTemplate [NamedSqmFunctionTemplate(reverse)] under reverse; prior registration was null
2025-06-16 03:10:52 [main] DEBUG o.h.q.s.function.SqmFunctionRegistry - Registered SqmFunctionTemplate [NamedSqmFunctionTemplate(space)] under space; prior registration was null
2025-06-16 03:10:52 [main] DEBUG o.h.q.s.function.SqmFunctionRegistry - Registered SqmFunctionTemplate [NamedSqmFunctionTemplate(repeat)] under repeat; prior registration was null
2025-06-16 03:10:52 [main] DEBUG o.h.q.s.function.SqmFunctionRegistry - Registered SqmFunctionTemplate [org.hibernate.query.sqm.function.MultipatternSqmFunctionDescriptor@389bc2d3] under lpad; prior registration was NamedSqmFunctionTemplate(lpad)
2025-06-16 03:10:52 [main] DEBUG o.h.q.s.function.SqmFunctionRegistry - Registered SqmFunctionTemplate [org.hibernate.query.sqm.function.MultipatternSqmFunctionDescriptor@442310fd] under rpad; prior registration was NamedSqmFunctionTemplate(rpad)
2025-06-16 03:10:52 [main] DEBUG o.h.q.s.function.SqmFunctionRegistry - Registered SqmFunctionTemplate [NamedSqmFunctionTemplate(md5)] under md5; prior registration was null
2025-06-16 03:10:52 [main] DEBUG o.h.q.s.function.SqmFunctionRegistry - Registered SqmFunctionTemplate [NamedSqmFunctionTemplate(day)] under day; prior registration was null
2025-06-16 03:10:52 [main] DEBUG o.h.q.s.function.SqmFunctionRegistry - Registered SqmFunctionTemplate [NamedSqmFunctionTemplate(month)] under month; prior registration was null
2025-06-16 03:10:52 [main] DEBUG o.h.q.s.function.SqmFunctionRegistry - Registered SqmFunctionTemplate [NamedSqmFunctionTemplate(year)] under year; prior registration was null
2025-06-16 03:10:52 [main] DEBUG o.h.q.s.function.SqmFunctionRegistry - Registered SqmFunctionTemplate [NamedSqmFunctionTemplate(hour)] under hour; prior registration was null
2025-06-16 03:10:52 [main] DEBUG o.h.q.s.function.SqmFunctionRegistry - Registered SqmFunctionTemplate [NamedSqmFunctionTemplate(minute)] under minute; prior registration was null
2025-06-16 03:10:52 [main] DEBUG o.h.q.s.function.SqmFunctionRegistry - Registered SqmFunctionTemplate [NamedSqmFunctionTemplate(second)] under second; prior registration was null
2025-06-16 03:10:52 [main] DEBUG o.h.q.s.function.SqmFunctionRegistry - Registered SqmFunctionTemplate [NamedSqmFunctionTemplate(microsecond)] under microsecond; prior registration was null
2025-06-16 03:10:52 [main] DEBUG o.h.q.s.function.SqmFunctionRegistry - Registered SqmFunctionTemplate [NamedSqmFunctionTemplate(dayofweek)] under dayofweek; prior registration was null
2025-06-16 03:10:52 [main] DEBUG o.h.q.s.function.SqmFunctionRegistry - Registered SqmFunctionTemplate [NamedSqmFunctionTemplate(dayofmonth)] under dayofmonth; prior registration was null
2025-06-16 03:10:52 [main] DEBUG o.h.q.s.function.SqmFunctionRegistry - Registering alternate key : day -> dayofmonth
2025-06-16 03:10:52 [main] DEBUG o.h.q.s.function.SqmFunctionRegistry - Registered SqmFunctionTemplate [NamedSqmFunctionTemplate(dayofyear)] under dayofyear; prior registration was null
2025-06-16 03:10:52 [main] DEBUG o.h.q.s.function.SqmFunctionRegistry - Registered SqmFunctionTemplate [NamedSqmFunctionTemplate(week)] under week; prior registration was null
2025-06-16 03:10:52 [main] DEBUG o.h.q.s.function.SqmFunctionRegistry - Registered SqmFunctionTemplate [NamedSqmFunctionTemplate(quarter)] under quarter; prior registration was null
2025-06-16 03:10:52 [main] DEBUG o.h.q.s.function.SqmFunctionRegistry - Registered SqmFunctionTemplate [NamedSqmFunctionTemplate(monthname)] under monthname; prior registration was null
2025-06-16 03:10:52 [main] DEBUG o.h.q.s.function.SqmFunctionRegistry - Registered SqmFunctionTemplate [NamedSqmFunctionTemplate(dayname)] under dayname; prior registration was null
2025-06-16 03:10:52 [main] DEBUG o.h.q.s.function.SqmFunctionRegistry - Registered SqmFunctionTemplate [NamedSqmFunctionTemplate(last_day)] under last_day; prior registration was null
2025-06-16 03:10:52 [main] DEBUG o.h.q.s.function.SqmFunctionRegistry - Registered SqmFunctionTemplate [NamedSqmFunctionTemplate(date)] under date; prior registration was null
2025-06-16 03:10:52 [main] DEBUG o.h.q.s.function.SqmFunctionRegistry - Registered SqmFunctionTemplate [NamedSqmFunctionTemplate(timestamp)] under timestamp; prior registration was null
2025-06-16 03:10:52 [main] DEBUG o.h.q.s.function.SqmFunctionRegistry - Registered SqmFunctionTemplate [NamedSqmFunctionTemplate(time)] under time; prior registration was null
2025-06-16 03:10:52 [main] DEBUG o.h.q.s.function.SqmFunctionRegistry - Registered SqmFunctionTemplate [NamedSqmFunctionTemplate(utc_date)] under utc_date; prior registration was null
2025-06-16 03:10:52 [main] DEBUG o.h.q.s.function.SqmFunctionRegistry - Registered SqmFunctionTemplate [NamedSqmFunctionTemplate(utc_time)] under utc_time; prior registration was null
2025-06-16 03:10:52 [main] DEBUG o.h.q.s.function.SqmFunctionRegistry - Registered SqmFunctionTemplate [NamedSqmFunctionTemplate(utc_timestamp)] under utc_timestamp; prior registration was null
2025-06-16 03:10:52 [main] DEBUG o.h.q.s.function.SqmFunctionRegistry - Registered SqmFunctionTemplate [NamedSqmFunctionTemplate(rand)] under rand; prior registration was null
2025-06-16 03:10:52 [main] DEBUG o.h.q.s.function.SqmFunctionRegistry - Registered SqmFunctionTemplate [NamedSqmFunctionTemplate(crc32)] under crc32; prior registration was null
2025-06-16 03:10:52 [main] DEBUG o.h.q.s.function.SqmFunctionRegistry - Registered SqmFunctionTemplate [NamedSqmFunctionTemplate(sha1)] under sha1; prior registration was null
2025-06-16 03:10:52 [main] DEBUG o.h.q.s.function.SqmFunctionRegistry - Registered SqmFunctionTemplate [NamedSqmFunctionTemplate(sha2)] under sha2; prior registration was null
2025-06-16 03:10:52 [main] DEBUG o.h.q.s.function.SqmFunctionRegistry - Registered SqmFunctionTemplate [NamedSqmFunctionTemplate(sha)] under sha; prior registration was null
2025-06-16 03:10:52 [main] DEBUG o.h.q.s.function.SqmFunctionRegistry - Registered SqmFunctionTemplate [NamedSqmFunctionTemplate(bit_length)] under bit_length; prior registration was null
2025-06-16 03:10:52 [main] DEBUG o.h.q.s.function.SqmFunctionRegistry - Registered SqmFunctionTemplate [NamedSqmFunctionTemplate(octet_length)] under octet_length; prior registration was NamedSqmFunctionTemplate(octet_length)
2025-06-16 03:10:52 [main] DEBUG o.h.q.s.function.SqmFunctionRegistry - Registered SqmFunctionTemplate [NamedSqmFunctionTemplate(ascii)] under ascii; prior registration was null
2025-06-16 03:10:52 [main] DEBUG o.h.q.s.function.SqmFunctionRegistry - Registered SqmFunctionTemplate [NamedSqmFunctionTemplate(instr)] under instr; prior registration was null
2025-06-16 03:10:52 [main] DEBUG o.h.q.s.function.SqmFunctionRegistry - Registered SqmFunctionTemplate [NamedSqmFunctionTemplate(substr)] under substr; prior registration was null
2025-06-16 03:10:52 [main] DEBUG o.h.q.s.function.SqmFunctionRegistry - Registered SqmFunctionTemplate [org.hibernate.query.sqm.function.PatternBasedSqmFunctionDescriptor@23263ba] under position; prior registration was org.hibernate.dialect.function.LocatePositionEmulation@4742466e
2025-06-16 03:10:52 [main] DEBUG o.h.q.s.function.SqmFunctionRegistry - Registered SqmFunctionTemplate [NamedSqmFunctionTemplate(curtime)] under curtime; prior registration was null
2025-06-16 03:10:52 [main] DEBUG o.h.q.s.function.SqmFunctionRegistry - Registered SqmFunctionTemplate [NamedSqmFunctionTemplate(curdate)] under curdate; prior registration was null
2025-06-16 03:10:52 [main] DEBUG o.h.q.s.function.SqmFunctionRegistry - Registered SqmFunctionTemplate [NamedSqmFunctionTemplate(now)] under now; prior registration was null
2025-06-16 03:10:52 [main] DEBUG o.h.q.s.function.SqmFunctionRegistry - Registered SqmFunctionTemplate [org.hibernate.dialect.function.TruncFunction@391e5ffa] under trunc; prior registration was null
2025-06-16 03:10:52 [main] DEBUG o.h.q.s.function.SqmFunctionRegistry - Registering alternate key : truncate -> trunc
2025-06-16 03:10:52 [main] DEBUG o.h.q.s.function.SqmFunctionRegistry - Registered SqmFunctionTemplate [NamedSqmFunctionTemplate(insert)] under insert; prior registration was null
2025-06-16 03:10:52 [main] DEBUG o.h.q.s.function.SqmFunctionRegistry - Registered SqmFunctionTemplate [org.hibernate.query.sqm.function.PatternBasedSqmFunctionDescriptor@f4d391c] under bitand; prior registration was null
2025-06-16 03:10:52 [main] DEBUG o.h.q.s.function.SqmFunctionRegistry - Registered SqmFunctionTemplate [org.hibernate.query.sqm.function.PatternBasedSqmFunctionDescriptor@470b5213] under bitor; prior registration was null
2025-06-16 03:10:52 [main] DEBUG o.h.q.s.function.SqmFunctionRegistry - Registered SqmFunctionTemplate [org.hibernate.query.sqm.function.PatternBasedSqmFunctionDescriptor@2fa2143d] under bitxor; prior registration was null
2025-06-16 03:10:52 [main] DEBUG o.h.q.s.function.SqmFunctionRegistry - Registered SqmFunctionTemplate [org.hibernate.query.sqm.function.PatternBasedSqmFunctionDescriptor@64887fbc] under bitnot; prior registration was null
2025-06-16 03:10:52 [main] DEBUG o.h.q.s.function.SqmFunctionRegistry - Registered SqmFunctionTemplate [NamedSqmFunctionTemplate(bit_and)] under bit_and; prior registration was null
2025-06-16 03:10:52 [main] DEBUG o.h.q.s.function.SqmFunctionRegistry - Registered SqmFunctionTemplate [NamedSqmFunctionTemplate(bit_or)] under bit_or; prior registration was null
2025-06-16 03:10:52 [main] DEBUG o.h.q.s.function.SqmFunctionRegistry - Registered SqmFunctionTemplate [NamedSqmFunctionTemplate(stddev)] under stddev; prior registration was null
2025-06-16 03:10:52 [main] DEBUG o.h.q.s.function.SqmFunctionRegistry - Registered SqmFunctionTemplate [NamedSqmFunctionTemplate(stddev_pop)] under stddev_pop; prior registration was null
2025-06-16 03:10:52 [main] DEBUG o.h.q.s.function.SqmFunctionRegistry - Registered SqmFunctionTemplate [NamedSqmFunctionTemplate(stddev_samp)] under stddev_samp; prior registration was null
2025-06-16 03:10:52 [main] DEBUG o.h.q.s.function.SqmFunctionRegistry - Registered SqmFunctionTemplate [NamedSqmFunctionTemplate(variance)] under variance; prior registration was null
2025-06-16 03:10:52 [main] DEBUG o.h.q.s.function.SqmFunctionRegistry - Registered SqmFunctionTemplate [NamedSqmFunctionTemplate(var_pop)] under var_pop; prior registration was null
2025-06-16 03:10:52 [main] DEBUG o.h.q.s.function.SqmFunctionRegistry - Registered SqmFunctionTemplate [NamedSqmFunctionTemplate(var_samp)] under var_samp; prior registration was null
2025-06-16 03:10:52 [main] DEBUG o.h.q.s.function.SqmFunctionRegistry - Registered SqmFunctionTemplate [NamedSqmFunctionTemplate(datediff)] under datediff; prior registration was null
2025-06-16 03:10:52 [main] DEBUG o.h.q.s.function.SqmFunctionRegistry - Registered SqmFunctionTemplate [NamedSqmFunctionTemplate(adddate)] under adddate; prior registration was null
2025-06-16 03:10:52 [main] DEBUG o.h.q.s.function.SqmFunctionRegistry - Registered SqmFunctionTemplate [NamedSqmFunctionTemplate(subdate)] under subdate; prior registration was null
2025-06-16 03:10:52 [main] DEBUG o.h.q.s.function.SqmFunctionRegistry - Registered SqmFunctionTemplate [NamedSqmFunctionTemplate(addtime)] under addtime; prior registration was null
2025-06-16 03:10:52 [main] DEBUG o.h.q.s.function.SqmFunctionRegistry - Registered SqmFunctionTemplate [NamedSqmFunctionTemplate(subtime)] under subtime; prior registration was null
2025-06-16 03:10:52 [main] DEBUG o.h.q.s.function.SqmFunctionRegistry - Registered SqmFunctionTemplate [org.hibernate.dialect.function.FormatFunction@26b3fe8] under format; prior registration was org.hibernate.dialect.function.FormatFunction@14b96c1e
2025-06-16 03:10:52 [main] DEBUG o.h.q.s.function.SqmFunctionRegistry - Registered SqmFunctionTemplate [NamedSqmFunctionTemplate(makedate)] under makedate; prior registration was null
2025-06-16 03:10:52 [main] DEBUG o.h.q.s.function.SqmFunctionRegistry - Registered SqmFunctionTemplate [NamedSqmFunctionTemplate(maketime)] under maketime; prior registration was null
2025-06-16 03:10:52 [main] DEBUG o.h.q.s.function.SqmFunctionRegistry - Registered SqmFunctionTemplate [NamedSqmFunctionTemplate(localtime)] under localtime; prior registration was null
2025-06-16 03:10:52 [main] DEBUG o.h.q.s.function.SqmFunctionRegistry - Registered SqmFunctionTemplate [NamedSqmFunctionTemplate(localtimestamp)] under localtimestamp; prior registration was null
2025-06-16 03:10:52 [main] DEBUG o.h.q.s.function.SqmFunctionRegistry - Registered SqmFunctionTemplate [NamedSqmFunctionTemplate(localtime)] under local_time; prior registration was org.hibernate.dialect.function.CurrentFunction@37665305
2025-06-16 03:10:52 [main] DEBUG o.h.q.s.function.SqmFunctionRegistry - Registered SqmFunctionTemplate [NamedSqmFunctionTemplate(localtimestamp)] under local_datetime; prior registration was org.hibernate.dialect.function.CurrentFunction@c683cf5
2025-06-16 03:10:52 [main] DEBUG o.h.q.s.function.SqmFunctionRegistry - Registered SqmFunctionTemplate [NamedSqmFunctionTemplate(localtime)] under localtime; prior registration was NamedSqmFunctionTemplate(localtime)
2025-06-16 03:10:52 [main] DEBUG o.h.q.s.function.SqmFunctionRegistry - Registered SqmFunctionTemplate [org.hibernate.query.sqm.function.PatternBasedSqmFunctionDescriptor@1f6d7e7c] under pi; prior registration was org.hibernate.query.sqm.function.PatternBasedSqmFunctionDescriptor@4e614370
2025-06-16 03:10:52 [main] DEBUG o.h.q.s.function.SqmFunctionRegistry - Registered SqmFunctionTemplate [org.hibernate.query.sqm.function.PatternBasedSqmFunctionDescriptor@20518250] under chr; prior registration was null
2025-06-16 03:10:52 [main] DEBUG o.h.q.s.function.SqmFunctionRegistry - Registering alternate key : char -> chr
2025-06-16 03:10:52 [main] DEBUG o.h.q.s.function.SqmFunctionRegistry - Registered SqmFunctionTemplate [org.hibernate.query.sqm.function.PatternBasedSqmFunctionDescriptor@7836c79] under sysdate; prior registration was null
2025-06-16 03:10:52 [main] DEBUG o.h.q.s.function.SqmFunctionRegistry - Registered SqmFunctionTemplate [org.hibernate.dialect.function.ListaggGroupConcatEmulation@18b58c77] under listagg; prior registration was null
2025-06-16 03:10:52 [main] DEBUG org.hibernate.HQL_FUNCTIONS - abs(NUMERIC arg)
2025-06-16 03:10:52 [main] DEBUG org.hibernate.HQL_FUNCTIONS - Double acos(NUMERIC arg)
2025-06-16 03:10:52 [main] DEBUG org.hibernate.HQL_FUNCTIONS - adddate(DATE datetime, INTEGER days)
2025-06-16 03:10:52 [main] DEBUG org.hibernate.HQL_FUNCTIONS - addtime(TIME datetime, TIME time)
2025-06-16 03:10:52 [main] DEBUG org.hibernate.HQL_FUNCTIONS - Boolean any(BOOLEAN arg)
2025-06-16 03:10:52 [main] DEBUG org.hibernate.HQL_FUNCTIONS - Integer ascii(STRING arg)
2025-06-16 03:10:52 [main] DEBUG org.hibernate.HQL_FUNCTIONS - Double asin(NUMERIC arg)
2025-06-16 03:10:52 [main] DEBUG org.hibernate.HQL_FUNCTIONS - Double atan(NUMERIC arg)
2025-06-16 03:10:52 [main] DEBUG org.hibernate.HQL_FUNCTIONS - Double atan2(NUMERIC arg0, NUMERIC arg1)
2025-06-16 03:10:52 [main] DEBUG org.hibernate.HQL_FUNCTIONS - avg(arg)
2025-06-16 03:10:52 [main] DEBUG org.hibernate.HQL_FUNCTIONS - bit_and(arg)
2025-06-16 03:10:52 [main] DEBUG org.hibernate.HQL_FUNCTIONS - Integer bit_length(STRING_OR_CLOB arg)
2025-06-16 03:10:52 [main] DEBUG org.hibernate.HQL_FUNCTIONS - bit_or(arg)
2025-06-16 03:10:52 [main] DEBUG org.hibernate.HQL_FUNCTIONS - bitand(arg0, arg1)
2025-06-16 03:10:52 [main] DEBUG org.hibernate.HQL_FUNCTIONS - bitnot(arg)
2025-06-16 03:10:52 [main] DEBUG org.hibernate.HQL_FUNCTIONS - bitor(arg0, arg1)
2025-06-16 03:10:52 [main] DEBUG org.hibernate.HQL_FUNCTIONS - bitxor(arg0, arg1)
2025-06-16 03:10:52 [main] DEBUG org.hibernate.HQL_FUNCTIONS - cast(arg as Type)
2025-06-16 03:10:52 [main] DEBUG org.hibernate.HQL_FUNCTIONS - ceiling(NUMERIC arg)
2025-06-16 03:10:52 [main] DEBUG org.hibernate.HQL_FUNCTIONS - Character char(INTEGER arg)
2025-06-16 03:10:52 [main] DEBUG org.hibernate.HQL_FUNCTIONS - Integer character_length(STRING_OR_CLOB arg)
2025-06-16 03:10:52 [main] DEBUG org.hibernate.HQL_FUNCTIONS - Character chr(INTEGER arg)
2025-06-16 03:10:52 [main] DEBUG org.hibernate.HQL_FUNCTIONS - coalesce(arg0[, arg1[, ...]])
2025-06-16 03:10:52 [main] DEBUG org.hibernate.HQL_FUNCTIONS - String collate(STRING string as COLLATION collation)
2025-06-16 03:10:52 [main] DEBUG org.hibernate.HQL_FUNCTIONS - String concat(STRING string0[, STRING string1[, ...]])
2025-06-16 03:10:52 [main] DEBUG org.hibernate.HQL_FUNCTIONS - Double cos(NUMERIC arg)
2025-06-16 03:10:52 [main] DEBUG org.hibernate.HQL_FUNCTIONS - Double cosh(NUMERIC arg)
2025-06-16 03:10:52 [main] DEBUG org.hibernate.HQL_FUNCTIONS - Double cot(NUMERIC arg)
2025-06-16 03:10:52 [main] DEBUG org.hibernate.HQL_FUNCTIONS - Long count([distinct ]{arg|*})
2025-06-16 03:10:52 [main] DEBUG org.hibernate.HQL_FUNCTIONS - Integer crc32(arg)
2025-06-16 03:10:52 [main] DEBUG org.hibernate.HQL_FUNCTIONS - Date curdate()
2025-06-16 03:10:52 [main] DEBUG org.hibernate.HQL_FUNCTIONS - Date current date
2025-06-16 03:10:52 [main] DEBUG org.hibernate.HQL_FUNCTIONS - Time current time
2025-06-16 03:10:52 [main] DEBUG org.hibernate.HQL_FUNCTIONS - Timestamp current timestamp
2025-06-16 03:10:52 [main] DEBUG org.hibernate.HQL_FUNCTIONS - Date current_date
2025-06-16 03:10:52 [main] DEBUG org.hibernate.HQL_FUNCTIONS - Instant current_instant
2025-06-16 03:10:52 [main] DEBUG org.hibernate.HQL_FUNCTIONS - Time current_time
2025-06-16 03:10:52 [main] DEBUG org.hibernate.HQL_FUNCTIONS - Timestamp current_timestamp
2025-06-16 03:10:52 [main] DEBUG org.hibernate.HQL_FUNCTIONS - Time curtime()
2025-06-16 03:10:52 [main] DEBUG org.hibernate.HQL_FUNCTIONS - Date date(arg)
2025-06-16 03:10:52 [main] DEBUG org.hibernate.HQL_FUNCTIONS - dateadd(TEMPORAL_UNIT field, INTEGER magnitude, TEMPORAL datetime)
2025-06-16 03:10:52 [main] DEBUG org.hibernate.HQL_FUNCTIONS - Integer datediff(DATE end, DATE start)
2025-06-16 03:10:52 [main] DEBUG org.hibernate.HQL_FUNCTIONS - Integer day(DATE arg)
2025-06-16 03:10:52 [main] DEBUG org.hibernate.HQL_FUNCTIONS - String dayname(DATE arg)
2025-06-16 03:10:52 [main] DEBUG org.hibernate.HQL_FUNCTIONS - Integer dayofmonth(DATE arg)
2025-06-16 03:10:52 [main] DEBUG org.hibernate.HQL_FUNCTIONS - Integer dayofweek(DATE arg)
2025-06-16 03:10:52 [main] DEBUG org.hibernate.HQL_FUNCTIONS - Integer dayofyear(DATE arg)
2025-06-16 03:10:52 [main] DEBUG org.hibernate.HQL_FUNCTIONS - Double degrees(NUMERIC arg)
2025-06-16 03:10:52 [main] DEBUG org.hibernate.HQL_FUNCTIONS - Boolean every(BOOLEAN arg)
2025-06-16 03:10:52 [main] DEBUG org.hibernate.HQL_FUNCTIONS - Double exp(NUMERIC arg)
2025-06-16 03:10:52 [main] DEBUG org.hibernate.HQL_FUNCTIONS - extract(TEMPORAL_UNIT field from TEMPORAL arg)
2025-06-16 03:10:52 [main] DEBUG org.hibernate.HQL_FUNCTIONS - floor(NUMERIC arg)
2025-06-16 03:10:52 [main] DEBUG org.hibernate.HQL_FUNCTIONS - String format(TEMPORAL datetime as STRING pattern)
2025-06-16 03:10:52 [main] DEBUG org.hibernate.HQL_FUNCTIONS - greatest(COMPARABLE arg0, COMPARABLE arg1[, arg2[, ...]])
2025-06-16 03:10:52 [main] DEBUG org.hibernate.HQL_FUNCTIONS - Integer hour(TIME arg)
2025-06-16 03:10:52 [main] DEBUG org.hibernate.HQL_FUNCTIONS - ifnull(arg0, arg1)
2025-06-16 03:10:52 [main] DEBUG org.hibernate.HQL_FUNCTIONS - String insert(STRING string, INTEGER start, INTEGER length, STRING replacement)
2025-06-16 03:10:52 [main] DEBUG org.hibernate.HQL_FUNCTIONS - Instant instant
2025-06-16 03:10:52 [main] DEBUG org.hibernate.HQL_FUNCTIONS - Integer instr(STRING string, STRING pattern[, INTEGER start[, INTEGER occurrence]])
2025-06-16 03:10:52 [main] DEBUG org.hibernate.HQL_FUNCTIONS - Date last_day(DATE arg)
2025-06-16 03:10:52 [main] DEBUG org.hibernate.HQL_FUNCTIONS - least(COMPARABLE arg0, COMPARABLE arg1[, arg2[, ...]])
2025-06-16 03:10:52 [main] DEBUG org.hibernate.HQL_FUNCTIONS - String left(STRING string, INTEGER length)
2025-06-16 03:10:52 [main] DEBUG org.hibernate.HQL_FUNCTIONS - Integer length(STRING_OR_CLOB arg)
2025-06-16 03:10:52 [main] DEBUG org.hibernate.HQL_FUNCTIONS - String listagg(STRING arg0, STRING arg1)
2025-06-16 03:10:52 [main] DEBUG org.hibernate.HQL_FUNCTIONS - Double ln(NUMERIC arg)
2025-06-16 03:10:52 [main] DEBUG org.hibernate.HQL_FUNCTIONS - LocalDate local date
2025-06-16 03:10:52 [main] DEBUG org.hibernate.HQL_FUNCTIONS - LocalDateTime local datetime
2025-06-16 03:10:52 [main] DEBUG org.hibernate.HQL_FUNCTIONS - LocalTime local time
2025-06-16 03:10:52 [main] DEBUG org.hibernate.HQL_FUNCTIONS - LocalDate local_date
2025-06-16 03:10:52 [main] DEBUG org.hibernate.HQL_FUNCTIONS - LocalDateTime local_datetime
2025-06-16 03:10:52 [main] DEBUG org.hibernate.HQL_FUNCTIONS - LocalTime local_time
2025-06-16 03:10:52 [main] DEBUG org.hibernate.HQL_FUNCTIONS - Timestamp localtime
2025-06-16 03:10:52 [main] DEBUG org.hibernate.HQL_FUNCTIONS - Timestamp localtimestamp
2025-06-16 03:10:52 [main] DEBUG org.hibernate.HQL_FUNCTIONS - Integer locate(STRING pattern, STRING string[, INTEGER start])
2025-06-16 03:10:52 [main] DEBUG org.hibernate.HQL_FUNCTIONS - Double log(NUMERIC arg0[, NUMERIC arg1])
2025-06-16 03:10:52 [main] DEBUG org.hibernate.HQL_FUNCTIONS - Double log10(NUMERIC arg)
2025-06-16 03:10:52 [main] DEBUG org.hibernate.HQL_FUNCTIONS - Double log2(NUMERIC arg)
2025-06-16 03:10:52 [main] DEBUG org.hibernate.HQL_FUNCTIONS - String lower(STRING string)
2025-06-16 03:10:52 [main] DEBUG org.hibernate.HQL_FUNCTIONS - String lpad(string, length[, padding])
2025-06-16 03:10:52 [main] DEBUG org.hibernate.HQL_FUNCTIONS - String ltrim(STRING string[, STRING characters])
2025-06-16 03:10:52 [main] DEBUG org.hibernate.HQL_FUNCTIONS - Date makedate(INTEGER year, INTEGER dayofyear)
2025-06-16 03:10:52 [main] DEBUG org.hibernate.HQL_FUNCTIONS - Time maketime(INTEGER hour, INTEGER min, INTEGER sec)
2025-06-16 03:10:52 [main] DEBUG org.hibernate.HQL_FUNCTIONS - max(COMPARABLE arg)
2025-06-16 03:10:52 [main] DEBUG org.hibernate.HQL_FUNCTIONS - String md5(arg)
2025-06-16 03:10:52 [main] DEBUG org.hibernate.HQL_FUNCTIONS - Integer microsecond(TIME arg)
2025-06-16 03:10:52 [main] DEBUG org.hibernate.HQL_FUNCTIONS - min(COMPARABLE arg)
2025-06-16 03:10:52 [main] DEBUG org.hibernate.HQL_FUNCTIONS - Integer minute(TIME arg)
2025-06-16 03:10:52 [main] DEBUG org.hibernate.HQL_FUNCTIONS - Integer mod(INTEGER arg0, INTEGER arg1)
2025-06-16 03:10:52 [main] DEBUG org.hibernate.HQL_FUNCTIONS - Integer month(DATE arg)
2025-06-16 03:10:52 [main] DEBUG org.hibernate.HQL_FUNCTIONS - String monthname(DATE arg)
2025-06-16 03:10:52 [main] DEBUG org.hibernate.HQL_FUNCTIONS - Timestamp now()
2025-06-16 03:10:52 [main] DEBUG org.hibernate.HQL_FUNCTIONS - nullif(arg0, arg1)
2025-06-16 03:10:52 [main] DEBUG org.hibernate.HQL_FUNCTIONS - Integer octet_length(STRING_OR_CLOB arg)
2025-06-16 03:10:52 [main] DEBUG org.hibernate.HQL_FUNCTIONS - OffsetDateTime offset datetime
2025-06-16 03:10:52 [main] DEBUG org.hibernate.HQL_FUNCTIONS - OffsetDateTime offset_datetime
2025-06-16 03:10:52 [main] DEBUG org.hibernate.HQL_FUNCTIONS - String overlay(STRING string placing STRING replacement from INTEGER start[ for INTEGER length])
2025-06-16 03:10:52 [main] DEBUG org.hibernate.HQL_FUNCTIONS - String pad(STRING string with INTEGER length {leading|trailing}[ STRING character])
2025-06-16 03:10:52 [main] DEBUG org.hibernate.HQL_FUNCTIONS - Double pi
2025-06-16 03:10:52 [main] DEBUG org.hibernate.HQL_FUNCTIONS - Integer position(STRING pattern in STRING string)
2025-06-16 03:10:52 [main] DEBUG org.hibernate.HQL_FUNCTIONS - Double power(NUMERIC arg0, NUMERIC arg1)
2025-06-16 03:10:52 [main] DEBUG org.hibernate.HQL_FUNCTIONS - Integer quarter(DATE arg)
2025-06-16 03:10:52 [main] DEBUG org.hibernate.HQL_FUNCTIONS - Double radians(NUMERIC arg)
2025-06-16 03:10:52 [main] DEBUG org.hibernate.HQL_FUNCTIONS - Double rand([INTEGER seed])
2025-06-16 03:10:52 [main] DEBUG org.hibernate.HQL_FUNCTIONS - String repeat(STRING string, INTEGER times)
2025-06-16 03:10:52 [main] DEBUG org.hibernate.HQL_FUNCTIONS - String replace(STRING string, STRING pattern, STRING replacement)
2025-06-16 03:10:52 [main] DEBUG org.hibernate.HQL_FUNCTIONS - String reverse(STRING arg)
2025-06-16 03:10:52 [main] DEBUG org.hibernate.HQL_FUNCTIONS - String right(STRING string, INTEGER length)
2025-06-16 03:10:52 [main] DEBUG org.hibernate.HQL_FUNCTIONS - round(NUMERIC number[, INTEGER places])
2025-06-16 03:10:52 [main] DEBUG org.hibernate.HQL_FUNCTIONS - String rpad(string, length[, padding])
2025-06-16 03:10:52 [main] DEBUG org.hibernate.HQL_FUNCTIONS - String rtrim(STRING string[, STRING characters])
2025-06-16 03:10:52 [main] DEBUG org.hibernate.HQL_FUNCTIONS - Integer second(TIME arg)
2025-06-16 03:10:52 [main] DEBUG org.hibernate.HQL_FUNCTIONS - String sha(arg)
2025-06-16 03:10:52 [main] DEBUG org.hibernate.HQL_FUNCTIONS - String sha1(arg)
2025-06-16 03:10:52 [main] DEBUG org.hibernate.HQL_FUNCTIONS - String sha2(arg0, arg1)
2025-06-16 03:10:52 [main] DEBUG org.hibernate.HQL_FUNCTIONS - Integer sign(NUMERIC arg)
2025-06-16 03:10:52 [main] DEBUG org.hibernate.HQL_FUNCTIONS - Double sin(NUMERIC arg)
2025-06-16 03:10:52 [main] DEBUG org.hibernate.HQL_FUNCTIONS - Double sinh(NUMERIC arg)
2025-06-16 03:10:52 [main] DEBUG org.hibernate.HQL_FUNCTIONS - String soundex(arg)
2025-06-16 03:10:52 [main] DEBUG org.hibernate.HQL_FUNCTIONS - String space(INTEGER arg)
2025-06-16 03:10:52 [main] DEBUG org.hibernate.HQL_FUNCTIONS - Object sql
2025-06-16 03:10:52 [main] DEBUG org.hibernate.HQL_FUNCTIONS - Double sqrt(NUMERIC arg)
2025-06-16 03:10:52 [main] DEBUG org.hibernate.HQL_FUNCTIONS - Double stddev(NUMERIC arg)
2025-06-16 03:10:52 [main] DEBUG org.hibernate.HQL_FUNCTIONS - Double stddev_pop(NUMERIC arg)
2025-06-16 03:10:52 [main] DEBUG org.hibernate.HQL_FUNCTIONS - Double stddev_samp(NUMERIC arg)
2025-06-16 03:10:52 [main] DEBUG org.hibernate.HQL_FUNCTIONS - String str(arg)
2025-06-16 03:10:52 [main] DEBUG org.hibernate.HQL_FUNCTIONS - subdate(DATE datetime, INTEGER days)
2025-06-16 03:10:52 [main] DEBUG org.hibernate.HQL_FUNCTIONS - String substr(STRING string, INTEGER start[, INTEGER length])
2025-06-16 03:10:52 [main] DEBUG org.hibernate.HQL_FUNCTIONS - String substring(STRING string{ from|,} INTEGER start[{ for|,} INTEGER length])
2025-06-16 03:10:52 [main] DEBUG org.hibernate.HQL_FUNCTIONS - subtime(TIME datetime, TIME time)
2025-06-16 03:10:52 [main] DEBUG org.hibernate.HQL_FUNCTIONS - sum(arg)
2025-06-16 03:10:52 [main] DEBUG org.hibernate.HQL_FUNCTIONS - Timestamp sysdate()
2025-06-16 03:10:52 [main] DEBUG org.hibernate.HQL_FUNCTIONS - Double tan(NUMERIC arg)
2025-06-16 03:10:52 [main] DEBUG org.hibernate.HQL_FUNCTIONS - Double tanh(NUMERIC arg)
2025-06-16 03:10:52 [main] DEBUG org.hibernate.HQL_FUNCTIONS - String time(arg)
2025-06-16 03:10:52 [main] DEBUG org.hibernate.HQL_FUNCTIONS - Timestamp timestamp(arg0[, arg1])
2025-06-16 03:10:52 [main] DEBUG org.hibernate.HQL_FUNCTIONS - timestampadd(TEMPORAL_UNIT field, INTEGER magnitude, TEMPORAL datetime)
2025-06-16 03:10:52 [main] DEBUG org.hibernate.HQL_FUNCTIONS - Long|Double timestampdiff(TEMPORAL_UNIT field, TEMPORAL start, TEMPORAL end)
2025-06-16 03:10:52 [main] DEBUG org.hibernate.HQL_FUNCTIONS - String trim([[{leading|trailing|both} ][STRING arg0 ]from] STRING arg1)
2025-06-16 03:10:52 [main] DEBUG org.hibernate.HQL_FUNCTIONS - trunc( ... )
2025-06-16 03:10:52 [main] DEBUG org.hibernate.HQL_FUNCTIONS - truncate( ... )
2025-06-16 03:10:52 [main] DEBUG org.hibernate.HQL_FUNCTIONS - String upper(STRING string)
2025-06-16 03:10:52 [main] DEBUG org.hibernate.HQL_FUNCTIONS - Date utc_date
2025-06-16 03:10:52 [main] DEBUG org.hibernate.HQL_FUNCTIONS - Time utc_time
2025-06-16 03:10:52 [main] DEBUG org.hibernate.HQL_FUNCTIONS - Timestamp utc_timestamp
2025-06-16 03:10:52 [main] DEBUG org.hibernate.HQL_FUNCTIONS - Double var_pop(NUMERIC arg)
2025-06-16 03:10:52 [main] DEBUG org.hibernate.HQL_FUNCTIONS - Double var_samp(NUMERIC arg)
2025-06-16 03:10:52 [main] DEBUG org.hibernate.HQL_FUNCTIONS - Double variance(NUMERIC arg)
2025-06-16 03:10:52 [main] DEBUG org.hibernate.HQL_FUNCTIONS - Integer week(DATE arg)
2025-06-16 03:10:52 [main] DEBUG org.hibernate.HQL_FUNCTIONS - Integer year(DATE arg)
2025-06-16 03:10:52 [main] DEBUG org.hibernate.orm.query.plan.cache - Starting QueryInterpretationCache(2048)
2025-06-16 03:10:52 [main] DEBUG o.h.s.i.SessionFactoryServiceRegistryImpl - EventListenerRegistry access via ServiceRegistry is deprecated.  Use `sessionFactory.getEventEngine().getListenerRegistry()` instead
2025-06-16 03:10:52 [main] DEBUG o.h.e.i.EntityCopyObserverFactoryInitiator - Configured EntityCopyObserver strategy: disallow
2025-06-16 03:10:52 [main] DEBUG o.h.b.internal.ClassLoaderAccessImpl - Not known whether passed class name [com.example.demo.entity.User] is safe
2025-06-16 03:10:52 [main] DEBUG o.h.b.internal.ClassLoaderAccessImpl - No temp ClassLoader provided; using live ClassLoader for loading potentially unsafe class : com.example.demo.entity.User
2025-06-16 03:10:52 [main] DEBUG o.h.b.i.b.BytecodeProviderImpl - HHH000513: Unable to create the ReflectionOptimizer for [com.example.demo.entity.User]: private accessor [address]
2025-06-16 03:10:52 [main] DEBUG o.hibernate.ormbytecode.interceptor - To-one property `com.example.demo.entity.UserProfile#user` was mapped with LAZY + NO_PROXY but the class was not enhanced
2025-06-16 03:10:52 [main] DEBUG o.hibernate.ormbytecode.interceptor - To-one property `com.example.demo.entity.UserProfile#user` was mapped with LAZY + NO_PROXY but the class was not enhanced
2025-06-16 03:10:52 [main] DEBUG o.h.b.internal.ClassLoaderAccessImpl - Not known whether passed class name [com.example.demo.entity.UserProfile] is safe
2025-06-16 03:10:52 [main] DEBUG o.h.b.internal.ClassLoaderAccessImpl - No temp ClassLoader provided; using live ClassLoader for loading potentially unsafe class : com.example.demo.entity.UserProfile
2025-06-16 03:10:52 [main] DEBUG o.h.b.i.b.BytecodeProviderImpl - HHH000513: Unable to create the ReflectionOptimizer for [com.example.demo.entity.UserProfile]: private accessor [address]
2025-06-16 03:10:52 [main] DEBUG o.hibernate.ormbytecode.interceptor - To-one property `com.example.demo.entity.UserProfile#user` was mapped with LAZY + NO_PROXY but the class was not enhanced
2025-06-16 03:10:52 [main] DEBUG o.h.b.internal.ClassLoaderAccessImpl - Not known whether passed class name [com.example.demo.entity.Favorite] is safe
2025-06-16 03:10:52 [main] DEBUG o.h.b.internal.ClassLoaderAccessImpl - No temp ClassLoader provided; using live ClassLoader for loading potentially unsafe class : com.example.demo.entity.Favorite
2025-06-16 03:10:52 [main] DEBUG o.h.b.i.b.BytecodeProviderImpl - HHH000513: Unable to create the ReflectionOptimizer for [com.example.demo.entity.Favorite]: private accessor [jsonRaw]
2025-06-16 03:10:52 [main] DEBUG o.h.b.internal.ClassLoaderAccessImpl - Not known whether passed class name [com.example.demo.entity.GoogleRestaurant] is safe
2025-06-16 03:10:52 [main] DEBUG o.h.b.internal.ClassLoaderAccessImpl - No temp ClassLoader provided; using live ClassLoader for loading potentially unsafe class : com.example.demo.entity.GoogleRestaurant
2025-06-16 03:10:52 [main] DEBUG o.h.orm.model.mapping.creation - Starting post-init callbacks
2025-06-16 03:10:52 [main] DEBUG o.h.orm.model.mapping.creation - Starting PostInitCallbackEntry : Entity(com.example.demo.entity.User) `staticFetchableList` generator
2025-06-16 03:10:52 [main] DEBUG o.h.orm.model.mapping.creation - Starting PostInitCallbackEntry : To-one key - NavigableRole[com.example.demo.entity.UserProfile.user]
2025-06-16 03:10:52 [main] DEBUG o.h.orm.model.mapping.creation - Starting PostInitCallbackEntry : Entity(com.example.demo.entity.UserProfile) `staticFetchableList` generator
2025-06-16 03:10:52 [main] DEBUG o.h.orm.model.mapping.creation - Starting PostInitCallbackEntry : Entity(com.example.demo.entity.Favorite) `staticFetchableList` generator
2025-06-16 03:10:52 [main] DEBUG o.h.orm.model.mapping.creation - Starting PostInitCallbackEntry : Entity(com.example.demo.entity.GoogleRestaurant) `staticFetchableList` generator
2025-06-16 03:10:52 [main] DEBUG org.hibernate.orm.sql.ast.create - Created new SQL alias : u1_0
2025-06-16 03:10:52 [main] DEBUG org.hibernate.orm.sql.ast.create - Registration of TableGroup [StandardTableGroup(com.example.demo.entity.User)] with identifierForTableGroup [com.example.demo.entity.User] for NavigablePath [com.example.demo.entity.User] 
2025-06-16 03:10:52 [main] DEBUG org.hibernate.orm.results.graph.AST - DomainResult Graph:
 \-EntityResultImpl [com.example.demo.entity.User]
 |  +-BasicFetch [com.example.demo.entity.User.address]
 |  +-BasicFetch [com.example.demo.entity.User.avatarUrl]
 |  +-BasicFetch [com.example.demo.entity.User.createdAt]
 |  +-BasicFetch [com.example.demo.entity.User.email]
 |  +-BasicFetch [com.example.demo.entity.User.fullName]
 |  +-BasicFetch [com.example.demo.entity.User.passwordHash]
 |  +-BasicFetch [com.example.demo.entity.User.phoneNumber]
 |  +-BasicFetch [com.example.demo.entity.User.updatedAt]
 |  \-BasicFetch [com.example.demo.entity.User.username]

2025-06-16 03:10:52 [main] DEBUG org.hibernate.orm.sql.ast.tree - SQL AST Tree:
    SelectStatement {
      FromClause {
        StandardTableGroup (u1 : com.example.demo.entity.User) {
          primaryTableReference : users as u1_0
        }
      }
    }

2025-06-16 03:10:52 [main] DEBUG o.h.p.entity.AbstractEntityPersister - Static SQL for entity: com.example.demo.entity.User
2025-06-16 03:10:52 [main] DEBUG o.h.p.entity.AbstractEntityPersister -  Version select: select id from users where id=?
2025-06-16 03:10:52 [main] DEBUG o.h.p.entity.AbstractEntityPersister -  Insert (0): insert into users (address,avatar_url,created_at,email,full_name,password_hash,phone_number,updated_at,username) values (?,?,?,?,?,?,?,?,?)
2025-06-16 03:10:52 [main] DEBUG o.h.p.entity.AbstractEntityPersister -  Update (0): update users set address=?,avatar_url=?,email=?,full_name=?,password_hash=?,phone_number=?,updated_at=?,username=? where id=?
2025-06-16 03:10:52 [main] DEBUG o.h.p.entity.AbstractEntityPersister -  Delete (0): delete from users where id=?
2025-06-16 03:10:52 [main] DEBUG org.hibernate.orm.sql.ast.create - Created new SQL alias : up1_0
2025-06-16 03:10:52 [main] DEBUG org.hibernate.orm.sql.ast.create - Registration of TableGroup [StandardTableGroup(com.example.demo.entity.UserProfile)] with identifierForTableGroup [com.example.demo.entity.UserProfile] for NavigablePath [com.example.demo.entity.UserProfile] 
2025-06-16 03:10:52 [main] DEBUG org.hibernate.orm.sql.ast.create - Registration of TableGroup [org.hibernate.sql.ast.tree.from.LazyTableGroup@548c5127] with identifierForTableGroup [com.example.demo.entity.UserProfile.user] for NavigablePath [com.example.demo.entity.UserProfile.user] 
2025-06-16 03:10:52 [main] DEBUG org.hibernate.orm.sql.ast.create - Created new SQL alias : u1_0
2025-06-16 03:10:52 [main] DEBUG org.hibernate.orm.results.graph.AST - DomainResult Graph:
 \-EntityResultImpl [com.example.demo.entity.UserProfile]
 |  +-BasicFetch [com.example.demo.entity.UserProfile.address]
 |  +-BasicFetch [com.example.demo.entity.UserProfile.avatarUrl]
 |  +-BasicFetch [com.example.demo.entity.UserProfile.bio]
 |  +-BasicFetch [com.example.demo.entity.UserProfile.notificationSettings]
 |  +-BasicFetch [com.example.demo.entity.UserProfile.privacySettings]
 |  +-BasicFetch [com.example.demo.entity.UserProfile.socialLinks]
 |  \-EntityFetchJoinedImpl [com.example.demo.entity.UserProfile.user]
 |  |  +-BasicFetch [com.example.demo.entity.UserProfile.user.address]
 |  |  +-BasicFetch [com.example.demo.entity.UserProfile.user.avatarUrl]
 |  |  +-BasicFetch [com.example.demo.entity.UserProfile.user.createdAt]
 |  |  +-BasicFetch [com.example.demo.entity.UserProfile.user.email]
 |  |  +-BasicFetch [com.example.demo.entity.UserProfile.user.fullName]
 |  |  +-BasicFetch [com.example.demo.entity.UserProfile.user.passwordHash]
 |  |  +-BasicFetch [com.example.demo.entity.UserProfile.user.phoneNumber]
 |  |  +-BasicFetch [com.example.demo.entity.UserProfile.user.updatedAt]
 |  |  \-BasicFetch [com.example.demo.entity.UserProfile.user.username]

2025-06-16 03:10:52 [main] DEBUG org.hibernate.orm.sql.ast.tree - SQL AST Tree:
    SelectStatement {
      FromClause {
        StandardTableGroup (up1 : com.example.demo.entity.UserProfile) {
          primaryTableReference : user_profiles as up1_0
          TableGroupJoins {
             join LazyTableGroup (u1 : com.example.demo.entity.UserProfile.user) {
              primaryTableReference : users as u1_0
            }
          }
        }
      }
    }

2025-06-16 03:10:52 [main] DEBUG o.h.p.entity.AbstractEntityPersister - Static SQL for entity: com.example.demo.entity.UserProfile
2025-06-16 03:10:52 [main] DEBUG o.h.p.entity.AbstractEntityPersister -  Version select: select user_id from user_profiles where user_id=?
2025-06-16 03:10:52 [main] DEBUG o.h.p.entity.AbstractEntityPersister -  Insert (0): insert into user_profiles (address,avatar_url,bio,notification_settings,privacy_settings,social_links,user_id) values (?,?,?,?,?,?,?)
2025-06-16 03:10:52 [main] DEBUG o.h.p.entity.AbstractEntityPersister -  Update (0): update user_profiles set address=?,avatar_url=?,bio=?,notification_settings=?,privacy_settings=?,social_links=? where user_id=?
2025-06-16 03:10:52 [main] DEBUG o.h.p.entity.AbstractEntityPersister -  Delete (0): delete from user_profiles where user_id=?
2025-06-16 03:10:52 [main] DEBUG org.hibernate.orm.sql.ast.create - Created new SQL alias : f1_0
2025-06-16 03:10:52 [main] DEBUG org.hibernate.orm.sql.ast.create - Registration of TableGroup [StandardTableGroup(com.example.demo.entity.Favorite)] with identifierForTableGroup [com.example.demo.entity.Favorite] for NavigablePath [com.example.demo.entity.Favorite] 
2025-06-16 03:10:52 [main] DEBUG org.hibernate.orm.results.graph.AST - DomainResult Graph:
 \-EntityResultImpl [com.example.demo.entity.Favorite]
 |  \-BasicFetch [com.example.demo.entity.Favorite.jsonRaw]

2025-06-16 03:10:52 [main] DEBUG org.hibernate.orm.sql.ast.tree - SQL AST Tree:
    SelectStatement {
      FromClause {
        StandardTableGroup (f1 : com.example.demo.entity.Favorite) {
          primaryTableReference : google_restaurants as f1_0
        }
      }
    }

2025-06-16 03:10:52 [main] DEBUG o.h.p.entity.AbstractEntityPersister - Static SQL for entity: com.example.demo.entity.Favorite
2025-06-16 03:10:52 [main] DEBUG o.h.p.entity.AbstractEntityPersister -  Version select: select id from google_restaurants where id=?
2025-06-16 03:10:52 [main] DEBUG o.h.p.entity.AbstractEntityPersister -  Insert (0): insert into google_restaurants (json_raw) values (?)
2025-06-16 03:10:52 [main] DEBUG o.h.p.entity.AbstractEntityPersister -  Update (0): update google_restaurants set json_raw=? where id=?
2025-06-16 03:10:52 [main] DEBUG o.h.p.entity.AbstractEntityPersister -  Delete (0): delete from google_restaurants where id=?
2025-06-16 03:10:52 [main] DEBUG org.hibernate.orm.sql.ast.create - Created new SQL alias : gr1_0
2025-06-16 03:10:52 [main] DEBUG org.hibernate.orm.sql.ast.create - Registration of TableGroup [StandardTableGroup(com.example.demo.entity.GoogleRestaurant)] with identifierForTableGroup [com.example.demo.entity.GoogleRestaurant] for NavigablePath [com.example.demo.entity.GoogleRestaurant] 
2025-06-16 03:10:52 [main] DEBUG org.hibernate.orm.results.graph.AST - DomainResult Graph:
 \-EntityResultImpl [com.example.demo.entity.GoogleRestaurant]

2025-06-16 03:10:52 [main] DEBUG org.hibernate.orm.sql.ast.tree - SQL AST Tree:
    SelectStatement {
      FromClause {
        StandardTableGroup (gr1 : com.example.demo.entity.GoogleRestaurant) {
          primaryTableReference : google_restaurants as gr1_0
        }
      }
    }

2025-06-16 03:10:52 [main] DEBUG o.h.p.entity.AbstractEntityPersister - Static SQL for entity: com.example.demo.entity.GoogleRestaurant
2025-06-16 03:10:52 [main] DEBUG o.h.p.entity.AbstractEntityPersister -  Version select: select id from google_restaurants where id=?
2025-06-16 03:10:52 [main] DEBUG o.h.p.entity.AbstractEntityPersister -  Insert (0): insert into google_restaurants values ( )
2025-06-16 03:10:52 [main] DEBUG o.h.p.entity.AbstractEntityPersister -  Delete (0): delete from google_restaurants where id=?
2025-06-16 03:10:52 [main] INFO  o.h.e.t.j.p.i.JtaPlatformInitiator - HHH000489: No JTA platform available (set 'hibernate.transaction.jta.platform' to enable JTA platform integration)
2025-06-16 03:10:52 [main] DEBUG o.h.type.spi.TypeConfiguration$Scope - Scoping TypeConfiguration [org.hibernate.type.spi.TypeConfiguration@6a9df5] to SessionFactoryImplementor [org.hibernate.internal.SessionFactoryImpl@6802c10e]
2025-06-16 03:10:52 [main] DEBUG o.h.q.named.NamedObjectRepository - Checking 0 named HQL queries
2025-06-16 03:10:52 [main] DEBUG o.h.q.named.NamedObjectRepository - Checking 0 named SQL queries
2025-06-16 03:10:53 [main] INFO  com.zaxxer.hikari.HikariDataSource - HikariPool-1 - Starting...
2025-06-16 03:10:54 [main] DEBUG o.h.e.jdbc.spi.SqlExceptionHelper - Unable to open JDBC Connection for DDL execution [n/a]
java.sql.SQLException: Access denied for user 'teamuser1'@'localhost' (using password: YES)
	at com.mysql.cj.jdbc.exceptions.SQLError.createSQLException(SQLError.java:121)
	at com.mysql.cj.jdbc.exceptions.SQLExceptionsMapping.translateException(SQLExceptionsMapping.java:114)
	at com.mysql.cj.jdbc.ConnectionImpl.createNewIO(ConnectionImpl.java:837)
	at com.mysql.cj.jdbc.ConnectionImpl.<init>(ConnectionImpl.java:420)
	at com.mysql.cj.jdbc.ConnectionImpl.getInstance(ConnectionImpl.java:238)
	at com.mysql.cj.jdbc.NonRegisteringDriver.connect(NonRegisteringDriver.java:180)
	at com.zaxxer.hikari.util.DriverDataSource.getConnection(DriverDataSource.java:139)
	at com.zaxxer.hikari.pool.PoolBase.newConnection(PoolBase.java:368)
	at com.zaxxer.hikari.pool.PoolBase.newPoolEntry(PoolBase.java:205)
	at com.zaxxer.hikari.pool.HikariPool.createPoolEntry(HikariPool.java:483)
	at com.zaxxer.hikari.pool.HikariPool.checkFailFast(HikariPool.java:571)
	at com.zaxxer.hikari.pool.HikariPool.<init>(HikariPool.java:101)
	at com.zaxxer.hikari.HikariDataSource.getConnection(HikariDataSource.java:111)
	at org.hibernate.engine.jdbc.connections.internal.DatasourceConnectionProviderImpl.getConnection(DatasourceConnectionProviderImpl.java:126)
	at org.hibernate.engine.jdbc.env.internal.JdbcEnvironmentInitiator$ConnectionProviderJdbcConnectionAccess.obtainConnection(JdbcEnvironmentInitiator.java:483)
	at org.hibernate.resource.transaction.backend.jdbc.internal.DdlTransactionIsolatorNonJtaImpl.getIsolatedConnection(DdlTransactionIsolatorNonJtaImpl.java:46)
	at org.hibernate.resource.transaction.backend.jdbc.internal.DdlTransactionIsolatorNonJtaImpl.getIsolatedConnection(DdlTransactionIsolatorNonJtaImpl.java:39)
	at org.hibernate.tool.schema.internal.exec.ImprovedExtractionContextImpl.getJdbcConnection(ImprovedExtractionContextImpl.java:63)
	at org.hibernate.tool.schema.internal.exec.ImprovedExtractionContextImpl.getJdbcDatabaseMetaData(ImprovedExtractionContextImpl.java:70)
	at org.hibernate.tool.schema.extract.internal.InformationExtractorJdbcDatabaseMetaDataImpl.processTableResultSet(InformationExtractorJdbcDatabaseMetaDataImpl.java:65)
	at org.hibernate.tool.schema.extract.internal.AbstractInformationExtractorImpl.getTables(AbstractInformationExtractorImpl.java:570)
	at org.hibernate.tool.schema.extract.internal.DatabaseInformationImpl.getTablesInformation(DatabaseInformationImpl.java:122)
	at org.hibernate.tool.schema.internal.GroupedSchemaMigratorImpl.performTablesMigration(GroupedSchemaMigratorImpl.java:72)
	at org.hibernate.tool.schema.internal.AbstractSchemaMigrator.performMigration(AbstractSchemaMigrator.java:233)
	at org.hibernate.tool.schema.internal.AbstractSchemaMigrator.doMigration(AbstractSchemaMigrator.java:112)
	at org.hibernate.tool.schema.spi.SchemaManagementToolCoordinator.performDatabaseAction(SchemaManagementToolCoordinator.java:280)
	at org.hibernate.tool.schema.spi.SchemaManagementToolCoordinator.lambda$process$5(SchemaManagementToolCoordinator.java:144)
	at java.base/java.util.HashMap.forEach(HashMap.java:1429)
	at org.hibernate.tool.schema.spi.SchemaManagementToolCoordinator.process(SchemaManagementToolCoordinator.java:141)
	at org.hibernate.boot.internal.SessionFactoryObserverForSchemaExport.sessionFactoryCreated(SessionFactoryObserverForSchemaExport.java:37)
	at org.hibernate.internal.SessionFactoryObserverChain.sessionFactoryCreated(SessionFactoryObserverChain.java:35)
	at org.hibernate.internal.SessionFactoryImpl.<init>(SessionFactoryImpl.java:324)
	at org.hibernate.boot.internal.SessionFactoryBuilderImpl.build(SessionFactoryBuilderImpl.java:463)
	at org.hibernate.jpa.boot.internal.EntityManagerFactoryBuilderImpl.build(EntityManagerFactoryBuilderImpl.java:1517)
	at org.springframework.orm.jpa.vendor.SpringHibernateJpaPersistenceProvider.createContainerEntityManagerFactory(SpringHibernateJpaPersistenceProvider.java:66)
	at org.springframework.orm.jpa.LocalContainerEntityManagerFactoryBean.createNativeEntityManagerFactory(LocalContainerEntityManagerFactoryBean.java:390)
	at org.springframework.orm.jpa.AbstractEntityManagerFactoryBean.buildNativeEntityManagerFactory(AbstractEntityManagerFactoryBean.java:419)
	at org.springframework.orm.jpa.AbstractEntityManagerFactoryBean.afterPropertiesSet(AbstractEntityManagerFactoryBean.java:400)
	at org.springframework.orm.jpa.LocalContainerEntityManagerFactoryBean.afterPropertiesSet(LocalContainerEntityManagerFactoryBean.java:366)
	at org.springframework.beans.factory.support.AbstractAutowireCapableBeanFactory.invokeInitMethods(AbstractAutowireCapableBeanFactory.java:1873)
	at org.springframework.beans.factory.support.AbstractAutowireCapableBeanFactory.initializeBean(AbstractAutowireCapableBeanFactory.java:1822)
	at org.springframework.beans.factory.support.AbstractAutowireCapableBeanFactory.doCreateBean(AbstractAutowireCapableBeanFactory.java:607)
	at org.springframework.beans.factory.support.AbstractAutowireCapableBeanFactory.createBean(AbstractAutowireCapableBeanFactory.java:529)
	at org.springframework.beans.factory.support.AbstractBeanFactory.lambda$doGetBean$0(AbstractBeanFactory.java:339)
	at org.springframework.beans.factory.support.DefaultSingletonBeanRegistry.getSingleton(DefaultSingletonBeanRegistry.java:373)
	at org.springframework.beans.factory.support.AbstractBeanFactory.doGetBean(AbstractBeanFactory.java:337)
	at org.springframework.beans.factory.support.AbstractBeanFactory.getBean(AbstractBeanFactory.java:207)
	at org.springframework.context.support.AbstractApplicationContext.finishBeanFactoryInitialization(AbstractApplicationContext.java:970)
	at org.springframework.context.support.AbstractApplicationContext.refresh(AbstractApplicationContext.java:627)
	at org.springframework.boot.web.servlet.context.ServletWebServerApplicationContext.refresh(ServletWebServerApplicationContext.java:146)
	at org.springframework.boot.SpringApplication.refresh(SpringApplication.java:753)
	at org.springframework.boot.SpringApplication.refreshContext(SpringApplication.java:439)
	at org.springframework.boot.SpringApplication.run(SpringApplication.java:318)
	at org.springframework.boot.SpringApplication.run(SpringApplication.java:1362)
	at org.springframework.boot.SpringApplication.run(SpringApplication.java:1351)
	at com.example.demo.DemoApplication.main(DemoApplication.java:10)
2025-06-16 03:10:54 [main] WARN  o.h.e.jdbc.spi.SqlExceptionHelper - SQL Error: 1045, SQLState: 28000
2025-06-16 03:10:54 [main] ERROR o.h.e.jdbc.spi.SqlExceptionHelper - Access denied for user 'teamuser1'@'localhost' (using password: YES)
2025-06-16 03:10:54 [main] DEBUG o.h.internal.SessionFactoryImpl - HHH000031: Closing
2025-06-16 03:10:54 [main] DEBUG o.h.type.spi.TypeConfiguration$Scope - Un-scoping TypeConfiguration [org.hibernate.type.spi.TypeConfiguration$Scope@5feb8e9a] from SessionFactory [org.hibernate.internal.SessionFactoryImpl@6802c10e]
2025-06-16 03:10:54 [main] DEBUG o.h.s.i.AbstractServiceRegistryImpl - Implicitly destroying ServiceRegistry on de-registration of all child ServiceRegistries
2025-06-16 03:10:54 [main] DEBUG o.h.b.r.i.BootstrapServiceRegistryImpl - Implicitly destroying Boot-strap registry on de-registration of all child ServiceRegistries
2025-06-16 03:10:54 [main] DEBUG o.h.internal.SessionFactoryRegistry - Initializing SessionFactoryRegistry : org.hibernate.internal.SessionFactoryRegistry@66b3eab0
2025-06-16 03:10:54 [main] ERROR o.s.o.j.LocalContainerEntityManagerFactoryBean - Failed to initialize JPA EntityManagerFactory: [PersistenceUnit: default] Unable to build Hibernate SessionFactory; nested exception is org.hibernate.exception.GenericJDBCException: Unable to open JDBC Connection for DDL execution [Access denied for user 'teamuser1'@'localhost' (using password: YES)] [n/a]
2025-06-16 03:10:54 [main] WARN  o.s.b.w.s.c.AnnotationConfigServletWebServerApplicationContext - Exception encountered during context initialization - cancelling refresh attempt: org.springframework.beans.factory.BeanCreationException: Error creating bean with name 'entityManagerFactory' defined in class path resource [org/springframework/boot/autoconfigure/orm/jpa/HibernateJpaConfiguration.class]: [PersistenceUnit: default] Unable to build Hibernate SessionFactory; nested exception is org.hibernate.exception.GenericJDBCException: Unable to open JDBC Connection for DDL execution [Access denied for user 'teamuser1'@'localhost' (using password: YES)] [n/a]
2025-06-16 03:10:54 [main] DEBUG o.s.s.c.ThreadPoolTaskExecutor - Shutting down ExecutorService 'applicationTaskExecutor'
2025-06-16 03:10:54 [main] DEBUG o.s.b.f.s.DisposableBeanAdapter - Custom destroy method 'close' on bean with name 'simpleMeterRegistry' completed
2025-06-16 03:10:54 [main] INFO  o.a.catalina.core.StandardService - Stopping service [Tomcat]
2025-06-16 03:10:54 [main] DEBUG o.s.b.a.l.ConditionEvaluationReportLogger - 


============================
CONDITIONS EVALUATION REPORT
============================


Positive matches:
-----------------

   AopAutoConfiguration matched:
      - @ConditionalOnBooleanProperty (spring.aop.auto=true) matched (OnPropertyCondition)

   AopAutoConfiguration.AspectJAutoProxyingConfiguration matched:
      - @ConditionalOnClass found required class 'org.aspectj.weaver.Advice' (OnClassCondition)

   AopAutoConfiguration.AspectJAutoProxyingConfiguration.CglibAutoProxyConfiguration matched:
      - @ConditionalOnBooleanProperty (spring.aop.proxy-target-class=true) matched (OnPropertyCondition)

   ApplicationAvailabilityAutoConfiguration#applicationAvailability matched:
      - @ConditionalOnMissingBean (types: org.springframework.boot.availability.ApplicationAvailability; SearchStrategy: all) did not find any beans (OnBeanCondition)

   CacheMeterBinderProvidersConfiguration matched:
      - @ConditionalOnClass found required class 'io.micrometer.core.instrument.binder.MeterBinder' (OnClassCondition)

   CompositeMeterRegistryAutoConfiguration matched:
      - @ConditionalOnClass found required class 'io.micrometer.core.instrument.composite.CompositeMeterRegistry' (OnClassCondition)

   DataSourceAutoConfiguration matched:
      - @ConditionalOnClass found required classes 'javax.sql.DataSource', 'org.springframework.jdbc.datasource.embedded.EmbeddedDatabaseType' (OnClassCondition)
      - @ConditionalOnMissingBean (types: ?; SearchStrategy: all) did not find any beans (OnBeanCondition)

   DataSourceAutoConfiguration.PooledDataSourceConfiguration matched:
      - AnyNestedCondition 1 matched 1 did not; NestedCondition on DataSourceAutoConfiguration.PooledDataSourceCondition.PooledDataSourceAvailable PooledDataSource found supported DataSource; NestedCondition on DataSourceAutoConfiguration.PooledDataSourceCondition.ExplicitType @ConditionalOnProperty (spring.datasource.type) did not find property 'spring.datasource.type' (DataSourceAutoConfiguration.PooledDataSourceCondition)
      - @ConditionalOnMissingBean (types: javax.sql.DataSource,javax.sql.XADataSource; SearchStrategy: all) did not find any beans (OnBeanCondition)

   DataSourceAutoConfiguration.PooledDataSourceConfiguration#jdbcConnectionDetails matched:
      - @ConditionalOnMissingBean (types: org.springframework.boot.autoconfigure.jdbc.JdbcConnectionDetails; SearchStrategy: all) did not find any beans (OnBeanCondition)

   DataSourceConfiguration.Hikari matched:
      - @ConditionalOnClass found required class 'com.zaxxer.hikari.HikariDataSource' (OnClassCondition)
      - @ConditionalOnProperty (spring.datasource.type=com.zaxxer.hikari.HikariDataSource) matched (OnPropertyCondition)
      - @ConditionalOnMissingBean (types: javax.sql.DataSource; SearchStrategy: all) did not find any beans (OnBeanCondition)

   DataSourceHealthContributorAutoConfiguration matched:
      - @ConditionalOnClass found required classes 'org.springframework.jdbc.core.JdbcTemplate', 'org.springframework.jdbc.datasource.lookup.AbstractRoutingDataSource' (OnClassCondition)
      - @ConditionalOnEnabledHealthIndicator management.health.defaults.enabled is considered true (OnEnabledHealthIndicatorCondition)
      - @ConditionalOnBean (types: javax.sql.DataSource; SearchStrategy: all) found bean 'dataSource' (OnBeanCondition)

   DataSourceHealthContributorAutoConfiguration#dbHealthContributor matched:
      - @ConditionalOnMissingBean (names: dbHealthIndicator,dbHealthContributor; SearchStrategy: all) did not find any beans (OnBeanCondition)

   DataSourceInitializationConfiguration matched:
      - @ConditionalOnClass found required class 'org.springframework.jdbc.datasource.init.DatabasePopulator' (OnClassCondition)
      - @ConditionalOnSingleCandidate (types: javax.sql.DataSource; SearchStrategy: all) found a single bean 'dataSource'; @ConditionalOnMissingBean (types: org.springframework.boot.autoconfigure.sql.init.SqlDataSourceScriptDatabaseInitializer,org.springframework.boot.autoconfigure.sql.init.SqlR2dbcScriptDatabaseInitializer; SearchStrategy: all) did not find any beans (OnBeanCondition)

   DataSourcePoolMetadataProvidersConfiguration.HikariPoolDataSourceMetadataProviderConfiguration matched:
      - @ConditionalOnClass found required class 'com.zaxxer.hikari.HikariDataSource' (OnClassCondition)

   DataSourcePoolMetricsAutoConfiguration matched:
      - @ConditionalOnClass found required classes 'javax.sql.DataSource', 'io.micrometer.core.instrument.MeterRegistry' (OnClassCondition)
      - @ConditionalOnBean (types: javax.sql.DataSource,io.micrometer.core.instrument.MeterRegistry; SearchStrategy: all) found beans 'simpleMeterRegistry', 'dataSource' (OnBeanCondition)

   DataSourcePoolMetricsAutoConfiguration.DataSourcePoolMetadataMetricsConfiguration matched:
      - @ConditionalOnBean (types: org.springframework.boot.jdbc.metadata.DataSourcePoolMetadataProvider; SearchStrategy: all) found bean 'hikariPoolDataSourceMetadataProvider' (OnBeanCondition)

   DataSourcePoolMetricsAutoConfiguration.HikariDataSourceMetricsConfiguration matched:
      - @ConditionalOnClass found required class 'com.zaxxer.hikari.HikariDataSource' (OnClassCondition)

   DataSourceTransactionManagerAutoConfiguration matched:
      - @ConditionalOnClass found required classes 'javax.sql.DataSource', 'org.springframework.jdbc.core.JdbcTemplate', 'org.springframework.transaction.TransactionManager' (OnClassCondition)

   DataSourceTransactionManagerAutoConfiguration.JdbcTransactionManagerConfiguration matched:
      - @ConditionalOnSingleCandidate (types: javax.sql.DataSource; SearchStrategy: all) found a single bean 'dataSource' (OnBeanCondition)

   DiskSpaceHealthContributorAutoConfiguration matched:
      - @ConditionalOnEnabledHealthIndicator management.health.defaults.enabled is considered true (OnEnabledHealthIndicatorCondition)

   DiskSpaceHealthContributorAutoConfiguration#diskSpaceHealthIndicator matched:
      - @ConditionalOnMissingBean (names: diskSpaceHealthIndicator; SearchStrategy: all) did not find any beans (OnBeanCondition)

   DispatcherServletAutoConfiguration matched:
      - @ConditionalOnClass found required class 'org.springframework.web.servlet.DispatcherServlet' (OnClassCondition)
      - found 'session' scope (OnWebApplicationCondition)

   DispatcherServletAutoConfiguration.DispatcherServletConfiguration matched:
      - @ConditionalOnClass found required class 'jakarta.servlet.ServletRegistration' (OnClassCondition)
      - Default DispatcherServlet did not find dispatcher servlet beans (DispatcherServletAutoConfiguration.DefaultDispatcherServletCondition)

   DispatcherServletAutoConfiguration.DispatcherServletRegistrationConfiguration matched:
      - @ConditionalOnClass found required class 'jakarta.servlet.ServletRegistration' (OnClassCondition)
      - DispatcherServlet Registration did not find servlet registration bean (DispatcherServletAutoConfiguration.DispatcherServletRegistrationCondition)

   DispatcherServletAutoConfiguration.DispatcherServletRegistrationConfiguration#dispatcherServletRegistration matched:
      - @ConditionalOnBean (names: dispatcherServlet types: org.springframework.web.servlet.DispatcherServlet; SearchStrategy: all) found bean 'dispatcherServlet' (OnBeanCondition)

   EmbeddedWebServerFactoryCustomizerAutoConfiguration matched:
      - @ConditionalOnWebApplication (required) found 'session' scope (OnWebApplicationCondition)
      - @ConditionalOnWarDeployment the application is not deployed as a WAR file. (OnWarDeploymentCondition)

   EmbeddedWebServerFactoryCustomizerAutoConfiguration.TomcatWebServerFactoryCustomizerConfiguration matched:
      - @ConditionalOnClass found required classes 'org.apache.catalina.startup.Tomcat', 'org.apache.coyote.UpgradeProtocol' (OnClassCondition)

   EndpointAutoConfiguration#endpointCachingOperationInvokerAdvisor matched:
      - @ConditionalOnMissingBean (types: org.springframework.boot.actuate.endpoint.invoker.cache.CachingOperationInvokerAdvisor; SearchStrategy: all) did not find any beans (OnBeanCondition)

   EndpointAutoConfiguration#endpointOperationParameterMapper matched:
      - @ConditionalOnMissingBean (types: org.springframework.boot.actuate.endpoint.invoke.ParameterValueMapper; SearchStrategy: all) did not find any beans (OnBeanCondition)

   EndpointAutoConfiguration#propertiesEndpointAccessResolver matched:
      - @ConditionalOnMissingBean (types: org.springframework.boot.actuate.endpoint.EndpointAccessResolver; SearchStrategy: all) did not find any beans (OnBeanCondition)

   ErrorMvcAutoConfiguration matched:
      - @ConditionalOnClass found required classes 'jakarta.servlet.Servlet', 'org.springframework.web.servlet.DispatcherServlet' (OnClassCondition)
      - found 'session' scope (OnWebApplicationCondition)

   ErrorMvcAutoConfiguration#basicErrorController matched:
      - @ConditionalOnMissingBean (types: org.springframework.boot.web.servlet.error.ErrorController; SearchStrategy: current) did not find any beans (OnBeanCondition)

   ErrorMvcAutoConfiguration#errorAttributes matched:
      - @ConditionalOnMissingBean (types: org.springframework.boot.web.servlet.error.ErrorAttributes; SearchStrategy: current) did not find any beans (OnBeanCondition)

   ErrorMvcAutoConfiguration.DefaultErrorViewResolverConfiguration#conventionErrorViewResolver matched:
      - @ConditionalOnBean (types: org.springframework.web.servlet.DispatcherServlet; SearchStrategy: all) found bean 'dispatcherServlet'; @ConditionalOnMissingBean (types: org.springframework.boot.autoconfigure.web.servlet.error.ErrorViewResolver; SearchStrategy: all) did not find any beans (OnBeanCondition)

   ErrorMvcAutoConfiguration.WhitelabelErrorViewConfiguration matched:
      - @ConditionalOnBooleanProperty (server.error.whitelabel.enabled=true) matched (OnPropertyCondition)
      - ErrorTemplate Missing did not find error template view (ErrorMvcAutoConfiguration.ErrorTemplateMissingCondition)

   ErrorMvcAutoConfiguration.WhitelabelErrorViewConfiguration#beanNameViewResolver matched:
      - @ConditionalOnMissingBean (types: org.springframework.web.servlet.view.BeanNameViewResolver; SearchStrategy: all) did not find any beans (OnBeanCondition)

   ErrorMvcAutoConfiguration.WhitelabelErrorViewConfiguration#defaultErrorView matched:
      - @ConditionalOnMissingBean (names: error; SearchStrategy: all) did not find any beans (OnBeanCondition)

   GenericCacheConfiguration matched:
      - Cache org.springframework.boot.autoconfigure.cache.GenericCacheConfiguration automatic cache type (CacheCondition)

   HealthContributorAutoConfiguration#pingHealthContributor matched:
      - @ConditionalOnEnabledHealthIndicator management.health.defaults.enabled is considered true (OnEnabledHealthIndicatorCondition)

   HealthEndpointAutoConfiguration matched:
      - @ConditionalOnAvailableEndpoint marked as exposed by a 'management.endpoints.web.exposure' property (OnAvailableEndpointCondition)

   HealthEndpointConfiguration#healthContributorRegistry matched:
      - @ConditionalOnMissingBean (types: org.springframework.boot.actuate.health.HealthContributorRegistry; SearchStrategy: all) did not find any beans (OnBeanCondition)

   HealthEndpointConfiguration#healthEndpoint matched:
      - @ConditionalOnMissingBean (types: org.springframework.boot.actuate.health.HealthEndpoint; SearchStrategy: all) did not find any beans (OnBeanCondition)

   HealthEndpointConfiguration#healthEndpointGroupMembershipValidator matched:
      - @ConditionalOnBooleanProperty (management.endpoint.health.validate-group-membership=true) matched (OnPropertyCondition)

   HealthEndpointConfiguration#healthEndpointGroups matched:
      - @ConditionalOnMissingBean (types: org.springframework.boot.actuate.health.HealthEndpointGroups; SearchStrategy: all) did not find any beans (OnBeanCondition)

   HealthEndpointConfiguration#healthHttpCodeStatusMapper matched:
      - @ConditionalOnMissingBean (types: org.springframework.boot.actuate.health.HttpCodeStatusMapper; SearchStrategy: all) did not find any beans (OnBeanCondition)

   HealthEndpointConfiguration#healthStatusAggregator matched:
      - @ConditionalOnMissingBean (types: org.springframework.boot.actuate.health.StatusAggregator; SearchStrategy: all) did not find any beans (OnBeanCondition)

   HealthEndpointWebExtensionConfiguration matched:
      - found 'session' scope (OnWebApplicationCondition)
      - @ConditionalOnAvailableEndpoint marked as exposed by a 'management.endpoints.web.exposure' property (OnAvailableEndpointCondition)
      - @ConditionalOnBean (types: org.springframework.boot.actuate.health.HealthEndpoint; SearchStrategy: all) found bean 'healthEndpoint' (OnBeanCondition)

   HealthEndpointWebExtensionConfiguration#healthEndpointWebExtension matched:
      - @ConditionalOnMissingBean (types: org.springframework.boot.actuate.health.HealthEndpointWebExtension; SearchStrategy: all) did not find any beans (OnBeanCondition)

   HealthEndpointWebExtensionConfiguration.MvcAdditionalHealthEndpointPathsConfiguration matched:
      - @ConditionalOnBean (types: org.springframework.web.servlet.DispatcherServlet; SearchStrategy: all) found bean 'dispatcherServlet' (OnBeanCondition)

   HibernateJpaAutoConfiguration matched:
      - @ConditionalOnClass found required classes 'org.springframework.orm.jpa.LocalContainerEntityManagerFactoryBean', 'jakarta.persistence.EntityManager', 'org.hibernate.engine.spi.SessionImplementor' (OnClassCondition)

   HibernateJpaConfiguration matched:
      - @ConditionalOnSingleCandidate (types: javax.sql.DataSource; SearchStrategy: all) found a single bean 'dataSource' (OnBeanCondition)

   HttpClientAutoConfiguration matched:
      - @ConditionalOnClass found required class 'org.springframework.http.client.ClientHttpRequestFactory' (OnClassCondition)
      - NoneNestedConditions 0 matched 1 did not; NestedCondition on NotReactiveWebApplicationCondition.ReactiveWebApplication did not find reactive web application classes (NotReactiveWebApplicationCondition)

   HttpClientAutoConfiguration#clientHttpRequestFactoryBuilder matched:
      - @ConditionalOnMissingBean (types: org.springframework.boot.http.client.ClientHttpRequestFactoryBuilder<?>; SearchStrategy: all) did not find any beans (OnBeanCondition)

   HttpClientAutoConfiguration#clientHttpRequestFactorySettings matched:
      - @ConditionalOnMissingBean (types: org.springframework.boot.http.client.ClientHttpRequestFactorySettings; SearchStrategy: all) did not find any beans (OnBeanCondition)

   HttpClientObservationsAutoConfiguration matched:
      - @ConditionalOnClass found required class 'io.micrometer.observation.Observation' (OnClassCondition)
      - @ConditionalOnBean (types: io.micrometer.observation.ObservationRegistry; SearchStrategy: all) found bean 'observationRegistry' (OnBeanCondition)

   HttpClientObservationsAutoConfiguration.MeterFilterConfiguration matched:
      - @ConditionalOnClass found required class 'io.micrometer.core.instrument.MeterRegistry' (OnClassCondition)
      - @ConditionalOnBean (types: io.micrometer.core.instrument.MeterRegistry; SearchStrategy: all) found bean 'simpleMeterRegistry' (OnBeanCondition)

   HttpEncodingAutoConfiguration matched:
      - @ConditionalOnClass found required class 'org.springframework.web.filter.CharacterEncodingFilter' (OnClassCondition)
      - found 'session' scope (OnWebApplicationCondition)
      - @ConditionalOnBooleanProperty (server.servlet.encoding.enabled=true) matched (OnPropertyCondition)

   HttpEncodingAutoConfiguration#characterEncodingFilter matched:
      - @ConditionalOnMissingBean (types: org.springframework.web.filter.CharacterEncodingFilter; SearchStrategy: all) did not find any beans (OnBeanCondition)

   HttpMessageConvertersAutoConfiguration matched:
      - @ConditionalOnClass found required class 'org.springframework.http.converter.HttpMessageConverter' (OnClassCondition)
      - NoneNestedConditions 0 matched 1 did not; NestedCondition on HttpMessageConvertersAutoConfiguration.NotReactiveWebApplicationCondition.ReactiveWebApplication did not find reactive web application classes (HttpMessageConvertersAutoConfiguration.NotReactiveWebApplicationCondition)

   HttpMessageConvertersAutoConfiguration#messageConverters matched:
      - @ConditionalOnMissingBean (types: org.springframework.boot.autoconfigure.http.HttpMessageConverters; SearchStrategy: all) did not find any beans (OnBeanCondition)

   HttpMessageConvertersAutoConfiguration.StringHttpMessageConverterConfiguration matched:
      - @ConditionalOnClass found required class 'org.springframework.http.converter.StringHttpMessageConverter' (OnClassCondition)

   HttpMessageConvertersAutoConfiguration.StringHttpMessageConverterConfiguration#stringHttpMessageConverter matched:
      - @ConditionalOnMissingBean (types: org.springframework.http.converter.StringHttpMessageConverter; SearchStrategy: all) did not find any beans (OnBeanCondition)

   JacksonAutoConfiguration matched:
      - @ConditionalOnClass found required class 'com.fasterxml.jackson.databind.ObjectMapper' (OnClassCondition)

   JacksonAutoConfiguration.Jackson2ObjectMapperBuilderCustomizerConfiguration matched:
      - @ConditionalOnClass found required class 'org.springframework.http.converter.json.Jackson2ObjectMapperBuilder' (OnClassCondition)

   JacksonAutoConfiguration.JacksonObjectMapperBuilderConfiguration matched:
      - @ConditionalOnClass found required class 'org.springframework.http.converter.json.Jackson2ObjectMapperBuilder' (OnClassCondition)

   JacksonAutoConfiguration.JacksonObjectMapperBuilderConfiguration#jacksonObjectMapperBuilder matched:
      - @ConditionalOnMissingBean (types: org.springframework.http.converter.json.Jackson2ObjectMapperBuilder; SearchStrategy: all) did not find any beans (OnBeanCondition)

   JacksonAutoConfiguration.JacksonObjectMapperConfiguration matched:
      - @ConditionalOnClass found required class 'org.springframework.http.converter.json.Jackson2ObjectMapperBuilder' (OnClassCondition)

   JacksonAutoConfiguration.JacksonObjectMapperConfiguration#jacksonObjectMapper matched:
      - @ConditionalOnMissingBean (types: com.fasterxml.jackson.databind.ObjectMapper; SearchStrategy: all) did not find any beans (OnBeanCondition)

   JacksonAutoConfiguration.ParameterNamesModuleConfiguration matched:
      - @ConditionalOnClass found required class 'com.fasterxml.jackson.module.paramnames.ParameterNamesModule' (OnClassCondition)

   JacksonAutoConfiguration.ParameterNamesModuleConfiguration#parameterNamesModule matched:
      - @ConditionalOnMissingBean (types: com.fasterxml.jackson.module.paramnames.ParameterNamesModule; SearchStrategy: all) did not find any beans (OnBeanCondition)

   JacksonEndpointAutoConfiguration#endpointObjectMapper matched:
      - @ConditionalOnClass found required classes 'com.fasterxml.jackson.databind.ObjectMapper', 'org.springframework.http.converter.json.Jackson2ObjectMapperBuilder' (OnClassCondition)
      - @ConditionalOnBooleanProperty (management.endpoints.jackson.isolated-object-mapper=true) matched (OnPropertyCondition)

   JacksonHttpMessageConvertersConfiguration.MappingJackson2HttpMessageConverterConfiguration matched:
      - @ConditionalOnClass found required class 'com.fasterxml.jackson.databind.ObjectMapper' (OnClassCondition)
      - @ConditionalOnPreferredJsonMapper JACKSON no property was configured and Jackson is the default (OnPreferredJsonMapperCondition)
      - @ConditionalOnBean (types: com.fasterxml.jackson.databind.ObjectMapper; SearchStrategy: all) found bean 'jacksonObjectMapper' (OnBeanCondition)

   JacksonHttpMessageConvertersConfiguration.MappingJackson2HttpMessageConverterConfiguration#mappingJackson2HttpMessageConverter matched:
      - @ConditionalOnMissingBean (types: org.springframework.http.converter.json.MappingJackson2HttpMessageConverter ignored: ?; SearchStrategy: all) did not find any beans (OnBeanCondition)

   JdbcClientAutoConfiguration matched:
      - @ConditionalOnSingleCandidate (types: org.springframework.jdbc.core.namedparam.NamedParameterJdbcTemplate; SearchStrategy: all) found a single bean 'namedParameterJdbcTemplate'; @ConditionalOnMissingBean (types: org.springframework.jdbc.core.simple.JdbcClient; SearchStrategy: all) did not find any beans (OnBeanCondition)

   JdbcTemplateAutoConfiguration matched:
      - @ConditionalOnClass found required classes 'javax.sql.DataSource', 'org.springframework.jdbc.core.JdbcTemplate' (OnClassCondition)
      - @ConditionalOnSingleCandidate (types: javax.sql.DataSource; SearchStrategy: all) found a single bean 'dataSource' (OnBeanCondition)

   JdbcTemplateConfiguration matched:
      - @ConditionalOnMissingBean (types: org.springframework.jdbc.core.JdbcOperations; SearchStrategy: all) did not find any beans (OnBeanCondition)

   JpaBaseConfiguration#entityManagerFactory matched:
      - @ConditionalOnMissingBean (types: org.springframework.orm.jpa.LocalContainerEntityManagerFactoryBean,jakarta.persistence.EntityManagerFactory; SearchStrategy: all) did not find any beans (OnBeanCondition)

   JpaBaseConfiguration#entityManagerFactoryBuilder matched:
      - @ConditionalOnMissingBean (types: org.springframework.boot.orm.jpa.EntityManagerFactoryBuilder; SearchStrategy: all) did not find any beans (OnBeanCondition)

   JpaBaseConfiguration#jpaVendorAdapter matched:
      - @ConditionalOnMissingBean (types: org.springframework.orm.jpa.JpaVendorAdapter; SearchStrategy: all) did not find any beans (OnBeanCondition)

   JpaBaseConfiguration#transactionManager matched:
      - @ConditionalOnMissingBean (types: org.springframework.transaction.TransactionManager; SearchStrategy: all) did not find any beans (OnBeanCondition)

   JpaBaseConfiguration.JpaWebConfiguration matched:
      - @ConditionalOnClass found required class 'org.springframework.web.servlet.config.annotation.WebMvcConfigurer' (OnClassCondition)
      - found 'session' scope (OnWebApplicationCondition)
      - @ConditionalOnBooleanProperty (spring.jpa.open-in-view=true) matched (OnPropertyCondition)
      - @ConditionalOnMissingBean (types: org.springframework.orm.jpa.support.OpenEntityManagerInViewInterceptor,org.springframework.orm.jpa.support.OpenEntityManagerInViewFilter; SearchStrategy: all) did not find any beans (OnBeanCondition)

   JpaBaseConfiguration.PersistenceManagedTypesConfiguration matched:
      - @ConditionalOnMissingBean (types: org.springframework.orm.jpa.LocalContainerEntityManagerFactoryBean,jakarta.persistence.EntityManagerFactory; SearchStrategy: all) did not find any beans (OnBeanCondition)

   JpaBaseConfiguration.PersistenceManagedTypesConfiguration#persistenceManagedTypes matched:
      - @ConditionalOnMissingBean (types: org.springframework.orm.jpa.persistenceunit.PersistenceManagedTypes; SearchStrategy: all) did not find any beans (OnBeanCondition)

   JpaRepositoriesAutoConfiguration matched:
      - @ConditionalOnClass found required class 'org.springframework.data.jpa.repository.JpaRepository' (OnClassCondition)
      - @ConditionalOnBooleanProperty (spring.data.jpa.repositories.enabled=true) matched (OnPropertyCondition)
      - @ConditionalOnBean (types: javax.sql.DataSource; SearchStrategy: all) found bean 'dataSource'; @ConditionalOnMissingBean (types: org.springframework.data.jpa.repository.support.JpaRepositoryFactoryBean,org.springframework.data.jpa.repository.config.JpaRepositoryConfigExtension; SearchStrategy: all) did not find any beans (OnBeanCondition)

   JtaAutoConfiguration matched:
      - @ConditionalOnClass found required class 'jakarta.transaction.Transaction' (OnClassCondition)
      - @ConditionalOnBooleanProperty (spring.jta.enabled=true) matched (OnPropertyCondition)

   JvmMetricsAutoConfiguration matched:
      - @ConditionalOnClass found required class 'io.micrometer.core.instrument.MeterRegistry' (OnClassCondition)
      - @ConditionalOnBean (types: io.micrometer.core.instrument.MeterRegistry; SearchStrategy: all) found bean 'simpleMeterRegistry' (OnBeanCondition)

   JvmMetricsAutoConfiguration#classLoaderMetrics matched:
      - @ConditionalOnMissingBean (types: io.micrometer.core.instrument.binder.jvm.ClassLoaderMetrics; SearchStrategy: all) did not find any beans (OnBeanCondition)

   JvmMetricsAutoConfiguration#jvmCompilationMetrics matched:
      - @ConditionalOnMissingBean (types: io.micrometer.core.instrument.binder.jvm.JvmCompilationMetrics; SearchStrategy: all) did not find any beans (OnBeanCondition)

   JvmMetricsAutoConfiguration#jvmGcMetrics matched:
      - @ConditionalOnMissingBean (types: io.micrometer.core.instrument.binder.jvm.JvmGcMetrics; SearchStrategy: all) did not find any beans (OnBeanCondition)

   JvmMetricsAutoConfiguration#jvmHeapPressureMetrics matched:
      - @ConditionalOnMissingBean (types: io.micrometer.core.instrument.binder.jvm.JvmHeapPressureMetrics; SearchStrategy: all) did not find any beans (OnBeanCondition)

   JvmMetricsAutoConfiguration#jvmInfoMetrics matched:
      - @ConditionalOnMissingBean (types: io.micrometer.core.instrument.binder.jvm.JvmInfoMetrics; SearchStrategy: all) did not find any beans (OnBeanCondition)

   JvmMetricsAutoConfiguration#jvmMemoryMetrics matched:
      - @ConditionalOnMissingBean (types: io.micrometer.core.instrument.binder.jvm.JvmMemoryMetrics; SearchStrategy: all) did not find any beans (OnBeanCondition)

   JvmMetricsAutoConfiguration#jvmThreadMetrics matched:
      - @ConditionalOnMissingBean (types: io.micrometer.core.instrument.binder.jvm.JvmThreadMetrics; SearchStrategy: all) did not find any beans (OnBeanCondition)

   LifecycleAutoConfiguration#defaultLifecycleProcessor matched:
      - @ConditionalOnMissingBean (names: lifecycleProcessor; SearchStrategy: current) did not find any beans (OnBeanCondition)

   LogbackMetricsAutoConfiguration matched:
      - @ConditionalOnClass found required classes 'io.micrometer.core.instrument.MeterRegistry', 'ch.qos.logback.classic.LoggerContext', 'org.slf4j.LoggerFactory' (OnClassCondition)
      - LogbackLoggingCondition ILoggerFactory is a Logback LoggerContext (LogbackMetricsAutoConfiguration.LogbackLoggingCondition)
      - @ConditionalOnBean (types: io.micrometer.core.instrument.MeterRegistry; SearchStrategy: all) found bean 'simpleMeterRegistry' (OnBeanCondition)

   LogbackMetricsAutoConfiguration#logbackMetrics matched:
      - @ConditionalOnMissingBean (types: io.micrometer.core.instrument.binder.logging.LogbackMetrics; SearchStrategy: all) did not find any beans (OnBeanCondition)

   ManagementContextAutoConfiguration.SameManagementContextConfiguration matched:
      - Management Port actual port type (SAME) matched required type (OnManagementPortCondition)

   MetricsAutoConfiguration matched:
      - @ConditionalOnClass found required class 'io.micrometer.core.annotation.Timed' (OnClassCondition)

   MetricsAutoConfiguration#micrometerClock matched:
      - @ConditionalOnMissingBean (types: io.micrometer.core.instrument.Clock; SearchStrategy: all) did not find any beans (OnBeanCondition)

   MultipartAutoConfiguration matched:
      - @ConditionalOnClass found required classes 'jakarta.servlet.Servlet', 'org.springframework.web.multipart.support.StandardServletMultipartResolver', 'jakarta.servlet.MultipartConfigElement' (OnClassCondition)
      - found 'session' scope (OnWebApplicationCondition)
      - @ConditionalOnBooleanProperty (spring.servlet.multipart.enabled=true) matched (OnPropertyCondition)

   MultipartAutoConfiguration#multipartConfigElement matched:
      - @ConditionalOnMissingBean (types: jakarta.servlet.MultipartConfigElement; SearchStrategy: all) did not find any beans (OnBeanCondition)

   MultipartAutoConfiguration#multipartResolver matched:
      - @ConditionalOnMissingBean (types: org.springframework.web.multipart.MultipartResolver; SearchStrategy: all) did not find any beans (OnBeanCondition)

   NamedParameterJdbcTemplateConfiguration matched:
      - @ConditionalOnSingleCandidate (types: org.springframework.jdbc.core.JdbcTemplate; SearchStrategy: all) found a single bean 'jdbcTemplate'; @ConditionalOnMissingBean (types: org.springframework.jdbc.core.namedparam.NamedParameterJdbcOperations; SearchStrategy: all) did not find any beans (OnBeanCondition)

   NoOpCacheConfiguration matched:
      - Cache org.springframework.boot.autoconfigure.cache.NoOpCacheConfiguration automatic cache type (CacheCondition)

   ObservationAutoConfiguration matched:
      - @ConditionalOnClass found required class 'io.micrometer.observation.ObservationRegistry' (OnClassCondition)

   ObservationAutoConfiguration#observationRegistry matched:
      - @ConditionalOnMissingBean (types: io.micrometer.observation.ObservationRegistry; SearchStrategy: all) did not find any beans (OnBeanCondition)

   ObservationAutoConfiguration.MeterObservationHandlerConfiguration matched:
      - @ConditionalOnBean (types: io.micrometer.core.instrument.MeterRegistry; SearchStrategy: all) found bean 'simpleMeterRegistry'; @ConditionalOnMissingBean (types: io.micrometer.core.instrument.observation.MeterObservationHandler; SearchStrategy: all) did not find any beans (OnBeanCondition)

   ObservationAutoConfiguration.MeterObservationHandlerConfiguration.OnlyMetricsMeterObservationHandlerConfiguration matched:
      - @ConditionalOnMissingBean (types: ?; SearchStrategy: all) did not find any beans (OnBeanCondition)

   ObservationAutoConfiguration.OnlyMetricsConfiguration matched:
      - @ConditionalOnClass found required class 'io.micrometer.core.instrument.MeterRegistry'; @ConditionalOnMissingClass did not find unwanted class 'io.micrometer.tracing.Tracer' (OnClassCondition)

   PersistenceExceptionTranslationAutoConfiguration matched:
      - @ConditionalOnClass found required class 'org.springframework.dao.annotation.PersistenceExceptionTranslationPostProcessor' (OnClassCondition)

   PersistenceExceptionTranslationAutoConfiguration#persistenceExceptionTranslationPostProcessor matched:
      - @ConditionalOnBooleanProperty (spring.dao.exceptiontranslation.enabled=true) matched (OnPropertyCondition)
      - @ConditionalOnMissingBean (types: org.springframework.dao.annotation.PersistenceExceptionTranslationPostProcessor; SearchStrategy: all) did not find any beans (OnBeanCondition)

   PropertyPlaceholderAutoConfiguration#propertySourcesPlaceholderConfigurer matched:
      - @ConditionalOnMissingBean (types: org.springframework.context.support.PropertySourcesPlaceholderConfigurer; SearchStrategy: current) did not find any beans (OnBeanCondition)

   RepositoryMetricsAutoConfiguration matched:
      - @ConditionalOnClass found required class 'org.springframework.data.repository.Repository' (OnClassCondition)
      - @ConditionalOnBean (types: io.micrometer.core.instrument.MeterRegistry; SearchStrategy: all) found bean 'simpleMeterRegistry' (OnBeanCondition)

   RepositoryMetricsAutoConfiguration#metricsRepositoryMethodInvocationListener matched:
      - @ConditionalOnMissingBean (types: org.springframework.boot.actuate.metrics.data.MetricsRepositoryMethodInvocationListener; SearchStrategy: all) did not find any beans (OnBeanCondition)

   RepositoryMetricsAutoConfiguration#repositoryTagsProvider matched:
      - @ConditionalOnMissingBean (types: org.springframework.boot.actuate.metrics.data.RepositoryTagsProvider; SearchStrategy: all) did not find any beans (OnBeanCondition)

   RestClientAutoConfiguration matched:
      - @ConditionalOnClass found required class 'org.springframework.web.client.RestClient' (OnClassCondition)
      - AnyNestedCondition 1 matched 1 did not; NestedCondition on NotReactiveWebApplicationOrVirtualThreadsExecutorEnabledCondition.VirtualThreadsExecutorEnabled found non-matching nested conditions @ConditionalOnThreading did not find VIRTUAL; NestedCondition on NotReactiveWebApplicationOrVirtualThreadsExecutorEnabledCondition.NotReactiveWebApplication NoneNestedConditions 0 matched 1 did not; NestedCondition on NotReactiveWebApplicationCondition.ReactiveWebApplication did not find reactive web application classes (NotReactiveWebApplicationOrVirtualThreadsExecutorEnabledCondition)

   RestClientAutoConfiguration#httpMessageConvertersRestClientCustomizer matched:
      - @ConditionalOnMissingBean (types: org.springframework.boot.autoconfigure.web.client.HttpMessageConvertersRestClientCustomizer; SearchStrategy: all) did not find any beans (OnBeanCondition)

   RestClientAutoConfiguration#restClientBuilder matched:
      - @ConditionalOnMissingBean (types: org.springframework.web.client.RestClient$Builder; SearchStrategy: all) did not find any beans (OnBeanCondition)

   RestClientAutoConfiguration#restClientBuilderConfigurer matched:
      - @ConditionalOnMissingBean (types: org.springframework.boot.autoconfigure.web.client.RestClientBuilderConfigurer; SearchStrategy: all) did not find any beans (OnBeanCondition)

   RestClientAutoConfiguration#restClientSsl matched:
      - @ConditionalOnBean (types: org.springframework.boot.ssl.SslBundles; SearchStrategy: all) found bean 'sslBundleRegistry'; @ConditionalOnMissingBean (types: org.springframework.boot.autoconfigure.web.client.RestClientSsl; SearchStrategy: all) did not find any beans (OnBeanCondition)

   RestClientObservationConfiguration matched:
      - @ConditionalOnClass found required class 'org.springframework.web.client.RestClient' (OnClassCondition)
      - @ConditionalOnBean (types: org.springframework.web.client.RestClient$Builder; SearchStrategy: all) found bean 'restClientBuilder' (OnBeanCondition)

   RestTemplateAutoConfiguration matched:
      - @ConditionalOnClass found required class 'org.springframework.web.client.RestTemplate' (OnClassCondition)
      - NoneNestedConditions 0 matched 1 did not; NestedCondition on NotReactiveWebApplicationCondition.ReactiveWebApplication did not find reactive web application classes (NotReactiveWebApplicationCondition)

   RestTemplateAutoConfiguration#restTemplateBuilder matched:
      - @ConditionalOnMissingBean (types: org.springframework.boot.web.client.RestTemplateBuilder; SearchStrategy: all) did not find any beans (OnBeanCondition)

   RestTemplateObservationConfiguration matched:
      - @ConditionalOnClass found required class 'org.springframework.web.client.RestTemplate' (OnClassCondition)
      - @ConditionalOnBean (types: org.springframework.boot.web.client.RestTemplateBuilder; SearchStrategy: all) found bean 'restTemplateBuilder' (OnBeanCondition)

   ScheduledTasksObservabilityAutoConfiguration matched:
      - @ConditionalOnClass found required class 'org.springframework.scheduling.concurrent.ThreadPoolTaskScheduler' (OnClassCondition)
      - @ConditionalOnBean (types: io.micrometer.observation.ObservationRegistry; SearchStrategy: all) found bean 'observationRegistry' (OnBeanCondition)

   SecurityFilterAutoConfiguration matched:
      - @ConditionalOnClass found required classes 'org.springframework.security.web.context.AbstractSecurityWebApplicationInitializer', 'org.springframework.security.config.http.SessionCreationPolicy' (OnClassCondition)
      - found 'session' scope (OnWebApplicationCondition)

   SecurityFilterAutoConfiguration#securityFilterChainRegistration matched:
      - @ConditionalOnBean (names: springSecurityFilterChain; SearchStrategy: all) found bean 'springSecurityFilterChain' (OnBeanCondition)

   SecurityRequestMatchersManagementContextConfiguration matched:
      - @ConditionalOnClass found required class 'org.springframework.security.web.util.matcher.RequestMatcher' (OnClassCondition)
      - found 'session' scope (OnWebApplicationCondition)

   SecurityRequestMatchersManagementContextConfiguration.MvcRequestMatcherConfiguration matched:
      - @ConditionalOnClass found required class 'org.springframework.web.servlet.DispatcherServlet' (OnClassCondition)
      - @ConditionalOnBean (types: org.springframework.boot.autoconfigure.web.servlet.DispatcherServletPath; SearchStrategy: all) found bean 'dispatcherServletRegistration' (OnBeanCondition)

   SecurityRequestMatchersManagementContextConfiguration.MvcRequestMatcherConfiguration#requestMatcherProvider matched:
      - @ConditionalOnClass found required class 'org.springframework.web.servlet.DispatcherServlet' (OnClassCondition)
      - @ConditionalOnMissingBean (types: org.springframework.boot.actuate.autoconfigure.security.servlet.RequestMatcherProvider; SearchStrategy: all) did not find any beans (OnBeanCondition)

   ServletEndpointManagementContextConfiguration matched:
      - found 'session' scope (OnWebApplicationCondition)

   ServletEndpointManagementContextConfiguration.WebMvcServletEndpointManagementContextConfiguration matched:
      - @ConditionalOnClass found required class 'org.springframework.web.servlet.DispatcherServlet' (OnClassCondition)

   ServletManagementContextAutoConfiguration matched:
      - @ConditionalOnClass found required class 'jakarta.servlet.Servlet' (OnClassCondition)
      - found 'session' scope (OnWebApplicationCondition)

   ServletWebServerFactoryAutoConfiguration matched:
      - @ConditionalOnClass found required class 'jakarta.servlet.ServletRequest' (OnClassCondition)
      - found 'session' scope (OnWebApplicationCondition)

   ServletWebServerFactoryAutoConfiguration#tomcatServletWebServerFactoryCustomizer matched:
      - @ConditionalOnClass found required class 'org.apache.catalina.startup.Tomcat' (OnClassCondition)

   ServletWebServerFactoryConfiguration.EmbeddedTomcat matched:
      - @ConditionalOnClass found required classes 'jakarta.servlet.Servlet', 'org.apache.catalina.startup.Tomcat', 'org.apache.coyote.UpgradeProtocol' (OnClassCondition)
      - @ConditionalOnMissingBean (types: org.springframework.boot.web.servlet.server.ServletWebServerFactory; SearchStrategy: current) did not find any beans (OnBeanCondition)

   SimpleCacheConfiguration matched:
      - Cache org.springframework.boot.autoconfigure.cache.SimpleCacheConfiguration automatic cache type (CacheCondition)

   SimpleMetricsExportAutoConfiguration matched:
      - @ConditionalOnEnabledMetricsExport management.defaults.metrics.export.enabled is considered true (OnMetricsExportEnabledCondition)
      - @ConditionalOnBean (types: io.micrometer.core.instrument.Clock; SearchStrategy: all) found bean 'micrometerClock'; @ConditionalOnMissingBean (types: io.micrometer.core.instrument.MeterRegistry; SearchStrategy: all) did not find any beans (OnBeanCondition)

   SimpleMetricsExportAutoConfiguration#simpleConfig matched:
      - @ConditionalOnMissingBean (types: io.micrometer.core.instrument.simple.SimpleConfig; SearchStrategy: all) did not find any beans (OnBeanCondition)

   SpringDataWebAutoConfiguration matched:
      - @ConditionalOnClass found required classes 'org.springframework.data.web.PageableHandlerMethodArgumentResolver', 'org.springframework.web.servlet.config.annotation.WebMvcConfigurer' (OnClassCondition)
      - found 'session' scope (OnWebApplicationCondition)
      - @ConditionalOnMissingBean (types: org.springframework.data.web.PageableHandlerMethodArgumentResolver; SearchStrategy: all) did not find any beans (OnBeanCondition)

   SpringDataWebAutoConfiguration#pageableCustomizer matched:
      - @ConditionalOnMissingBean (types: org.springframework.data.web.config.PageableHandlerMethodArgumentResolverCustomizer; SearchStrategy: all) did not find any beans (OnBeanCondition)

   SpringDataWebAutoConfiguration#sortCustomizer matched:
      - @ConditionalOnMissingBean (types: org.springframework.data.web.config.SortHandlerMethodArgumentResolverCustomizer; SearchStrategy: all) did not find any beans (OnBeanCondition)

   SpringDataWebAutoConfiguration#springDataWebSettings matched:
      - @ConditionalOnMissingBean (types: org.springframework.data.web.config.SpringDataWebSettings; SearchStrategy: all) did not find any beans (OnBeanCondition)

   SqlInitializationAutoConfiguration matched:
      - @ConditionalOnBooleanProperty (spring.sql.init.enabled=true) matched (OnPropertyCondition)
      - NoneNestedConditions 0 matched 1 did not; NestedCondition on SqlInitializationAutoConfiguration.SqlInitializationModeCondition.ModeIsNever @ConditionalOnProperty (spring.sql.init.mode=never) did not find property 'spring.sql.init.mode' (SqlInitializationAutoConfiguration.SqlInitializationModeCondition)

   SslAutoConfiguration#sslBundleRegistry matched:
      - @ConditionalOnMissingBean (types: org.springframework.boot.ssl.SslBundleRegistry,org.springframework.boot.ssl.SslBundles; SearchStrategy: all) did not find any beans (OnBeanCondition)

   SslHealthContributorAutoConfiguration matched:
      - @ConditionalOnEnabledHealthIndicator management.health.defaults.enabled is considered true (OnEnabledHealthIndicatorCondition)

   SslHealthContributorAutoConfiguration#sslHealthIndicator matched:
      - @ConditionalOnMissingBean (names: sslHealthIndicator; SearchStrategy: all) did not find any beans (OnBeanCondition)

   SslHealthContributorAutoConfiguration#sslInfo matched:
      - @ConditionalOnMissingBean (types: org.springframework.boot.info.SslInfo; SearchStrategy: all) did not find any beans (OnBeanCondition)

   SslObservabilityAutoConfiguration matched:
      - @ConditionalOnClass found required class 'io.micrometer.core.instrument.MeterRegistry' (OnClassCondition)
      - @ConditionalOnBean (types: io.micrometer.core.instrument.MeterRegistry,org.springframework.boot.ssl.SslBundles; SearchStrategy: all) found beans 'sslBundleRegistry', 'simpleMeterRegistry' (OnBeanCondition)

   StartupTimeMetricsListenerAutoConfiguration matched:
      - @ConditionalOnClass found required class 'io.micrometer.core.instrument.MeterRegistry' (OnClassCondition)
      - @ConditionalOnBean (types: io.micrometer.core.instrument.MeterRegistry; SearchStrategy: all) found bean 'simpleMeterRegistry' (OnBeanCondition)

   StartupTimeMetricsListenerAutoConfiguration#startupTimeMetrics matched:
      - @ConditionalOnMissingBean (types: org.springframework.boot.actuate.metrics.startup.StartupTimeMetricsListener; SearchStrategy: all) did not find any beans (OnBeanCondition)

   SystemMetricsAutoConfiguration matched:
      - @ConditionalOnClass found required class 'io.micrometer.core.instrument.MeterRegistry' (OnClassCondition)
      - @ConditionalOnBean (types: io.micrometer.core.instrument.MeterRegistry; SearchStrategy: all) found bean 'simpleMeterRegistry' (OnBeanCondition)

   SystemMetricsAutoConfiguration#diskSpaceMetrics matched:
      - @ConditionalOnMissingBean (types: org.springframework.boot.actuate.metrics.system.DiskSpaceMetricsBinder; SearchStrategy: all) did not find any beans (OnBeanCondition)

   SystemMetricsAutoConfiguration#fileDescriptorMetrics matched:
      - @ConditionalOnMissingBean (types: io.micrometer.core.instrument.binder.system.FileDescriptorMetrics; SearchStrategy: all) did not find any beans (OnBeanCondition)

   SystemMetricsAutoConfiguration#processorMetrics matched:
      - @ConditionalOnMissingBean (types: io.micrometer.core.instrument.binder.system.ProcessorMetrics; SearchStrategy: all) did not find any beans (OnBeanCondition)

   SystemMetricsAutoConfiguration#uptimeMetrics matched:
      - @ConditionalOnMissingBean (types: io.micrometer.core.instrument.binder.system.UptimeMetrics; SearchStrategy: all) did not find any beans (OnBeanCondition)

   TaskExecutionAutoConfiguration matched:
      - @ConditionalOnClass found required class 'org.springframework.scheduling.concurrent.ThreadPoolTaskExecutor' (OnClassCondition)

   TaskExecutorConfigurations.AsyncConfigurerConfiguration matched:
      - @ConditionalOnMissingBean (types: org.springframework.scheduling.annotation.AsyncConfigurer; SearchStrategy: all) did not find any beans (OnBeanCondition)

   TaskExecutorConfigurations.AsyncConfigurerConfiguration#applicationTaskExecutorAsyncConfigurer matched:
      - @ConditionalOnMissingBean (types: org.springframework.scheduling.annotation.AsyncConfigurer; SearchStrategy: all) did not find any beans (OnBeanCondition)

   TaskExecutorConfigurations.SimpleAsyncTaskExecutorBuilderConfiguration#simpleAsyncTaskExecutorBuilder matched:
      - @ConditionalOnMissingBean (types: org.springframework.boot.task.SimpleAsyncTaskExecutorBuilder; SearchStrategy: all) did not find any beans (OnBeanCondition)
      - @ConditionalOnThreading found PLATFORM (OnThreadingCondition)

   TaskExecutorConfigurations.TaskExecutorConfiguration matched:
      - AnyNestedCondition 1 matched 1 did not; NestedCondition on TaskExecutorConfigurations.OnExecutorCondition.ModelCondition @ConditionalOnProperty (spring.task.execution.mode=force) did not find property 'spring.task.execution.mode'; NestedCondition on TaskExecutorConfigurations.OnExecutorCondition.ExecutorBeanCondition @ConditionalOnMissingBean (types: java.util.concurrent.Executor; SearchStrategy: all) did not find any beans (TaskExecutorConfigurations.OnExecutorCondition)

   TaskExecutorConfigurations.TaskExecutorConfiguration#applicationTaskExecutor matched:
      - @ConditionalOnThreading found PLATFORM (OnThreadingCondition)

   TaskExecutorConfigurations.ThreadPoolTaskExecutorBuilderConfiguration#threadPoolTaskExecutorBuilder matched:
      - @ConditionalOnMissingBean (types: org.springframework.boot.task.ThreadPoolTaskExecutorBuilder; SearchStrategy: all) did not find any beans (OnBeanCondition)

   TaskExecutorMetricsAutoConfiguration matched:
      - @ConditionalOnClass found required class 'io.micrometer.core.instrument.binder.jvm.ExecutorServiceMetrics' (OnClassCondition)
      - @ConditionalOnBean (types: java.util.concurrent.Executor,io.micrometer.core.instrument.MeterRegistry; SearchStrategy: all) found beans 'applicationTaskExecutor', 'simpleMeterRegistry' (OnBeanCondition)

   TaskSchedulingAutoConfiguration matched:
      - @ConditionalOnClass found required class 'org.springframework.scheduling.concurrent.ThreadPoolTaskScheduler' (OnClassCondition)

   TaskSchedulingConfigurations.SimpleAsyncTaskSchedulerBuilderConfiguration#simpleAsyncTaskSchedulerBuilder matched:
      - @ConditionalOnMissingBean (types: org.springframework.boot.task.SimpleAsyncTaskSchedulerBuilder; SearchStrategy: all) did not find any beans (OnBeanCondition)
      - @ConditionalOnThreading found PLATFORM (OnThreadingCondition)

   TaskSchedulingConfigurations.ThreadPoolTaskSchedulerBuilderConfiguration#threadPoolTaskSchedulerBuilder matched:
      - @ConditionalOnMissingBean (types: org.springframework.boot.task.ThreadPoolTaskSchedulerBuilder; SearchStrategy: all) did not find any beans (OnBeanCondition)

   TomcatMetricsAutoConfiguration matched:
      - @ConditionalOnClass found required classes 'io.micrometer.core.instrument.binder.tomcat.TomcatMetrics', 'org.apache.catalina.Manager' (OnClassCondition)
      - @ConditionalOnWebApplication (required) found 'session' scope (OnWebApplicationCondition)

   TomcatMetricsAutoConfiguration#tomcatMetricsBinder matched:
      - @ConditionalOnBean (types: io.micrometer.core.instrument.MeterRegistry; SearchStrategy: all) found bean 'simpleMeterRegistry'; @ConditionalOnMissingBean (types: io.micrometer.core.instrument.binder.tomcat.TomcatMetrics,org.springframework.boot.actuate.metrics.web.tomcat.TomcatMetricsBinder; SearchStrategy: all) did not find any beans (OnBeanCondition)

   TransactionAutoConfiguration matched:
      - @ConditionalOnClass found required class 'org.springframework.transaction.PlatformTransactionManager' (OnClassCondition)

   TransactionAutoConfiguration.EnableTransactionManagementConfiguration matched:
      - @ConditionalOnBean (types: org.springframework.transaction.TransactionManager; SearchStrategy: all) found bean 'transactionManager'; @ConditionalOnMissingBean (types: org.springframework.transaction.annotation.AbstractTransactionManagementConfiguration; SearchStrategy: all) did not find any beans (OnBeanCondition)

   TransactionAutoConfiguration.EnableTransactionManagementConfiguration.CglibAutoProxyConfiguration matched:
      - @ConditionalOnBooleanProperty (spring.aop.proxy-target-class=true) matched (OnPropertyCondition)

   TransactionAutoConfiguration.TransactionTemplateConfiguration matched:
      - @ConditionalOnSingleCandidate (types: org.springframework.transaction.PlatformTransactionManager; SearchStrategy: all) found a single bean 'transactionManager' (OnBeanCondition)

   TransactionAutoConfiguration.TransactionTemplateConfiguration#transactionTemplate matched:
      - @ConditionalOnMissingBean (types: org.springframework.transaction.support.TransactionOperations; SearchStrategy: all) did not find any beans (OnBeanCondition)

   TransactionManagerCustomizationAutoConfiguration matched:
      - @ConditionalOnClass found required class 'org.springframework.transaction.PlatformTransactionManager' (OnClassCondition)

   TransactionManagerCustomizationAutoConfiguration#platformTransactionManagerCustomizers matched:
      - @ConditionalOnMissingBean (types: org.springframework.boot.autoconfigure.transaction.TransactionManagerCustomizers; SearchStrategy: all) did not find any beans (OnBeanCondition)

   UserDetailsServiceAutoConfiguration matched:
      - @ConditionalOnClass found required class 'org.springframework.security.authentication.AuthenticationManager' (OnClassCondition)
      - found 'session' scope (OnWebApplicationCondition)
      - AnyNestedCondition 3 matched 0 did not; NestedCondition on UserDetailsServiceAutoConfiguration.MissingAlternativeOrUserPropertiesConfigured.PasswordConfigured @ConditionalOnProperty (spring.security.user.password) matched; NestedCondition on UserDetailsServiceAutoConfiguration.MissingAlternativeOrUserPropertiesConfigured.NameConfigured @ConditionalOnProperty (spring.security.user.name) matched; NestedCondition on UserDetailsServiceAutoConfiguration.MissingAlternativeOrUserPropertiesConfigured.MissingAlternative @ConditionalOnMissingClass did not find unwanted classes 'org.springframework.security.oauth2.client.registration.ClientRegistrationRepository', 'org.springframework.security.oauth2.server.resource.introspection.OpaqueTokenIntrospector', 'org.springframework.security.saml2.provider.service.registration.RelyingPartyRegistrationRepository' (UserDetailsServiceAutoConfiguration.MissingAlternativeOrUserPropertiesConfigured)
      - @ConditionalOnBean (types: org.springframework.security.config.ObjectPostProcessor; SearchStrategy: all) found beans 'objectPostProcessor', 'webAuthorizationManagerPostProcessor', 'filterChainDecoratorPostProcessor', 'authenticationManagerPostProcessor'; @ConditionalOnMissingBean (types: org.springframework.security.authentication.AuthenticationManager,org.springframework.security.authentication.AuthenticationProvider,org.springframework.security.core.userdetails.UserDetailsService,org.springframework.security.authentication.AuthenticationManagerResolver,?; SearchStrategy: all) did not find any beans (OnBeanCondition)

   WebEndpointAutoConfiguration matched:
      - @ConditionalOnWebApplication (required) found 'session' scope (OnWebApplicationCondition)

   WebEndpointAutoConfiguration#controllerEndpointDiscoverer matched:
      - @ConditionalOnMissingBean (types: org.springframework.boot.actuate.endpoint.web.annotation.ControllerEndpointsSupplier; SearchStrategy: all) did not find any beans (OnBeanCondition)

   WebEndpointAutoConfiguration#endpointMediaTypes matched:
      - @ConditionalOnMissingBean (types: org.springframework.boot.actuate.endpoint.web.EndpointMediaTypes; SearchStrategy: all) did not find any beans (OnBeanCondition)

   WebEndpointAutoConfiguration#pathMappedEndpoints matched:
      - @ConditionalOnMissingBean (types: org.springframework.boot.actuate.endpoint.web.PathMappedEndpoints; SearchStrategy: all) did not find any beans (OnBeanCondition)

   WebEndpointAutoConfiguration#webEndpointDiscoverer matched:
      - @ConditionalOnMissingBean (types: org.springframework.boot.actuate.endpoint.web.WebEndpointsSupplier; SearchStrategy: all) did not find any beans (OnBeanCondition)

   WebEndpointAutoConfiguration.WebEndpointServletConfiguration matched:
      - found 'session' scope (OnWebApplicationCondition)

   WebEndpointAutoConfiguration.WebEndpointServletConfiguration#servletEndpointDiscoverer matched:
      - @ConditionalOnMissingBean (types: org.springframework.boot.actuate.endpoint.web.annotation.ServletEndpointsSupplier; SearchStrategy: all) did not find any beans (OnBeanCondition)

   WebMvcAutoConfiguration matched:
      - @ConditionalOnClass found required classes 'jakarta.servlet.Servlet', 'org.springframework.web.servlet.DispatcherServlet', 'org.springframework.web.servlet.config.annotation.WebMvcConfigurer' (OnClassCondition)
      - found 'session' scope (OnWebApplicationCondition)
      - @ConditionalOnMissingBean (types: org.springframework.web.servlet.config.annotation.WebMvcConfigurationSupport; SearchStrategy: all) did not find any beans (OnBeanCondition)

   WebMvcAutoConfiguration#formContentFilter matched:
      - @ConditionalOnBooleanProperty (spring.mvc.formcontent.filter.enabled=true) matched (OnPropertyCondition)
      - @ConditionalOnMissingBean (types: org.springframework.web.filter.FormContentFilter; SearchStrategy: all) did not find any beans (OnBeanCondition)

   WebMvcAutoConfiguration.EnableWebMvcConfiguration#flashMapManager matched:
      - @ConditionalOnMissingBean (names: flashMapManager; SearchStrategy: all) did not find any beans (OnBeanCondition)

   WebMvcAutoConfiguration.EnableWebMvcConfiguration#localeResolver matched:
      - @ConditionalOnMissingBean (names: localeResolver; SearchStrategy: all) did not find any beans (OnBeanCondition)

   WebMvcAutoConfiguration.EnableWebMvcConfiguration#themeResolver matched:
      - @ConditionalOnMissingBean (names: themeResolver; SearchStrategy: all) did not find any beans (OnBeanCondition)

   WebMvcAutoConfiguration.EnableWebMvcConfiguration#viewNameTranslator matched:
      - @ConditionalOnMissingBean (names: viewNameTranslator; SearchStrategy: all) did not find any beans (OnBeanCondition)

   WebMvcAutoConfiguration.WebMvcAutoConfigurationAdapter#defaultViewResolver matched:
      - @ConditionalOnMissingBean (types: org.springframework.web.servlet.view.InternalResourceViewResolver; SearchStrategy: all) did not find any beans (OnBeanCondition)

   WebMvcAutoConfiguration.WebMvcAutoConfigurationAdapter#requestContextFilter matched:
      - @ConditionalOnMissingBean (types: org.springframework.web.context.request.RequestContextListener,org.springframework.web.filter.RequestContextFilter; SearchStrategy: all) did not find any beans (OnBeanCondition)

   WebMvcAutoConfiguration.WebMvcAutoConfigurationAdapter#viewResolver matched:
      - @ConditionalOnBean (types: org.springframework.web.servlet.ViewResolver; SearchStrategy: all) found beans 'defaultViewResolver', 'beanNameViewResolver', 'mvcViewResolver'; @ConditionalOnMissingBean (names: viewResolver types: org.springframework.web.servlet.view.ContentNegotiatingViewResolver; SearchStrategy: all) did not find any beans (OnBeanCondition)

   WebMvcEndpointManagementContextConfiguration matched:
      - @ConditionalOnClass found required class 'org.springframework.web.servlet.DispatcherServlet' (OnClassCondition)
      - found 'session' scope (OnWebApplicationCondition)
      - @ConditionalOnBean (types: org.springframework.web.servlet.DispatcherServlet,org.springframework.boot.actuate.endpoint.web.WebEndpointsSupplier; SearchStrategy: all) found beans 'webEndpointDiscoverer', 'dispatcherServlet' (OnBeanCondition)

   WebMvcEndpointManagementContextConfiguration#controllerEndpointHandlerMapping matched:
      - @ConditionalOnMissingBean (types: org.springframework.boot.actuate.endpoint.web.servlet.ControllerEndpointHandlerMapping; SearchStrategy: all) did not find any beans (OnBeanCondition)

   WebMvcEndpointManagementContextConfiguration#endpointObjectMapperWebMvcConfigurer matched:
      - @ConditionalOnBean (types: org.springframework.boot.actuate.endpoint.jackson.EndpointObjectMapper; SearchStrategy: all) found bean 'endpointObjectMapper' (OnBeanCondition)

   WebMvcEndpointManagementContextConfiguration#webEndpointServletHandlerMapping matched:
      - @ConditionalOnMissingBean (types: org.springframework.boot.actuate.endpoint.web.servlet.WebMvcEndpointHandlerMapping; SearchStrategy: all) did not find any beans (OnBeanCondition)

   WebMvcObservationAutoConfiguration matched:
      - @ConditionalOnClass found required classes 'org.springframework.web.servlet.DispatcherServlet', 'io.micrometer.observation.Observation' (OnClassCondition)
      - found 'session' scope (OnWebApplicationCondition)
      - @ConditionalOnBean (types: io.micrometer.observation.ObservationRegistry; SearchStrategy: all) found bean 'observationRegistry' (OnBeanCondition)

   WebMvcObservationAutoConfiguration#webMvcObservationFilter matched:
      - @ConditionalOnMissingBean (types: org.springframework.web.filter.ServerHttpObservationFilter; SearchStrategy: all) did not find any beans (OnBeanCondition)

   WebMvcObservationAutoConfiguration.MeterFilterConfiguration matched:
      - @ConditionalOnClass found required class 'io.micrometer.core.instrument.MeterRegistry' (OnClassCondition)
      - @ConditionalOnBean (types: io.micrometer.core.instrument.MeterRegistry; SearchStrategy: all) found bean 'simpleMeterRegistry' (OnBeanCondition)

   WebSocketServletAutoConfiguration matched:
      - @ConditionalOnClass found required classes 'jakarta.servlet.Servlet', 'jakarta.websocket.server.ServerContainer' (OnClassCondition)
      - found 'session' scope (OnWebApplicationCondition)

   WebSocketServletAutoConfiguration.TomcatWebSocketConfiguration matched:
      - @ConditionalOnClass found required classes 'org.apache.catalina.startup.Tomcat', 'org.apache.tomcat.websocket.server.WsSci' (OnClassCondition)

   WebSocketServletAutoConfiguration.TomcatWebSocketConfiguration#websocketServletWebServerCustomizer matched:
      - @ConditionalOnMissingBean (names: websocketServletWebServerCustomizer; SearchStrategy: all) did not find any beans (OnBeanCondition)


Negative matches:
-----------------

   ActiveMQAutoConfiguration:
      Did not match:
         - @ConditionalOnClass did not find required class 'jakarta.jms.ConnectionFactory' (OnClassCondition)

   AopAutoConfiguration.AspectJAutoProxyingConfiguration.JdkDynamicAutoProxyConfiguration:
      Did not match:
         - @ConditionalOnBooleanProperty (spring.aop.proxy-target-class=false) did not find property 'spring.aop.proxy-target-class' (OnPropertyCondition)

   AopAutoConfiguration.ClassProxyingConfiguration:
      Did not match:
         - @ConditionalOnMissingClass found unwanted class 'org.aspectj.weaver.Advice' (OnClassCondition)

   AppOpticsMetricsExportAutoConfiguration:
      Did not match:
         - @ConditionalOnClass did not find required class 'io.micrometer.appoptics.AppOpticsMeterRegistry' (OnClassCondition)

   ArtemisAutoConfiguration:
      Did not match:
         - @ConditionalOnClass did not find required class 'jakarta.jms.ConnectionFactory' (OnClassCondition)

   AtlasMetricsExportAutoConfiguration:
      Did not match:
         - @ConditionalOnClass did not find required class 'io.micrometer.atlas.AtlasMeterRegistry' (OnClassCondition)

   AuditAutoConfiguration:
      Did not match:
         - @ConditionalOnBean (types: org.springframework.boot.actuate.audit.AuditEventRepository; SearchStrategy: all) did not find any beans of type org.springframework.boot.actuate.audit.AuditEventRepository (OnBeanCondition)
      Matched:
         - @ConditionalOnBooleanProperty (management.auditevents.enabled=true) matched (OnPropertyCondition)

   AuditEventsEndpointAutoConfiguration:
      Did not match:
         - @ConditionalOnAvailableEndpoint not exposed (OnAvailableEndpointCondition)

   AvailabilityHealthContributorAutoConfiguration#livenessStateHealthIndicator:
      Did not match:
         - @ConditionalOnBooleanProperty (management.health.livenessstate.enabled=true) did not find property 'management.health.livenessstate.enabled' (OnPropertyCondition)

   AvailabilityHealthContributorAutoConfiguration#readinessStateHealthIndicator:
      Did not match:
         - @ConditionalOnBooleanProperty (management.health.readinessstate.enabled=true) did not find property 'management.health.readinessstate.enabled' (OnPropertyCondition)

   AvailabilityProbesAutoConfiguration:
      Did not match:
         - Probes availability not running on a supported cloud platform (AvailabilityProbesAutoConfiguration.ProbesCondition)

   BatchAutoConfiguration:
      Did not match:
         - @ConditionalOnClass did not find required class 'org.springframework.batch.core.launch.JobLauncher' (OnClassCondition)

   BatchObservationAutoConfiguration:
      Did not match:
         - @ConditionalOnClass did not find required class 'org.springframework.batch.core.configuration.annotation.BatchObservabilityBeanPostProcessor' (OnClassCondition)

   BeansEndpointAutoConfiguration:
      Did not match:
         - @ConditionalOnAvailableEndpoint not exposed (OnAvailableEndpointCondition)

   BraveAutoConfiguration:
      Did not match:
         - @ConditionalOnClass did not find required class 'brave.Tracer' (OnClassCondition)

   Cache2kCacheConfiguration:
      Did not match:
         - @ConditionalOnClass did not find required class 'org.cache2k.Cache2kBuilder' (OnClassCondition)

   CacheAutoConfiguration:
      Did not match:
         - @ConditionalOnBean (types: org.springframework.cache.interceptor.CacheAspectSupport; SearchStrategy: all) did not find any beans of type org.springframework.cache.interceptor.CacheAspectSupport (OnBeanCondition)
      Matched:
         - @ConditionalOnClass found required class 'org.springframework.cache.CacheManager' (OnClassCondition)

   CacheAutoConfiguration.CacheManagerEntityManagerFactoryDependsOnPostProcessor:
      Did not match:
         - Ancestor org.springframework.boot.autoconfigure.cache.CacheAutoConfiguration did not match (ConditionEvaluationReport.AncestorsMatchedCondition)
      Matched:
         - @ConditionalOnClass found required class 'org.springframework.orm.jpa.LocalContainerEntityManagerFactoryBean' (OnClassCondition)

   CacheMeterBinderProvidersConfiguration.Cache2kCacheMeterBinderProviderConfiguration:
      Did not match:
         - @ConditionalOnClass did not find required classes 'org.cache2k.Cache2kBuilder', 'org.cache2k.extra.spring.SpringCache2kCache', 'org.cache2k.extra.micrometer.Cache2kCacheMetrics' (OnClassCondition)

   CacheMeterBinderProvidersConfiguration.CaffeineCacheMeterBinderProviderConfiguration:
      Did not match:
         - @ConditionalOnClass did not find required classes 'org.springframework.cache.caffeine.CaffeineCache', 'com.github.benmanes.caffeine.cache.Cache' (OnClassCondition)

   CacheMeterBinderProvidersConfiguration.HazelcastCacheMeterBinderProviderConfiguration:
      Did not match:
         - @ConditionalOnClass did not find required classes 'com.hazelcast.spring.cache.HazelcastCache', 'com.hazelcast.core.Hazelcast' (OnClassCondition)

   CacheMeterBinderProvidersConfiguration.JCacheCacheMeterBinderProviderConfiguration:
      Did not match:
         - @ConditionalOnClass did not find required classes 'org.springframework.cache.jcache.JCacheCache', 'javax.cache.CacheManager' (OnClassCondition)

   CacheMeterBinderProvidersConfiguration.RedisCacheMeterBinderProviderConfiguration:
      Did not match:
         - @ConditionalOnClass did not find required class 'org.springframework.data.redis.cache.RedisCache' (OnClassCondition)

   CacheMetricsAutoConfiguration:
      Did not match:
         - @ConditionalOnBean (types: org.springframework.cache.CacheManager; SearchStrategy: all) did not find any beans of type org.springframework.cache.CacheManager (OnBeanCondition)

   CachesEndpointAutoConfiguration:
      Did not match:
         - @ConditionalOnAvailableEndpoint not exposed (OnAvailableEndpointCondition)
      Matched:
         - @ConditionalOnClass found required class 'org.springframework.cache.CacheManager' (OnClassCondition)

   CaffeineCacheConfiguration:
      Did not match:
         - @ConditionalOnClass did not find required class 'com.github.benmanes.caffeine.cache.Caffeine' (OnClassCondition)

   CassandraAutoConfiguration:
      Did not match:
         - @ConditionalOnClass did not find required class 'com.datastax.oss.driver.api.core.CqlSession' (OnClassCondition)

   CassandraDataAutoConfiguration:
      Did not match:
         - @ConditionalOnClass did not find required class 'com.datastax.oss.driver.api.core.CqlSession' (OnClassCondition)

   CassandraHealthContributorAutoConfiguration:
      Did not match:
         - @ConditionalOnClass did not find required class 'com.datastax.oss.driver.api.core.CqlSession' (OnClassCondition)

   CassandraReactiveDataAutoConfiguration:
      Did not match:
         - @ConditionalOnClass did not find required class 'com.datastax.oss.driver.api.core.CqlSession' (OnClassCondition)

   CassandraReactiveHealthContributorAutoConfiguration:
      Did not match:
         - @ConditionalOnClass did not find required class 'com.datastax.oss.driver.api.core.CqlSession' (OnClassCondition)

   CassandraReactiveRepositoriesAutoConfiguration:
      Did not match:
         - @ConditionalOnClass did not find required class 'org.springframework.data.cassandra.ReactiveSession' (OnClassCondition)

   CassandraRepositoriesAutoConfiguration:
      Did not match:
         - @ConditionalOnClass did not find required class 'com.datastax.oss.driver.api.core.CqlSession' (OnClassCondition)

   org.springframework.boot.autoconfigure.http.client.reactive.ClientHttpConnectorAutoConfiguration:
      Did not match:
         - @ConditionalOnClass did not find required class 'reactor.core.publisher.Mono' (OnClassCondition)

   org.springframework.boot.autoconfigure.web.reactive.function.client.ClientHttpConnectorAutoConfiguration:
      Did not match:
         - @ConditionalOnClass did not find required class 'org.springframework.web.reactive.function.client.WebClient' (OnClassCondition)

   CloudFoundryActuatorAutoConfiguration:
      Did not match:
         - @ConditionalOnCloudPlatform did not find CLOUD_FOUNDRY (OnCloudPlatformCondition)
      Matched:
         - @ConditionalOnClass found required class 'org.springframework.web.servlet.DispatcherServlet' (OnClassCondition)
         - found 'session' scope (OnWebApplicationCondition)
         - @ConditionalOnBooleanProperty (management.cloudfoundry.enabled=true) matched (OnPropertyCondition)

   CodecsAutoConfiguration:
      Did not match:
         - @ConditionalOnClass did not find required class 'org.springframework.web.reactive.function.client.WebClient' (OnClassCondition)

   CompositeMeterRegistryConfiguration:
      Did not match:
         - NoneNestedConditions 1 matched 1 did not; NestedCondition on CompositeMeterRegistryConfiguration.MultipleNonPrimaryMeterRegistriesCondition.SingleInjectableMeterRegistry @ConditionalOnSingleCandidate (types: io.micrometer.core.instrument.MeterRegistry; SearchStrategy: all) found a single bean 'simpleMeterRegistry'; NestedCondition on CompositeMeterRegistryConfiguration.MultipleNonPrimaryMeterRegistriesCondition.NoMeterRegistryCondition @ConditionalOnMissingBean (types: io.micrometer.core.instrument.MeterRegistry; SearchStrategy: all) found beans of type 'io.micrometer.core.instrument.MeterRegistry' simpleMeterRegistry (CompositeMeterRegistryConfiguration.MultipleNonPrimaryMeterRegistriesCondition)

   ConditionsReportEndpointAutoConfiguration:
      Did not match:
         - @ConditionalOnAvailableEndpoint not exposed (OnAvailableEndpointCondition)

   ConfigurationPropertiesReportEndpointAutoConfiguration:
      Did not match:
         - @ConditionalOnAvailableEndpoint not exposed (OnAvailableEndpointCondition)

   ConnectionFactoryHealthContributorAutoConfiguration:
      Did not match:
         - @ConditionalOnClass did not find required class 'io.r2dbc.spi.ConnectionFactory' (OnClassCondition)

   ConnectionPoolMetricsAutoConfiguration:
      Did not match:
         - @ConditionalOnClass did not find required class 'io.r2dbc.pool.ConnectionPool' (OnClassCondition)

   CouchbaseAutoConfiguration:
      Did not match:
         - @ConditionalOnClass did not find required class 'com.couchbase.client.java.Cluster' (OnClassCondition)

   CouchbaseCacheConfiguration:
      Did not match:
         - @ConditionalOnClass did not find required class 'com.couchbase.client.java.Cluster' (OnClassCondition)

   CouchbaseDataAutoConfiguration:
      Did not match:
         - @ConditionalOnClass did not find required class 'com.couchbase.client.java.Bucket' (OnClassCondition)

   CouchbaseHealthContributorAutoConfiguration:
      Did not match:
         - @ConditionalOnClass did not find required class 'com.couchbase.client.java.Cluster' (OnClassCondition)

   CouchbaseReactiveDataAutoConfiguration:
      Did not match:
         - @ConditionalOnClass did not find required class 'com.couchbase.client.java.Cluster' (OnClassCondition)

   CouchbaseReactiveHealthContributorAutoConfiguration:
      Did not match:
         - @ConditionalOnClass did not find required class 'com.couchbase.client.java.Cluster' (OnClassCondition)

   CouchbaseReactiveRepositoriesAutoConfiguration:
      Did not match:
         - @ConditionalOnClass did not find required class 'com.couchbase.client.java.Cluster' (OnClassCondition)

   CouchbaseRepositoriesAutoConfiguration:
      Did not match:
         - @ConditionalOnClass did not find required class 'com.couchbase.client.java.Bucket' (OnClassCondition)

   DataSourceAutoConfiguration.EmbeddedDatabaseConfiguration:
      Did not match:
         - EmbeddedDataSource spring.datasource.url is set (DataSourceAutoConfiguration.EmbeddedDatabaseCondition)

   DataSourceCheckpointRestoreConfiguration:
      Did not match:
         - @ConditionalOnClass did not find required class 'org.crac.Resource' (OnClassCondition)

   DataSourceConfiguration.Dbcp2:
      Did not match:
         - @ConditionalOnClass did not find required class 'org.apache.commons.dbcp2.BasicDataSource' (OnClassCondition)

   DataSourceConfiguration.Generic:
      Did not match:
         - @ConditionalOnProperty (spring.datasource.type) did not find property 'spring.datasource.type' (OnPropertyCondition)

   DataSourceConfiguration.OracleUcp:
      Did not match:
         - @ConditionalOnClass did not find required classes 'oracle.ucp.jdbc.PoolDataSourceImpl', 'oracle.jdbc.OracleConnection' (OnClassCondition)

   DataSourceConfiguration.Tomcat:
      Did not match:
         - @ConditionalOnClass did not find required class 'org.apache.tomcat.jdbc.pool.DataSource' (OnClassCondition)

   DataSourceJmxConfiguration:
      Did not match:
         - @ConditionalOnBooleanProperty (spring.jmx.enabled=true) did not find property 'spring.jmx.enabled' (OnPropertyCondition)

   DataSourcePoolMetadataProvidersConfiguration.CommonsDbcp2PoolDataSourceMetadataProviderConfiguration:
      Did not match:
         - @ConditionalOnClass did not find required class 'org.apache.commons.dbcp2.BasicDataSource' (OnClassCondition)

   DataSourcePoolMetadataProvidersConfiguration.OracleUcpPoolDataSourceMetadataProviderConfiguration:
      Did not match:
         - @ConditionalOnClass did not find required classes 'oracle.ucp.jdbc.PoolDataSource', 'oracle.jdbc.OracleConnection' (OnClassCondition)

   DataSourcePoolMetadataProvidersConfiguration.TomcatDataSourcePoolMetadataProviderConfiguration:
      Did not match:
         - @ConditionalOnClass did not find required class 'org.apache.tomcat.jdbc.pool.DataSource' (OnClassCondition)

   DataSourceTransactionManagerAutoConfiguration.JdbcTransactionManagerConfiguration#transactionManager:
      Did not match:
         - @ConditionalOnMissingBean (types: org.springframework.transaction.TransactionManager; SearchStrategy: all) found beans of type 'org.springframework.transaction.TransactionManager' transactionManager (OnBeanCondition)

   DatadogMetricsExportAutoConfiguration:
      Did not match:
         - @ConditionalOnClass did not find required class 'io.micrometer.datadog.DatadogMeterRegistry' (OnClassCondition)

   DispatcherServletAutoConfiguration.DispatcherServletConfiguration#multipartResolver:
      Did not match:
         - @ConditionalOnBean (types: org.springframework.web.multipart.MultipartResolver; SearchStrategy: all) did not find any beans of type org.springframework.web.multipart.MultipartResolver (OnBeanCondition)

   DynatraceMetricsExportAutoConfiguration:
      Did not match:
         - @ConditionalOnClass did not find required class 'io.micrometer.dynatrace.DynatraceMeterRegistry' (OnClassCondition)

   ElasticMetricsExportAutoConfiguration:
      Did not match:
         - @ConditionalOnClass did not find required class 'io.micrometer.elastic.ElasticMeterRegistry' (OnClassCondition)

   ElasticsearchClientAutoConfiguration:
      Did not match:
         - @ConditionalOnClass did not find required class 'co.elastic.clients.elasticsearch.ElasticsearchClient' (OnClassCondition)

   ElasticsearchDataAutoConfiguration:
      Did not match:
         - @ConditionalOnClass did not find required class 'org.springframework.data.elasticsearch.client.elc.ElasticsearchTemplate' (OnClassCondition)

   ElasticsearchReactiveHealthContributorAutoConfiguration:
      Did not match:
         - @ConditionalOnClass did not find required class 'reactor.core.publisher.Flux' (OnClassCondition)

   ElasticsearchRepositoriesAutoConfiguration:
      Did not match:
         - @ConditionalOnClass did not find required class 'org.springframework.data.elasticsearch.repository.ElasticsearchRepository' (OnClassCondition)

   ElasticsearchRestClientAutoConfiguration:
      Did not match:
         - @ConditionalOnClass did not find required class 'org.elasticsearch.client.RestClientBuilder' (OnClassCondition)

   ElasticsearchRestHealthContributorAutoConfiguration:
      Did not match:
         - @ConditionalOnClass did not find required class 'org.elasticsearch.client.RestClient' (OnClassCondition)

   EmbeddedLdapAutoConfiguration:
      Did not match:
         - @ConditionalOnClass did not find required class 'com.unboundid.ldap.listener.InMemoryDirectoryServer' (OnClassCondition)

   EmbeddedWebServerFactoryCustomizerAutoConfiguration.JettyWebServerFactoryCustomizerConfiguration:
      Did not match:
         - @ConditionalOnClass did not find required classes 'org.eclipse.jetty.server.Server', 'org.eclipse.jetty.util.Loader', 'org.eclipse.jetty.ee10.webapp.WebAppContext' (OnClassCondition)

   EmbeddedWebServerFactoryCustomizerAutoConfiguration.NettyWebServerFactoryCustomizerConfiguration:
      Did not match:
         - @ConditionalOnClass did not find required class 'reactor.netty.http.server.HttpServer' (OnClassCondition)

   EmbeddedWebServerFactoryCustomizerAutoConfiguration.TomcatWebServerFactoryCustomizerConfiguration#tomcatVirtualThreadsProtocolHandlerCustomizer:
      Did not match:
         - @ConditionalOnThreading did not find VIRTUAL (OnThreadingCondition)

   EmbeddedWebServerFactoryCustomizerAutoConfiguration.UndertowWebServerFactoryCustomizerConfiguration:
      Did not match:
         - @ConditionalOnClass did not find required classes 'io.undertow.Undertow', 'org.xnio.SslClientAuthMode' (OnClassCondition)

   EnvironmentEndpointAutoConfiguration:
      Did not match:
         - @ConditionalOnAvailableEndpoint not exposed (OnAvailableEndpointCondition)

   ErrorWebFluxAutoConfiguration:
      Did not match:
         - @ConditionalOnClass did not find required class 'org.springframework.web.reactive.config.WebFluxConfigurer' (OnClassCondition)

   FlywayAutoConfiguration:
      Did not match:
         - @ConditionalOnClass did not find required class 'org.flywaydb.core.Flyway' (OnClassCondition)

   FlywayEndpointAutoConfiguration:
      Did not match:
         - @ConditionalOnClass did not find required class 'org.flywaydb.core.Flyway' (OnClassCondition)

   FreeMarkerAutoConfiguration:
      Did not match:
         - @ConditionalOnClass did not find required class 'freemarker.template.Configuration' (OnClassCondition)

   GangliaMetricsExportAutoConfiguration:
      Did not match:
         - @ConditionalOnClass did not find required class 'io.micrometer.ganglia.GangliaMeterRegistry' (OnClassCondition)

   GraphQlAutoConfiguration:
      Did not match:
         - @ConditionalOnClass did not find required class 'graphql.GraphQL' (OnClassCondition)

   GraphQlObservationAutoConfiguration:
      Did not match:
         - @ConditionalOnClass did not find required class 'graphql.GraphQL' (OnClassCondition)

   GraphQlQueryByExampleAutoConfiguration:
      Did not match:
         - @ConditionalOnClass did not find required class 'graphql.GraphQL' (OnClassCondition)

   GraphQlQuerydslAutoConfiguration:
      Did not match:
         - @ConditionalOnClass did not find required class 'com.querydsl.core.Query' (OnClassCondition)

   GraphQlRSocketAutoConfiguration:
      Did not match:
         - @ConditionalOnClass did not find required class 'graphql.GraphQL' (OnClassCondition)

   GraphQlReactiveQueryByExampleAutoConfiguration:
      Did not match:
         - @ConditionalOnClass did not find required class 'graphql.GraphQL' (OnClassCondition)

   GraphQlReactiveQuerydslAutoConfiguration:
      Did not match:
         - @ConditionalOnClass did not find required class 'com.querydsl.core.Query' (OnClassCondition)

   GraphQlWebFluxAutoConfiguration:
      Did not match:
         - @ConditionalOnClass did not find required class 'graphql.GraphQL' (OnClassCondition)

   GraphQlWebFluxSecurityAutoConfiguration:
      Did not match:
         - @ConditionalOnClass did not find required class 'graphql.GraphQL' (OnClassCondition)

   GraphQlWebMvcAutoConfiguration:
      Did not match:
         - @ConditionalOnClass did not find required class 'graphql.GraphQL' (OnClassCondition)

   GraphQlWebMvcSecurityAutoConfiguration:
      Did not match:
         - @ConditionalOnClass did not find required class 'graphql.GraphQL' (OnClassCondition)

   GraphiteMetricsExportAutoConfiguration:
      Did not match:
         - @ConditionalOnClass did not find required class 'io.micrometer.graphite.GraphiteMeterRegistry' (OnClassCondition)

   GroovyTemplateAutoConfiguration:
      Did not match:
         - @ConditionalOnClass did not find required class 'groovy.text.markup.MarkupTemplateEngine' (OnClassCondition)

   GsonAutoConfiguration:
      Did not match:
         - @ConditionalOnClass did not find required class 'com.google.gson.Gson' (OnClassCondition)

   GsonHttpMessageConvertersConfiguration:
      Did not match:
         - @ConditionalOnClass did not find required class 'com.google.gson.Gson' (OnClassCondition)

   H2ConsoleAutoConfiguration:
      Did not match:
         - @ConditionalOnClass did not find required class 'org.h2.server.web.JakartaWebServlet' (OnClassCondition)

   HazelcastAutoConfiguration:
      Did not match:
         - @ConditionalOnClass did not find required class 'com.hazelcast.core.HazelcastInstance' (OnClassCondition)

   HazelcastCacheConfiguration:
      Did not match:
         - @ConditionalOnClass did not find required class 'com.hazelcast.core.HazelcastInstance' (OnClassCondition)

   HazelcastHealthContributorAutoConfiguration:
      Did not match:
         - @ConditionalOnClass did not find required class 'com.hazelcast.core.HazelcastInstance' (OnClassCondition)

   HazelcastJpaDependencyAutoConfiguration:
      Did not match:
         - @ConditionalOnClass did not find required class 'com.hazelcast.core.HazelcastInstance' (OnClassCondition)

   HealthEndpointReactiveWebExtensionConfiguration:
      Did not match:
         - did not find reactive web application classes (OnWebApplicationCondition)

   HealthEndpointWebExtensionConfiguration.JerseyAdditionalHealthEndpointPathsConfiguration:
      Did not match:
         - @ConditionalOnClass did not find required class 'org.glassfish.jersey.server.ResourceConfig' (OnClassCondition)

   HeapDumpWebEndpointAutoConfiguration:
      Did not match:
         - @ConditionalOnAvailableEndpoint the configured access for endpoint 'heapdump' is NONE (OnAvailableEndpointCondition)

   HibernateMetricsAutoConfiguration:
      Did not match:
         - @ConditionalOnClass did not find required class 'org.hibernate.stat.HibernateMetrics' (OnClassCondition)

   HttpExchangesAutoConfiguration:
      Did not match:
         - @ConditionalOnBean (types: org.springframework.boot.actuate.web.exchanges.HttpExchangeRepository; SearchStrategy: all) did not find any beans of type org.springframework.boot.actuate.web.exchanges.HttpExchangeRepository (OnBeanCondition)
      Matched:
         - @ConditionalOnWebApplication (required) found 'session' scope (OnWebApplicationCondition)
         - @ConditionalOnBooleanProperty (management.httpexchanges.recording.enabled=true) matched (OnPropertyCondition)

   HttpExchangesAutoConfiguration.ReactiveHttpExchangesConfiguration:
      Did not match:
         - did not find reactive web application classes (OnWebApplicationCondition)
         - Ancestor org.springframework.boot.actuate.autoconfigure.web.exchanges.HttpExchangesAutoConfiguration did not match (ConditionEvaluationReport.AncestorsMatchedCondition)

   HttpExchangesAutoConfiguration.ServletHttpExchangesConfiguration:
      Did not match:
         - Ancestor org.springframework.boot.actuate.autoconfigure.web.exchanges.HttpExchangesAutoConfiguration did not match (ConditionEvaluationReport.AncestorsMatchedCondition)
      Matched:
         - found 'session' scope (OnWebApplicationCondition)

   HttpExchangesEndpointAutoConfiguration:
      Did not match:
         - @ConditionalOnAvailableEndpoint not exposed (OnAvailableEndpointCondition)

   HttpHandlerAutoConfiguration:
      Did not match:
         - @ConditionalOnClass did not find required class 'org.springframework.web.reactive.DispatcherHandler' (OnClassCondition)

   HumioMetricsExportAutoConfiguration:
      Did not match:
         - @ConditionalOnClass did not find required class 'io.micrometer.humio.HumioMeterRegistry' (OnClassCondition)

   HypermediaAutoConfiguration:
      Did not match:
         - @ConditionalOnClass did not find required class 'org.springframework.hateoas.EntityModel' (OnClassCondition)

   InfinispanCacheConfiguration:
      Did not match:
         - @ConditionalOnClass did not find required class 'org.infinispan.spring.embedded.provider.SpringEmbeddedCacheManager' (OnClassCondition)

   InfluxMetricsExportAutoConfiguration:
      Did not match:
         - @ConditionalOnClass did not find required class 'io.micrometer.influx.InfluxMeterRegistry' (OnClassCondition)

   InfoContributorAutoConfiguration#buildInfoContributor:
      Did not match:
         - @ConditionalOnSingleCandidate (types: org.springframework.boot.info.BuildProperties; SearchStrategy: all) did not find any beans (OnBeanCondition)
      Matched:
         - @ConditionalOnEnabledInfoContributor management.info.defaults.enabled is considered true (OnEnabledInfoContributorCondition)

   InfoContributorAutoConfiguration#envInfoContributor:
      Did not match:
         - @ConditionalOnEnabledInfoContributor management.info.env.enabled is not true (OnEnabledInfoContributorCondition)

   InfoContributorAutoConfiguration#gitInfoContributor:
      Did not match:
         - @ConditionalOnSingleCandidate (types: org.springframework.boot.info.GitProperties; SearchStrategy: all) did not find any beans (OnBeanCondition)
      Matched:
         - @ConditionalOnEnabledInfoContributor management.info.defaults.enabled is considered true (OnEnabledInfoContributorCondition)

   InfoContributorAutoConfiguration#javaInfoContributor:
      Did not match:
         - @ConditionalOnEnabledInfoContributor management.info.java.enabled is not true (OnEnabledInfoContributorCondition)

   InfoContributorAutoConfiguration#osInfoContributor:
      Did not match:
         - @ConditionalOnEnabledInfoContributor management.info.os.enabled is not true (OnEnabledInfoContributorCondition)

   InfoContributorAutoConfiguration#processInfoContributor:
      Did not match:
         - @ConditionalOnEnabledInfoContributor management.info.process.enabled is not true (OnEnabledInfoContributorCondition)

   InfoContributorAutoConfiguration#sslInfo:
      Did not match:
         - @ConditionalOnEnabledInfoContributor management.info.ssl.enabled is not true (OnEnabledInfoContributorCondition)
      Matched:
         - @ConditionalOnMissingBean (types: org.springframework.boot.info.SslInfo; SearchStrategy: all) did not find any beans (OnBeanCondition)

   InfoContributorAutoConfiguration#sslInfoContributor:
      Did not match:
         - @ConditionalOnEnabledInfoContributor management.info.ssl.enabled is not true (OnEnabledInfoContributorCondition)

   InfoEndpointAutoConfiguration:
      Did not match:
         - @ConditionalOnAvailableEndpoint not exposed (OnAvailableEndpointCondition)

   IntegrationAutoConfiguration:
      Did not match:
         - @ConditionalOnClass did not find required class 'org.springframework.integration.config.EnableIntegration' (OnClassCondition)

   IntegrationGraphEndpointAutoConfiguration:
      Did not match:
         - @ConditionalOnClass did not find required class 'org.springframework.integration.graph.IntegrationGraphServer' (OnClassCondition)

   JCacheCacheConfiguration:
      Did not match:
         - @ConditionalOnClass did not find required class 'javax.cache.Caching' (OnClassCondition)

   JacksonHttpMessageConvertersConfiguration.MappingJackson2XmlHttpMessageConverterConfiguration:
      Did not match:
         - @ConditionalOnClass did not find required class 'com.fasterxml.jackson.dataformat.xml.XmlMapper' (OnClassCondition)

   JdbcRepositoriesAutoConfiguration:
      Did not match:
         - @ConditionalOnClass did not find required class 'org.springframework.data.jdbc.repository.config.AbstractJdbcConfiguration' (OnClassCondition)

   JerseyAutoConfiguration:
      Did not match:
         - @ConditionalOnClass did not find required class 'org.glassfish.jersey.server.spring.SpringComponentProvider' (OnClassCondition)

   JerseySameManagementContextConfiguration:
      Did not match:
         - @ConditionalOnClass did not find required class 'org.glassfish.jersey.server.ResourceConfig' (OnClassCondition)

   JerseyServerMetricsAutoConfiguration:
      Did not match:
         - @ConditionalOnClass did not find required class 'org.glassfish.jersey.micrometer.server.ObservationApplicationEventListener' (OnClassCondition)

   JerseyWebEndpointManagementContextConfiguration:
      Did not match:
         - @ConditionalOnClass did not find required class 'org.glassfish.jersey.server.ResourceConfig' (OnClassCondition)

   JettyMetricsAutoConfiguration:
      Did not match:
         - @ConditionalOnClass did not find required class 'org.eclipse.jetty.server.Server' (OnClassCondition)

   JmsAutoConfiguration:
      Did not match:
         - @ConditionalOnClass did not find required class 'jakarta.jms.Message' (OnClassCondition)

   JmsHealthContributorAutoConfiguration:
      Did not match:
         - @ConditionalOnClass did not find required class 'jakarta.jms.ConnectionFactory' (OnClassCondition)

   JmxAutoConfiguration:
      Did not match:
         - @ConditionalOnBooleanProperty (spring.jmx.enabled=true) did not find property 'spring.jmx.enabled' (OnPropertyCondition)
      Matched:
         - @ConditionalOnClass found required class 'org.springframework.jmx.export.MBeanExporter' (OnClassCondition)

   JmxEndpointAutoConfiguration:
      Did not match:
         - @ConditionalOnBooleanProperty (spring.jmx.enabled=true) did not find property 'spring.jmx.enabled' (OnPropertyCondition)

   JmxMetricsExportAutoConfiguration:
      Did not match:
         - @ConditionalOnClass did not find required class 'io.micrometer.jmx.JmxMeterRegistry' (OnClassCondition)

   JndiConnectionFactoryAutoConfiguration:
      Did not match:
         - @ConditionalOnClass did not find required class 'org.springframework.jms.core.JmsTemplate' (OnClassCondition)

   JndiDataSourceAutoConfiguration:
      Did not match:
         - @ConditionalOnProperty (spring.datasource.jndi-name) did not find property 'spring.datasource.jndi-name' (OnPropertyCondition)
      Matched:
         - @ConditionalOnClass found required classes 'javax.sql.DataSource', 'org.springframework.jdbc.datasource.embedded.EmbeddedDatabaseType' (OnClassCondition)

   JndiJtaConfiguration:
      Did not match:
         - @ConditionalOnJndi JNDI environment is not available (OnJndiCondition)
      Matched:
         - @ConditionalOnClass found required class 'org.springframework.transaction.jta.JtaTransactionManager' (OnClassCondition)

   JooqAutoConfiguration:
      Did not match:
         - @ConditionalOnClass did not find required class 'org.jooq.DSLContext' (OnClassCondition)

   JpaRepositoriesAutoConfiguration#entityManagerFactoryBootstrapExecutorCustomizer:
      Did not match:
         - AnyNestedCondition 0 matched 2 did not; NestedCondition on JpaRepositoriesAutoConfiguration.BootstrapExecutorCondition.LazyBootstrapMode @ConditionalOnProperty (spring.data.jpa.repositories.bootstrap-mode=lazy) did not find property 'spring.data.jpa.repositories.bootstrap-mode'; NestedCondition on JpaRepositoriesAutoConfiguration.BootstrapExecutorCondition.DeferredBootstrapMode @ConditionalOnProperty (spring.data.jpa.repositories.bootstrap-mode=deferred) did not find property 'spring.data.jpa.repositories.bootstrap-mode' (JpaRepositoriesAutoConfiguration.BootstrapExecutorCondition)

   JsonbAutoConfiguration:
      Did not match:
         - @ConditionalOnClass did not find required class 'jakarta.json.bind.Jsonb' (OnClassCondition)

   JsonbHttpMessageConvertersConfiguration:
      Did not match:
         - @ConditionalOnClass did not find required class 'jakarta.json.bind.Jsonb' (OnClassCondition)

   JvmMetricsAutoConfiguration#virtualThreadMetrics:
      Did not match:
         - @ConditionalOnClass did not find required class 'io.micrometer.java21.instrument.binder.jdk.VirtualThreadMetrics' (OnClassCondition)

   KafkaAutoConfiguration:
      Did not match:
         - @ConditionalOnClass did not find required class 'org.springframework.kafka.core.KafkaTemplate' (OnClassCondition)

   KafkaMetricsAutoConfiguration:
      Did not match:
         - @ConditionalOnClass did not find required class 'org.springframework.kafka.core.ProducerFactory' (OnClassCondition)

   KairosMetricsExportAutoConfiguration:
      Did not match:
         - @ConditionalOnClass did not find required class 'io.micrometer.kairos.KairosMeterRegistry' (OnClassCondition)

   LdapAutoConfiguration:
      Did not match:
         - @ConditionalOnClass did not find required class 'org.springframework.ldap.core.ContextSource' (OnClassCondition)

   LdapHealthContributorAutoConfiguration:
      Did not match:
         - @ConditionalOnClass did not find required class 'org.springframework.ldap.core.LdapOperations' (OnClassCondition)

   LdapRepositoriesAutoConfiguration:
      Did not match:
         - @ConditionalOnClass did not find required class 'org.springframework.data.ldap.repository.LdapRepository' (OnClassCondition)

   LettuceMetricsAutoConfiguration:
      Did not match:
         - @ConditionalOnClass did not find required class 'io.lettuce.core.metrics.MicrometerCommandLatencyRecorder' (OnClassCondition)

   LiquibaseAutoConfiguration:
      Did not match:
         - @ConditionalOnClass did not find required class 'liquibase.change.DatabaseChange' (OnClassCondition)

   LiquibaseEndpointAutoConfiguration:
      Did not match:
         - @ConditionalOnClass did not find required class 'liquibase.integration.spring.SpringLiquibase' (OnClassCondition)

   Log4J2MetricsAutoConfiguration:
      Did not match:
         - @ConditionalOnClass did not find required class 'org.apache.logging.log4j.core.LoggerContext' (OnClassCondition)

   LogFileWebEndpointAutoConfiguration:
      Did not match:
         - @ConditionalOnAvailableEndpoint not exposed (OnAvailableEndpointCondition)

   LoggersEndpointAutoConfiguration:
      Did not match:
         - @ConditionalOnAvailableEndpoint not exposed (OnAvailableEndpointCondition)

   MailHealthContributorAutoConfiguration:
      Did not match:
         - @ConditionalOnClass did not find required class 'org.springframework.mail.javamail.JavaMailSenderImpl' (OnClassCondition)

   MailSenderAutoConfiguration:
      Did not match:
         - @ConditionalOnClass did not find required class 'jakarta.mail.internet.MimeMessage' (OnClassCondition)

   MailSenderValidatorAutoConfiguration:
      Did not match:
         - @ConditionalOnSingleCandidate did not find required type 'org.springframework.mail.javamail.JavaMailSenderImpl' (OnBeanCondition)

   ManagementContextAutoConfiguration.DifferentManagementContextConfiguration:
      Did not match:
         - Management Port actual port type (SAME) did not match required type (DIFFERENT) (OnManagementPortCondition)

   ManagementWebSecurityAutoConfiguration:
      Did not match:
         - AllNestedConditions 1 matched 1 did not; NestedCondition on DefaultWebSecurityCondition.Beans @ConditionalOnMissingBean (types: org.springframework.security.web.SecurityFilterChain; SearchStrategy: all) found beans of type 'org.springframework.security.web.SecurityFilterChain' filterChain; NestedCondition on DefaultWebSecurityCondition.Classes @ConditionalOnClass found required classes 'org.springframework.security.web.SecurityFilterChain', 'org.springframework.security.config.annotation.web.builders.HttpSecurity' (DefaultWebSecurityCondition)
      Matched:
         - found 'session' scope (OnWebApplicationCondition)

   MappingsEndpointAutoConfiguration:
      Did not match:
         - @ConditionalOnAvailableEndpoint not exposed (OnAvailableEndpointCondition)

   MessageSourceAutoConfiguration:
      Did not match:
         - ResourceBundle did not find bundle with basename messages (MessageSourceAutoConfiguration.ResourceBundleCondition)

   MetricsAspectsAutoConfiguration:
      Did not match:
         - @ConditionalOnBooleanProperty (management.observations.annotations.enabled=true) did not find property 'management.observations.annotations.enabled' (OnPropertyCondition)
      Matched:
         - @ConditionalOnClass found required classes 'io.micrometer.core.instrument.MeterRegistry', 'org.aspectj.weaver.Advice' (OnClassCondition)

   MetricsEndpointAutoConfiguration:
      Did not match:
         - @ConditionalOnAvailableEndpoint not exposed (OnAvailableEndpointCondition)
      Matched:
         - @ConditionalOnClass found required class 'io.micrometer.core.annotation.Timed' (OnClassCondition)

   MicrometerTracingAutoConfiguration:
      Did not match:
         - @ConditionalOnClass did not find required class 'io.micrometer.tracing.Tracer' (OnClassCondition)

   MongoAutoConfiguration:
      Did not match:
         - @ConditionalOnClass did not find required class 'com.mongodb.client.MongoClient' (OnClassCondition)

   MongoDataAutoConfiguration:
      Did not match:
         - @ConditionalOnClass did not find required class 'com.mongodb.client.MongoClient' (OnClassCondition)

   MongoHealthContributorAutoConfiguration:
      Did not match:
         - @ConditionalOnClass did not find required class 'org.springframework.data.mongodb.core.MongoTemplate' (OnClassCondition)

   MongoMetricsAutoConfiguration:
      Did not match:
         - @ConditionalOnClass did not find required class 'com.mongodb.MongoClientSettings' (OnClassCondition)

   MongoReactiveAutoConfiguration:
      Did not match:
         - @ConditionalOnClass did not find required class 'com.mongodb.reactivestreams.client.MongoClient' (OnClassCondition)

   MongoReactiveDataAutoConfiguration:
      Did not match:
         - @ConditionalOnClass did not find required class 'com.mongodb.reactivestreams.client.MongoClient' (OnClassCondition)

   MongoReactiveHealthContributorAutoConfiguration:
      Did not match:
         - @ConditionalOnClass did not find required class 'reactor.core.publisher.Flux' (OnClassCondition)

   MongoReactiveRepositoriesAutoConfiguration:
      Did not match:
         - @ConditionalOnClass did not find required class 'com.mongodb.reactivestreams.client.MongoClient' (OnClassCondition)

   MongoRepositoriesAutoConfiguration:
      Did not match:
         - @ConditionalOnClass did not find required class 'com.mongodb.client.MongoClient' (OnClassCondition)

   MustacheAutoConfiguration:
      Did not match:
         - @ConditionalOnClass did not find required class 'com.samskivert.mustache.Mustache' (OnClassCondition)

   Neo4jAutoConfiguration:
      Did not match:
         - @ConditionalOnClass did not find required class 'org.neo4j.driver.Driver' (OnClassCondition)

   Neo4jDataAutoConfiguration:
      Did not match:
         - @ConditionalOnClass did not find required class 'org.neo4j.driver.Driver' (OnClassCondition)

   Neo4jHealthContributorAutoConfiguration:
      Did not match:
         - @ConditionalOnClass did not find required class 'org.neo4j.driver.Driver' (OnClassCondition)

   Neo4jReactiveDataAutoConfiguration:
      Did not match:
         - @ConditionalOnClass did not find required class 'org.neo4j.driver.Driver' (OnClassCondition)

   Neo4jReactiveRepositoriesAutoConfiguration:
      Did not match:
         - @ConditionalOnClass did not find required class 'org.neo4j.driver.Driver' (OnClassCondition)

   Neo4jRepositoriesAutoConfiguration:
      Did not match:
         - @ConditionalOnClass did not find required class 'org.neo4j.driver.Driver' (OnClassCondition)

   NettyAutoConfiguration:
      Did not match:
         - @ConditionalOnClass did not find required class 'io.netty.util.NettyRuntime' (OnClassCondition)

   NewRelicMetricsExportAutoConfiguration:
      Did not match:
         - @ConditionalOnClass did not find required class 'io.micrometer.newrelic.NewRelicMeterRegistry' (OnClassCondition)

   NoOpMeterRegistryConfiguration:
      Did not match:
         - @ConditionalOnMissingBean (types: io.micrometer.core.instrument.MeterRegistry; SearchStrategy: all) found beans of type 'io.micrometer.core.instrument.MeterRegistry' simpleMeterRegistry (OnBeanCondition)

   NoopTracerAutoConfiguration:
      Did not match:
         - @ConditionalOnClass did not find required class 'io.micrometer.tracing.Tracer' (OnClassCondition)

   OAuth2AuthorizationServerAutoConfiguration:
      Did not match:
         - @ConditionalOnClass did not find required class 'org.springframework.security.oauth2.server.authorization.OAuth2Authorization' (OnClassCondition)

   OAuth2AuthorizationServerJwtAutoConfiguration:
      Did not match:
         - @ConditionalOnClass did not find required class 'com.nimbusds.jose.jwk.source.JWKSource' (OnClassCondition)

   OAuth2ClientAutoConfiguration:
      Did not match:
         - @ConditionalOnClass did not find required class 'org.springframework.security.oauth2.client.registration.ClientRegistration' (OnClassCondition)

   OAuth2ClientWebSecurityAutoConfiguration:
      Did not match:
         - @ConditionalOnClass did not find required class 'org.springframework.security.oauth2.client.web.OAuth2AuthorizedClientRepository' (OnClassCondition)

   OAuth2ResourceServerAutoConfiguration:
      Did not match:
         - @ConditionalOnClass did not find required class 'org.springframework.security.oauth2.server.resource.authentication.BearerTokenAuthenticationToken' (OnClassCondition)

   ObservationAutoConfiguration.MeterObservationHandlerConfiguration.TracingAndMetricsObservationHandlerConfiguration:
      Did not match:
         - @ConditionalOnBean did not find required type 'io.micrometer.tracing.Tracer' (OnBeanCondition)
         - @ConditionalOnBean (types: ?; SearchStrategy: all) did not find any beans of type ? (OnBeanCondition)

   ObservationAutoConfiguration.MetricsWithTracingConfiguration:
      Did not match:
         - @ConditionalOnClass did not find required class 'io.micrometer.tracing.Tracer' (OnClassCondition)

   ObservationAutoConfiguration.ObservedAspectConfiguration:
      Did not match:
         - @ConditionalOnBooleanProperty (management.observations.annotations.enabled=true) did not find property 'management.observations.annotations.enabled' (OnPropertyCondition)
      Matched:
         - @ConditionalOnClass found required class 'org.aspectj.weaver.Advice' (OnClassCondition)

   ObservationAutoConfiguration.OnlyTracingConfiguration:
      Did not match:
         - @ConditionalOnClass did not find required class 'io.micrometer.tracing.Tracer' (OnClassCondition)

   OpenTelemetryAutoConfiguration:
      Did not match:
         - @ConditionalOnClass did not find required class 'io.opentelemetry.sdk.OpenTelemetrySdk' (OnClassCondition)

   OpenTelemetryLoggingAutoConfiguration:
      Did not match:
         - @ConditionalOnClass did not find required class 'io.opentelemetry.api.OpenTelemetry' (OnClassCondition)

   OpenTelemetryTracingAutoConfiguration:
      Did not match:
         - @ConditionalOnClass did not find required class 'io.micrometer.tracing.otel.bridge.OtelTracer' (OnClassCondition)

   OtlpLoggingAutoConfiguration:
      Did not match:
         - @ConditionalOnClass did not find required class 'io.opentelemetry.api.OpenTelemetry' (OnClassCondition)

   OtlpMetricsExportAutoConfiguration:
      Did not match:
         - @ConditionalOnClass did not find required class 'io.micrometer.registry.otlp.OtlpMeterRegistry' (OnClassCondition)

   OtlpTracingAutoConfiguration:
      Did not match:
         - @ConditionalOnClass did not find required class 'io.micrometer.tracing.otel.bridge.OtelTracer' (OnClassCondition)

   ProjectInfoAutoConfiguration#buildProperties:
      Did not match:
         - @ConditionalOnResource did not find resource '${spring.info.build.location:classpath:META-INF/build-info.properties}' (OnResourceCondition)

   ProjectInfoAutoConfiguration#gitProperties:
      Did not match:
         - GitResource did not find git info at classpath:git.properties (ProjectInfoAutoConfiguration.GitResourceAvailableCondition)

   PrometheusExemplarsAutoConfiguration:
      Did not match:
         - @ConditionalOnClass did not find required class 'io.micrometer.tracing.Tracer' (OnClassCondition)

   PrometheusMetricsExportAutoConfiguration:
      Did not match:
         - @ConditionalOnClass did not find required class 'io.micrometer.prometheusmetrics.PrometheusMeterRegistry' (OnClassCondition)

   PulsarAutoConfiguration:
      Did not match:
         - @ConditionalOnClass did not find required class 'org.apache.pulsar.client.api.PulsarClient' (OnClassCondition)

   PulsarReactiveAutoConfiguration:
      Did not match:
         - @ConditionalOnClass did not find required class 'org.apache.pulsar.client.api.PulsarClient' (OnClassCondition)

   QuartzAutoConfiguration:
      Did not match:
         - @ConditionalOnClass did not find required class 'org.quartz.Scheduler' (OnClassCondition)

   QuartzEndpointAutoConfiguration:
      Did not match:
         - @ConditionalOnClass did not find required class 'org.quartz.Scheduler' (OnClassCondition)

   R2dbcAutoConfiguration:
      Did not match:
         - @ConditionalOnClass did not find required class 'io.r2dbc.spi.ConnectionFactory' (OnClassCondition)

   R2dbcDataAutoConfiguration:
      Did not match:
         - @ConditionalOnClass did not find required class 'org.springframework.data.r2dbc.core.R2dbcEntityTemplate' (OnClassCondition)

   R2dbcInitializationConfiguration:
      Did not match:
         - @ConditionalOnClass did not find required classes 'io.r2dbc.spi.ConnectionFactory', 'org.springframework.r2dbc.connection.init.DatabasePopulator' (OnClassCondition)

   R2dbcObservationAutoConfiguration:
      Did not match:
         - @ConditionalOnClass did not find required class 'io.r2dbc.proxy.ProxyConnectionFactory' (OnClassCondition)

   R2dbcProxyAutoConfiguration:
      Did not match:
         - @ConditionalOnClass did not find required class 'io.r2dbc.proxy.ProxyConnectionFactory' (OnClassCondition)

   R2dbcRepositoriesAutoConfiguration:
      Did not match:
         - @ConditionalOnClass did not find required class 'io.r2dbc.spi.ConnectionFactory' (OnClassCondition)

   R2dbcTransactionManagerAutoConfiguration:
      Did not match:
         - @ConditionalOnClass did not find required class 'org.springframework.r2dbc.connection.R2dbcTransactionManager' (OnClassCondition)

   RSocketGraphQlClientAutoConfiguration:
      Did not match:
         - @ConditionalOnClass did not find required class 'graphql.GraphQL' (OnClassCondition)

   RSocketMessagingAutoConfiguration:
      Did not match:
         - @ConditionalOnClass did not find required class 'io.rsocket.RSocket' (OnClassCondition)

   RSocketRequesterAutoConfiguration:
      Did not match:
         - @ConditionalOnClass did not find required class 'io.rsocket.RSocket' (OnClassCondition)

   RSocketSecurityAutoConfiguration:
      Did not match:
         - @ConditionalOnClass did not find required class 'org.springframework.security.rsocket.core.SecuritySocketAcceptorInterceptor' (OnClassCondition)

   RSocketServerAutoConfiguration:
      Did not match:
         - @ConditionalOnClass did not find required class 'io.rsocket.core.RSocketServer' (OnClassCondition)

   RSocketStrategiesAutoConfiguration:
      Did not match:
         - @ConditionalOnClass did not find required class 'io.netty.buffer.PooledByteBufAllocator' (OnClassCondition)

   RabbitAutoConfiguration:
      Did not match:
         - @ConditionalOnClass did not find required class 'com.rabbitmq.client.Channel' (OnClassCondition)

   RabbitHealthContributorAutoConfiguration:
      Did not match:
         - @ConditionalOnClass did not find required class 'org.springframework.amqp.rabbit.core.RabbitTemplate' (OnClassCondition)

   RabbitMetricsAutoConfiguration:
      Did not match:
         - @ConditionalOnClass did not find required class 'com.rabbitmq.client.ConnectionFactory' (OnClassCondition)

   ReactiveCloudFoundryActuatorAutoConfiguration:
      Did not match:
         - @ConditionalOnWebApplication did not find reactive web application classes (OnWebApplicationCondition)

   ReactiveElasticsearchClientAutoConfiguration:
      Did not match:
         - @ConditionalOnClass did not find required class 'co.elastic.clients.transport.ElasticsearchTransport' (OnClassCondition)

   ReactiveElasticsearchRepositoriesAutoConfiguration:
      Did not match:
         - @ConditionalOnClass did not find required class 'reactor.core.publisher.Mono' (OnClassCondition)

   ReactiveHealthEndpointConfiguration:
      Did not match:
         - @ConditionalOnClass did not find required class 'reactor.core.publisher.Flux' (OnClassCondition)

   ReactiveManagementContextAutoConfiguration:
      Did not match:
         - @ConditionalOnClass did not find required class 'reactor.core.publisher.Flux' (OnClassCondition)

   ReactiveManagementWebSecurityAutoConfiguration:
      Did not match:
         - @ConditionalOnWebApplication did not find reactive web application classes (OnWebApplicationCondition)

   ReactiveMultipartAutoConfiguration:
      Did not match:
         - @ConditionalOnClass did not find required class 'org.springframework.web.reactive.config.WebFluxConfigurer' (OnClassCondition)

   ReactiveOAuth2ClientAutoConfiguration:
      Did not match:
         - @ConditionalOnClass did not find required class 'reactor.core.publisher.Flux' (OnClassCondition)

   ReactiveOAuth2ClientWebSecurityAutoConfiguration:
      Did not match:
         - @ConditionalOnClass did not find required class 'reactor.core.publisher.Flux' (OnClassCondition)

   ReactiveOAuth2ResourceServerAutoConfiguration:
      Did not match:
         - @ConditionalOnWebApplication did not find reactive web application classes (OnWebApplicationCondition)

   ReactiveSecurityAutoConfiguration:
      Did not match:
         - @ConditionalOnClass did not find required class 'reactor.core.publisher.Flux' (OnClassCondition)

   ReactiveUserDetailsServiceAutoConfiguration:
      Did not match:
         - AnyNestedCondition 0 matched 2 did not; NestedCondition on ReactiveUserDetailsServiceAutoConfiguration.RSocketEnabledOrReactiveWebApplication.ReactiveWebApplicationCondition did not find reactive web application classes; NestedCondition on ReactiveUserDetailsServiceAutoConfiguration.RSocketEnabledOrReactiveWebApplication.RSocketSecurityEnabledCondition @ConditionalOnBean (types: ?; SearchStrategy: all) did not find any beans of type ? (ReactiveUserDetailsServiceAutoConfiguration.RSocketEnabledOrReactiveWebApplication)
      Matched:
         - @ConditionalOnClass found required class 'org.springframework.security.authentication.ReactiveAuthenticationManager' (OnClassCondition)
         - AnyNestedCondition 3 matched 0 did not; NestedCondition on ReactiveUserDetailsServiceAutoConfiguration.MissingAlternativeOrUserPropertiesConfigured.PasswordConfigured @ConditionalOnProperty (spring.security.user.password) matched; NestedCondition on ReactiveUserDetailsServiceAutoConfiguration.MissingAlternativeOrUserPropertiesConfigured.NameConfigured @ConditionalOnProperty (spring.security.user.name) matched; NestedCondition on ReactiveUserDetailsServiceAutoConfiguration.MissingAlternativeOrUserPropertiesConfigured.MissingAlternative @ConditionalOnMissingClass did not find unwanted classes 'org.springframework.security.oauth2.client.registration.ClientRegistrationRepository', 'org.springframework.security.oauth2.server.resource.introspection.ReactiveOpaqueTokenIntrospector' (ReactiveUserDetailsServiceAutoConfiguration.MissingAlternativeOrUserPropertiesConfigured)

   ReactiveWebServerFactoryAutoConfiguration:
      Did not match:
         - @ConditionalOnWebApplication did not find reactive web application classes (OnWebApplicationCondition)

   ReactorAutoConfiguration:
      Did not match:
         - @ConditionalOnClass did not find required class 'reactor.core.publisher.Hooks' (OnClassCondition)

   RedisAutoConfiguration:
      Did not match:
         - @ConditionalOnClass did not find required class 'org.springframework.data.redis.core.RedisOperations' (OnClassCondition)

   RedisCacheConfiguration:
      Did not match:
         - @ConditionalOnClass did not find required class 'org.springframework.data.redis.connection.RedisConnectionFactory' (OnClassCondition)

   RedisHealthContributorAutoConfiguration:
      Did not match:
         - @ConditionalOnClass did not find required class 'org.springframework.data.redis.connection.RedisConnectionFactory' (OnClassCondition)

   RedisReactiveAutoConfiguration:
      Did not match:
         - @ConditionalOnClass did not find required class 'reactor.core.publisher.Flux' (OnClassCondition)

   RedisReactiveHealthContributorAutoConfiguration:
      Did not match:
         - @ConditionalOnClass did not find required class 'reactor.core.publisher.Flux' (OnClassCondition)

   RedisRepositoriesAutoConfiguration:
      Did not match:
         - @ConditionalOnClass did not find required class 'org.springframework.data.redis.repository.configuration.EnableRedisRepositories' (OnClassCondition)

   RepositoryRestMvcAutoConfiguration:
      Did not match:
         - @ConditionalOnClass did not find required class 'org.springframework.data.rest.webmvc.config.RepositoryRestMvcConfiguration' (OnClassCondition)

   Saml2RelyingPartyAutoConfiguration:
      Did not match:
         - @ConditionalOnClass did not find required class 'org.springframework.security.saml2.provider.service.registration.RelyingPartyRegistrationRepository' (OnClassCondition)

   SbomEndpointAutoConfiguration:
      Did not match:
         - @ConditionalOnAvailableEndpoint not exposed (OnAvailableEndpointCondition)

   ScheduledTasksEndpointAutoConfiguration:
      Did not match:
         - @ConditionalOnAvailableEndpoint not exposed (OnAvailableEndpointCondition)

   SecurityRequestMatchersManagementContextConfiguration.JerseyRequestMatcherConfiguration:
      Did not match:
         - @ConditionalOnClass did not find required class 'org.glassfish.jersey.server.ResourceConfig' (OnClassCondition)

   SendGridAutoConfiguration:
      Did not match:
         - @ConditionalOnClass did not find required class 'com.sendgrid.SendGrid' (OnClassCondition)

   ServletEndpointManagementContextConfiguration.JerseyServletEndpointManagementContextConfiguration:
      Did not match:
         - @ConditionalOnClass did not find required class 'org.glassfish.jersey.server.ResourceConfig' (OnClassCondition)

   ServletManagementContextAutoConfiguration.ApplicationContextFilterConfiguration:
      Did not match:
         - @ConditionalOnBooleanProperty (management.server.add-application-context-header=true) did not find property 'management.server.add-application-context-header' (OnPropertyCondition)

   ServletWebServerFactoryAutoConfiguration.ForwardedHeaderFilterConfiguration:
      Did not match:
         - @ConditionalOnProperty (server.forward-headers-strategy=framework) did not find property 'server.forward-headers-strategy' (OnPropertyCondition)

   ServletWebServerFactoryConfiguration.EmbeddedJetty:
      Did not match:
         - @ConditionalOnClass did not find required classes 'org.eclipse.jetty.server.Server', 'org.eclipse.jetty.util.Loader', 'org.eclipse.jetty.ee10.webapp.WebAppContext' (OnClassCondition)

   ServletWebServerFactoryConfiguration.EmbeddedUndertow:
      Did not match:
         - @ConditionalOnClass did not find required classes 'io.undertow.Undertow', 'org.xnio.SslClientAuthMode' (OnClassCondition)

   SessionAutoConfiguration:
      Did not match:
         - @ConditionalOnClass did not find required class 'org.springframework.session.Session' (OnClassCondition)

   SessionsEndpointAutoConfiguration:
      Did not match:
         - @ConditionalOnClass did not find required class 'org.springframework.session.Session' (OnClassCondition)

   ShutdownEndpointAutoConfiguration:
      Did not match:
         - @ConditionalOnAvailableEndpoint the configured access for endpoint 'shutdown' is NONE (OnAvailableEndpointCondition)

   SignalFxMetricsExportAutoConfiguration:
      Did not match:
         - @ConditionalOnClass did not find required class 'io.micrometer.signalfx.SignalFxMeterRegistry' (OnClassCondition)

   SpringApplicationAdminJmxAutoConfiguration:
      Did not match:
         - @ConditionalOnBooleanProperty (spring.application.admin.enabled=true) did not find property 'spring.application.admin.enabled' (OnPropertyCondition)

   SslObservabilityAutoConfiguration#sslInfoProvider:
      Did not match:
         - @ConditionalOnMissingBean (types: org.springframework.boot.info.SslInfo; SearchStrategy: all) found beans of type 'org.springframework.boot.info.SslInfo' sslInfo (OnBeanCondition)

   StackdriverMetricsExportAutoConfiguration:
      Did not match:
         - @ConditionalOnClass did not find required class 'io.micrometer.stackdriver.StackdriverMeterRegistry' (OnClassCondition)

   StartupEndpointAutoConfiguration:
      Did not match:
         - ApplicationStartup configured applicationStartup is of type class org.springframework.core.metrics.DefaultApplicationStartup, expected BufferingApplicationStartup. (StartupEndpointAutoConfiguration.ApplicationStartupCondition)

   StatsdMetricsExportAutoConfiguration:
      Did not match:
         - @ConditionalOnClass did not find required class 'io.micrometer.statsd.StatsdMeterRegistry' (OnClassCondition)

   TaskExecutorConfigurations.SimpleAsyncTaskExecutorBuilderConfiguration#simpleAsyncTaskExecutorBuilderVirtualThreads:
      Did not match:
         - @ConditionalOnMissingBean (types: org.springframework.boot.task.SimpleAsyncTaskExecutorBuilder; SearchStrategy: all) found beans of type 'org.springframework.boot.task.SimpleAsyncTaskExecutorBuilder' simpleAsyncTaskExecutorBuilder (OnBeanCondition)

   TaskExecutorConfigurations.TaskExecutorConfiguration#applicationTaskExecutorVirtualThreads:
      Did not match:
         - @ConditionalOnThreading did not find VIRTUAL (OnThreadingCondition)

   TaskSchedulingAutoConfiguration#scheduledBeanLazyInitializationExcludeFilter:
      Did not match:
         - @ConditionalOnBean (names: org.springframework.context.annotation.internalScheduledAnnotationProcessor; SearchStrategy: all) did not find any beans named org.springframework.context.annotation.internalScheduledAnnotationProcessor (OnBeanCondition)

   TaskSchedulingConfigurations.SimpleAsyncTaskSchedulerBuilderConfiguration#simpleAsyncTaskSchedulerBuilderVirtualThreads:
      Did not match:
         - @ConditionalOnMissingBean (types: org.springframework.boot.task.SimpleAsyncTaskSchedulerBuilder; SearchStrategy: all) found beans of type 'org.springframework.boot.task.SimpleAsyncTaskSchedulerBuilder' simpleAsyncTaskSchedulerBuilder (OnBeanCondition)

   TaskSchedulingConfigurations.TaskSchedulerConfiguration:
      Did not match:
         - @ConditionalOnBean (names: org.springframework.context.annotation.internalScheduledAnnotationProcessor; SearchStrategy: all) did not find any beans named org.springframework.context.annotation.internalScheduledAnnotationProcessor (OnBeanCondition)

   ThreadDumpEndpointAutoConfiguration:
      Did not match:
         - @ConditionalOnAvailableEndpoint not exposed (OnAvailableEndpointCondition)

   ThymeleafAutoConfiguration:
      Did not match:
         - @ConditionalOnClass did not find required class 'org.thymeleaf.spring6.SpringTemplateEngine' (OnClassCondition)

   TransactionAutoConfiguration#transactionalOperator:
      Did not match:
         - @ConditionalOnSingleCandidate (types: org.springframework.transaction.ReactiveTransactionManager; SearchStrategy: all) did not find any beans (OnBeanCondition)

   TransactionAutoConfiguration.AspectJTransactionManagementConfiguration:
      Did not match:
         - @ConditionalOnBean (types: org.springframework.transaction.aspectj.AbstractTransactionAspect; SearchStrategy: all) did not find any beans of type org.springframework.transaction.aspectj.AbstractTransactionAspect (OnBeanCondition)

   TransactionAutoConfiguration.EnableTransactionManagementConfiguration.JdkDynamicAutoProxyConfiguration:
      Did not match:
         - @ConditionalOnBooleanProperty (spring.aop.proxy-target-class=false) did not find property 'spring.aop.proxy-target-class' (OnPropertyCondition)

   ValidationAutoConfiguration:
      Did not match:
         - @ConditionalOnClass did not find required class 'jakarta.validation.executable.ExecutableValidator' (OnClassCondition)

   WavefrontAutoConfiguration:
      Did not match:
         - @ConditionalOnClass did not find required class 'com.wavefront.sdk.common.application.ApplicationTags' (OnClassCondition)

   WavefrontMetricsExportAutoConfiguration:
      Did not match:
         - @ConditionalOnClass did not find required class 'com.wavefront.sdk.common.WavefrontSender' (OnClassCondition)

   WavefrontTracingAutoConfiguration:
      Did not match:
         - @ConditionalOnClass did not find required class 'com.wavefront.sdk.common.WavefrontSender' (OnClassCondition)

   WebClientAutoConfiguration:
      Did not match:
         - @ConditionalOnClass did not find required class 'org.springframework.web.reactive.function.client.WebClient' (OnClassCondition)

   WebClientObservationConfiguration:
      Did not match:
         - @ConditionalOnClass did not find required class 'org.springframework.web.reactive.function.client.WebClient' (OnClassCondition)

   WebFluxAutoConfiguration:
      Did not match:
         - @ConditionalOnClass did not find required class 'org.springframework.web.reactive.config.WebFluxConfigurer' (OnClassCondition)

   WebFluxEndpointManagementContextConfiguration:
      Did not match:
         - @ConditionalOnClass did not find required class 'org.springframework.web.reactive.DispatcherHandler' (OnClassCondition)

   WebFluxObservationAutoConfiguration:
      Did not match:
         - @ConditionalOnWebApplication did not find reactive web application classes (OnWebApplicationCondition)

   WebMvcAutoConfiguration#hiddenHttpMethodFilter:
      Did not match:
         - @ConditionalOnBooleanProperty (spring.mvc.hiddenmethod.filter.enabled=true) did not find property 'spring.mvc.hiddenmethod.filter.enabled' (OnPropertyCondition)

   WebMvcAutoConfiguration.ProblemDetailsErrorHandlingConfiguration:
      Did not match:
         - @ConditionalOnBooleanProperty (spring.mvc.problemdetails.enabled=true) did not find property 'spring.mvc.problemdetails.enabled' (OnPropertyCondition)

   WebMvcAutoConfiguration.ResourceChainCustomizerConfiguration:
      Did not match:
         - @ConditionalOnEnabledResourceChain did not find class org.webjars.WebJarVersionLocator (OnEnabledResourceChainCondition)

   WebMvcAutoConfiguration.WebMvcAutoConfigurationAdapter#beanNameViewResolver:
      Did not match:
         - @ConditionalOnMissingBean (types: org.springframework.web.servlet.view.BeanNameViewResolver; SearchStrategy: all) found beans of type 'org.springframework.web.servlet.view.BeanNameViewResolver' beanNameViewResolver (OnBeanCondition)

   WebMvcEndpointManagementContextConfiguration#managementHealthEndpointWebMvcHandlerMapping:
      Did not match:
         - Management Port actual port type (SAME) did not match required type (DIFFERENT) (OnManagementPortCondition)

   WebServiceTemplateAutoConfiguration:
      Did not match:
         - @ConditionalOnClass did not find required class 'org.springframework.oxm.Marshaller' (OnClassCondition)

   WebServicesAutoConfiguration:
      Did not match:
         - @ConditionalOnClass did not find required class 'org.springframework.ws.transport.http.MessageDispatcherServlet' (OnClassCondition)

   WebSessionIdResolverAutoConfiguration:
      Did not match:
         - @ConditionalOnClass did not find required class 'reactor.core.publisher.Mono' (OnClassCondition)

   WebSocketMessagingAutoConfiguration:
      Did not match:
         - @ConditionalOnClass did not find required class 'org.springframework.web.socket.config.annotation.WebSocketMessageBrokerConfigurer' (OnClassCondition)

   WebSocketReactiveAutoConfiguration:
      Did not match:
         - @ConditionalOnWebApplication did not find reactive web application classes (OnWebApplicationCondition)

   WebSocketServletAutoConfiguration.JettyWebSocketConfiguration:
      Did not match:
         - @ConditionalOnClass did not find required class 'org.eclipse.jetty.ee10.websocket.jakarta.server.config.JakartaWebSocketServletContainerInitializer' (OnClassCondition)

   WebSocketServletAutoConfiguration.UndertowWebSocketConfiguration:
      Did not match:
         - @ConditionalOnClass did not find required class 'io.undertow.websockets.jsr.Bootstrap' (OnClassCondition)

   XADataSourceAutoConfiguration:
      Did not match:
         - @ConditionalOnBean (types: org.springframework.boot.jdbc.XADataSourceWrapper; SearchStrategy: all) did not find any beans of type org.springframework.boot.jdbc.XADataSourceWrapper (OnBeanCondition)
      Matched:
         - @ConditionalOnClass found required classes 'javax.sql.DataSource', 'jakarta.transaction.TransactionManager', 'org.springframework.jdbc.datasource.embedded.EmbeddedDatabaseType' (OnClassCondition)

   ZipkinAutoConfiguration:
      Did not match:
         - @ConditionalOnClass did not find required class 'zipkin2.reporter.Encoding' (OnClassCondition)


Exclusions:
-----------

    org.springframework.boot.autoconfigure.security.servlet.SecurityAutoConfiguration


Unconditional classes:
----------------------

    org.springframework.boot.autoconfigure.context.ConfigurationPropertiesAutoConfiguration

    org.springframework.boot.actuate.autoconfigure.availability.AvailabilityHealthContributorAutoConfiguration

    org.springframework.boot.autoconfigure.ssl.SslAutoConfiguration

    org.springframework.boot.actuate.autoconfigure.info.InfoContributorAutoConfiguration

    org.springframework.boot.autoconfigure.context.PropertyPlaceholderAutoConfiguration

    org.springframework.boot.autoconfigure.context.LifecycleAutoConfiguration

    org.springframework.boot.actuate.autoconfigure.metrics.integration.IntegrationMetricsAutoConfiguration

    org.springframework.boot.actuate.autoconfigure.endpoint.EndpointAutoConfiguration

    org.springframework.boot.actuate.autoconfigure.web.server.ManagementContextAutoConfiguration

    org.springframework.boot.actuate.autoconfigure.health.HealthContributorAutoConfiguration

    org.springframework.boot.actuate.autoconfigure.endpoint.jackson.JacksonEndpointAutoConfiguration

    org.springframework.boot.autoconfigure.availability.ApplicationAvailabilityAutoConfiguration

    org.springframework.boot.autoconfigure.info.ProjectInfoAutoConfiguration



2025-06-16 03:10:54 [main] ERROR o.s.boot.SpringApplication - Application run failed
org.springframework.beans.factory.BeanCreationException: Error creating bean with name 'entityManagerFactory' defined in class path resource [org/springframework/boot/autoconfigure/orm/jpa/HibernateJpaConfiguration.class]: [PersistenceUnit: default] Unable to build Hibernate SessionFactory; nested exception is org.hibernate.exception.GenericJDBCException: Unable to open JDBC Connection for DDL execution [Access denied for user 'teamuser1'@'localhost' (using password: YES)] [n/a]
	at org.springframework.beans.factory.support.AbstractAutowireCapableBeanFactory.initializeBean(AbstractAutowireCapableBeanFactory.java:1826)
	at org.springframework.beans.factory.support.AbstractAutowireCapableBeanFactory.doCreateBean(AbstractAutowireCapableBeanFactory.java:607)
	at org.springframework.beans.factory.support.AbstractAutowireCapableBeanFactory.createBean(AbstractAutowireCapableBeanFactory.java:529)
	at org.springframework.beans.factory.support.AbstractBeanFactory.lambda$doGetBean$0(AbstractBeanFactory.java:339)
	at org.springframework.beans.factory.support.DefaultSingletonBeanRegistry.getSingleton(DefaultSingletonBeanRegistry.java:373)
	at org.springframework.beans.factory.support.AbstractBeanFactory.doGetBean(AbstractBeanFactory.java:337)
	at org.springframework.beans.factory.support.AbstractBeanFactory.getBean(AbstractBeanFactory.java:207)
	at org.springframework.context.support.AbstractApplicationContext.finishBeanFactoryInitialization(AbstractApplicationContext.java:970)
	at org.springframework.context.support.AbstractApplicationContext.refresh(AbstractApplicationContext.java:627)
	at org.springframework.boot.web.servlet.context.ServletWebServerApplicationContext.refresh(ServletWebServerApplicationContext.java:146)
	at org.springframework.boot.SpringApplication.refresh(SpringApplication.java:753)
	at org.springframework.boot.SpringApplication.refreshContext(SpringApplication.java:439)
	at org.springframework.boot.SpringApplication.run(SpringApplication.java:318)
	at org.springframework.boot.SpringApplication.run(SpringApplication.java:1362)
	at org.springframework.boot.SpringApplication.run(SpringApplication.java:1351)
	at com.example.demo.DemoApplication.main(DemoApplication.java:10)
Caused by: jakarta.persistence.PersistenceException: [PersistenceUnit: default] Unable to build Hibernate SessionFactory; nested exception is org.hibernate.exception.GenericJDBCException: Unable to open JDBC Connection for DDL execution [Access denied for user 'teamuser1'@'localhost' (using password: YES)] [n/a]
	at org.springframework.orm.jpa.AbstractEntityManagerFactoryBean.buildNativeEntityManagerFactory(AbstractEntityManagerFactoryBean.java:431)
	at org.springframework.orm.jpa.AbstractEntityManagerFactoryBean.afterPropertiesSet(AbstractEntityManagerFactoryBean.java:400)
	at org.springframework.orm.jpa.LocalContainerEntityManagerFactoryBean.afterPropertiesSet(LocalContainerEntityManagerFactoryBean.java:366)
	at org.springframework.beans.factory.support.AbstractAutowireCapableBeanFactory.invokeInitMethods(AbstractAutowireCapableBeanFactory.java:1873)
	at org.springframework.beans.factory.support.AbstractAutowireCapableBeanFactory.initializeBean(AbstractAutowireCapableBeanFactory.java:1822)
	... 15 common frames omitted
Caused by: org.hibernate.exception.GenericJDBCException: Unable to open JDBC Connection for DDL execution [Access denied for user 'teamuser1'@'localhost' (using password: YES)] [n/a]
	at org.hibernate.exception.internal.StandardSQLExceptionConverter.convert(StandardSQLExceptionConverter.java:63)
	at org.hibernate.engine.jdbc.spi.SqlExceptionHelper.convert(SqlExceptionHelper.java:108)
	at org.hibernate.engine.jdbc.spi.SqlExceptionHelper.convert(SqlExceptionHelper.java:94)
	at org.hibernate.resource.transaction.backend.jdbc.internal.DdlTransactionIsolatorNonJtaImpl.getIsolatedConnection(DdlTransactionIsolatorNonJtaImpl.java:74)
	at org.hibernate.resource.transaction.backend.jdbc.internal.DdlTransactionIsolatorNonJtaImpl.getIsolatedConnection(DdlTransactionIsolatorNonJtaImpl.java:39)
	at org.hibernate.tool.schema.internal.exec.ImprovedExtractionContextImpl.getJdbcConnection(ImprovedExtractionContextImpl.java:63)
	at org.hibernate.tool.schema.internal.exec.ImprovedExtractionContextImpl.getJdbcDatabaseMetaData(ImprovedExtractionContextImpl.java:70)
	at org.hibernate.tool.schema.extract.internal.InformationExtractorJdbcDatabaseMetaDataImpl.processTableResultSet(InformationExtractorJdbcDatabaseMetaDataImpl.java:65)
	at org.hibernate.tool.schema.extract.internal.AbstractInformationExtractorImpl.getTables(AbstractInformationExtractorImpl.java:570)
	at org.hibernate.tool.schema.extract.internal.DatabaseInformationImpl.getTablesInformation(DatabaseInformationImpl.java:122)
	at org.hibernate.tool.schema.internal.GroupedSchemaMigratorImpl.performTablesMigration(GroupedSchemaMigratorImpl.java:72)
	at org.hibernate.tool.schema.internal.AbstractSchemaMigrator.performMigration(AbstractSchemaMigrator.java:233)
	at org.hibernate.tool.schema.internal.AbstractSchemaMigrator.doMigration(AbstractSchemaMigrator.java:112)
	at org.hibernate.tool.schema.spi.SchemaManagementToolCoordinator.performDatabaseAction(SchemaManagementToolCoordinator.java:280)
	at org.hibernate.tool.schema.spi.SchemaManagementToolCoordinator.lambda$process$5(SchemaManagementToolCoordinator.java:144)
	at java.base/java.util.HashMap.forEach(HashMap.java:1429)
	at org.hibernate.tool.schema.spi.SchemaManagementToolCoordinator.process(SchemaManagementToolCoordinator.java:141)
	at org.hibernate.boot.internal.SessionFactoryObserverForSchemaExport.sessionFactoryCreated(SessionFactoryObserverForSchemaExport.java:37)
	at org.hibernate.internal.SessionFactoryObserverChain.sessionFactoryCreated(SessionFactoryObserverChain.java:35)
	at org.hibernate.internal.SessionFactoryImpl.<init>(SessionFactoryImpl.java:324)
	at org.hibernate.boot.internal.SessionFactoryBuilderImpl.build(SessionFactoryBuilderImpl.java:463)
	at org.hibernate.jpa.boot.internal.EntityManagerFactoryBuilderImpl.build(EntityManagerFactoryBuilderImpl.java:1517)
	at org.springframework.orm.jpa.vendor.SpringHibernateJpaPersistenceProvider.createContainerEntityManagerFactory(SpringHibernateJpaPersistenceProvider.java:66)
	at org.springframework.orm.jpa.LocalContainerEntityManagerFactoryBean.createNativeEntityManagerFactory(LocalContainerEntityManagerFactoryBean.java:390)
	at org.springframework.orm.jpa.AbstractEntityManagerFactoryBean.buildNativeEntityManagerFactory(AbstractEntityManagerFactoryBean.java:419)
	... 19 common frames omitted
Caused by: java.sql.SQLException: Access denied for user 'teamuser1'@'localhost' (using password: YES)
	at com.mysql.cj.jdbc.exceptions.SQLError.createSQLException(SQLError.java:121)
	at com.mysql.cj.jdbc.exceptions.SQLExceptionsMapping.translateException(SQLExceptionsMapping.java:114)
	at com.mysql.cj.jdbc.ConnectionImpl.createNewIO(ConnectionImpl.java:837)
	at com.mysql.cj.jdbc.ConnectionImpl.<init>(ConnectionImpl.java:420)
	at com.mysql.cj.jdbc.ConnectionImpl.getInstance(ConnectionImpl.java:238)
	at com.mysql.cj.jdbc.NonRegisteringDriver.connect(NonRegisteringDriver.java:180)
	at com.zaxxer.hikari.util.DriverDataSource.getConnection(DriverDataSource.java:139)
	at com.zaxxer.hikari.pool.PoolBase.newConnection(PoolBase.java:368)
	at com.zaxxer.hikari.pool.PoolBase.newPoolEntry(PoolBase.java:205)
	at com.zaxxer.hikari.pool.HikariPool.createPoolEntry(HikariPool.java:483)
	at com.zaxxer.hikari.pool.HikariPool.checkFailFast(HikariPool.java:571)
	at com.zaxxer.hikari.pool.HikariPool.<init>(HikariPool.java:101)
	at com.zaxxer.hikari.HikariDataSource.getConnection(HikariDataSource.java:111)
	at org.hibernate.engine.jdbc.connections.internal.DatasourceConnectionProviderImpl.getConnection(DatasourceConnectionProviderImpl.java:126)
	at org.hibernate.engine.jdbc.env.internal.JdbcEnvironmentInitiator$ConnectionProviderJdbcConnectionAccess.obtainConnection(JdbcEnvironmentInitiator.java:483)
	at org.hibernate.resource.transaction.backend.jdbc.internal.DdlTransactionIsolatorNonJtaImpl.getIsolatedConnection(DdlTransactionIsolatorNonJtaImpl.java:46)
	... 40 common frames omitted
2025-06-16 03:11:34 [main] INFO  com.example.demo.DemoApplication - Starting DemoApplication using Java 21.0.7 with PID 11152 (D:\桌面\FoodMAP\backend\demo\target\classes started by pony in D:\桌面\FoodMAP\backend\demo)
2025-06-16 03:11:34 [main] DEBUG com.example.demo.DemoApplication - Running with Spring Boot v3.5.0, Spring v6.2.7
2025-06-16 03:11:34 [main] INFO  com.example.demo.DemoApplication - No active profile set, falling back to 1 default profile: "default"
2025-06-16 03:11:34 [main] DEBUG o.s.boot.SpringApplication - Loading source class com.example.demo.DemoApplication
2025-06-16 03:11:34 [main] DEBUG o.s.b.w.s.c.AnnotationConfigServletWebServerApplicationContext - Refreshing org.springframework.boot.web.servlet.context.AnnotationConfigServletWebServerApplicationContext@54eb2b70
2025-06-16 03:11:34 [main] DEBUG o.s.b.f.s.DefaultListableBeanFactory - Creating shared instance of singleton bean 'org.springframework.context.annotation.internalConfigurationAnnotationProcessor'
2025-06-16 03:11:34 [main] DEBUG o.s.b.f.s.DefaultListableBeanFactory - Creating shared instance of singleton bean 'org.springframework.boot.autoconfigure.internalCachingMetadataReaderFactory'
2025-06-16 03:11:34 [main] DEBUG o.s.c.a.ClassPathBeanDefinitionScanner - Identified candidate component class: file [D:\桌面\FoodMAP\backend\demo\target\classes\com\example\demo\config\PasswordEncoderConfig.class]
2025-06-16 03:11:34 [main] DEBUG o.s.c.a.ClassPathBeanDefinitionScanner - Identified candidate component class: file [D:\桌面\FoodMAP\backend\demo\target\classes\com\example\demo\config\SecurityConfig.class]
2025-06-16 03:11:34 [main] DEBUG o.s.c.a.ClassPathBeanDefinitionScanner - Identified candidate component class: file [D:\桌面\FoodMAP\backend\demo\target\classes\com\example\demo\controller\AuthController.class]
2025-06-16 03:11:34 [main] DEBUG o.s.c.a.ClassPathBeanDefinitionScanner - Identified candidate component class: file [D:\桌面\FoodMAP\backend\demo\target\classes\com\example\demo\controller\DatabaseMonitorController.class]
2025-06-16 03:11:34 [main] DEBUG o.s.c.a.ClassPathBeanDefinitionScanner - Identified candidate component class: file [D:\桌面\FoodMAP\backend\demo\target\classes\com\example\demo\controller\FavoriteController.class]
2025-06-16 03:11:34 [main] DEBUG o.s.c.a.ClassPathBeanDefinitionScanner - Identified candidate component class: file [D:\桌面\FoodMAP\backend\demo\target\classes\com\example\demo\controller\GoogleRestaurantController.class]
2025-06-16 03:11:34 [main] DEBUG o.s.c.a.ClassPathBeanDefinitionScanner - Identified candidate component class: file [D:\桌面\FoodMAP\backend\demo\target\classes\com\example\demo\controller\RestaurantImageController.class]
2025-06-16 03:11:34 [main] DEBUG o.s.c.a.ClassPathBeanDefinitionScanner - Identified candidate component class: file [D:\桌面\FoodMAP\backend\demo\target\classes\com\example\demo\controller\UserController.class]
2025-06-16 03:11:34 [main] DEBUG o.s.c.a.ClassPathBeanDefinitionScanner - Ignored because not a concrete top-level class: file [D:\桌面\FoodMAP\backend\demo\target\classes\com\example\demo\repository\UserProfileRepository.class]
2025-06-16 03:11:34 [main] DEBUG o.s.c.a.ClassPathBeanDefinitionScanner - Ignored because not a concrete top-level class: file [D:\桌面\FoodMAP\backend\demo\target\classes\com\example\demo\repository\UserRepository.class]
2025-06-16 03:11:34 [main] DEBUG o.s.c.a.ClassPathBeanDefinitionScanner - Identified candidate component class: file [D:\桌面\FoodMAP\backend\demo\target\classes\com\example\demo\security\JwtService.class]
2025-06-16 03:11:34 [main] DEBUG o.s.c.a.ClassPathBeanDefinitionScanner - Identified candidate component class: file [D:\桌面\FoodMAP\backend\demo\target\classes\com\example\demo\service\impl\UserServiceImpl.class]
2025-06-16 03:11:34 [main] INFO  o.s.d.r.c.RepositoryConfigurationDelegate - Bootstrapping Spring Data JPA repositories in DEFAULT mode.
2025-06-16 03:11:34 [main] DEBUG o.s.b.f.s.DefaultListableBeanFactory - Creating shared instance of singleton bean 'org.springframework.boot.autoconfigure.AutoConfigurationPackages'
2025-06-16 03:11:34 [main] DEBUG o.s.b.a.AutoConfigurationPackages - @EnableAutoConfiguration was declared on a class in the package 'com.example.demo'. Automatic @Repository and @Entity scanning is enabled.
2025-06-16 03:11:34 [main] DEBUG o.s.d.r.c.RepositoryConfigurationDelegate - Scanning for JPA repositories in packages com.example.demo.
2025-06-16 03:11:34 [main] DEBUG o.s.d.r.c.RepositoryComponentProvider - Identified candidate component class: file [D:\桌面\FoodMAP\backend\demo\target\classes\com\example\demo\repository\FavoriteRepository.class]
2025-06-16 03:11:34 [main] DEBUG o.s.d.r.c.RepositoryComponentProvider - Identified candidate component class: file [D:\桌面\FoodMAP\backend\demo\target\classes\com\example\demo\repository\GoogleRestaurantRepository.class]
2025-06-16 03:11:34 [main] DEBUG o.s.d.r.c.RepositoryComponentProvider - Identified candidate component class: file [D:\桌面\FoodMAP\backend\demo\target\classes\com\example\demo\repository\UserProfileRepository.class]
2025-06-16 03:11:34 [main] DEBUG o.s.d.r.c.RepositoryComponentProvider - Identified candidate component class: file [D:\桌面\FoodMAP\backend\demo\target\classes\com\example\demo\repository\UserRepository.class]
2025-06-16 03:11:34 [main] DEBUG o.s.c.a.ClassPathScanningCandidateComponentProvider - Identified candidate component class: file [D:\桌面\FoodMAP\backend\demo\target\classes\com\example\demo\service\impl\UserServiceImpl.class]
2025-06-16 03:11:34 [main] INFO  o.s.d.r.c.RepositoryConfigurationDelegate - Finished Spring Data repository scanning in 36 ms. Found 4 JPA repository interfaces.
2025-06-16 03:11:34 [main] DEBUG o.s.b.f.s.DefaultListableBeanFactory - Creating shared instance of singleton bean 'springSecurityPathPatternParserBeanDefinitionRegistryPostProcessor'
2025-06-16 03:11:34 [main] DEBUG o.s.b.f.s.DefaultListableBeanFactory - Creating shared instance of singleton bean 'springSecurityHandlerMappingIntrospectorBeanDefinitionRegistryPostProcessor'
2025-06-16 03:11:34 [main] DEBUG o.s.b.f.s.DefaultListableBeanFactory - Creating shared instance of singleton bean 'propertySourcesPlaceholderConfigurer'
2025-06-16 03:11:34 [main] DEBUG o.s.b.f.s.DefaultListableBeanFactory - Creating shared instance of singleton bean 'emBeanDefinitionRegistrarPostProcessor'
2025-06-16 03:11:34 [main] DEBUG o.s.b.f.s.DefaultListableBeanFactory - Creating shared instance of singleton bean 'org.springframework.boot.sql.init.dependency.DatabaseInitializationDependencyConfigurer$DependsOnDatabaseInitializationPostProcessor'
2025-06-16 03:11:34 [main] DEBUG o.s.b.f.s.DefaultListableBeanFactory - Creating shared instance of singleton bean 'org.springframework.context.event.internalEventListenerProcessor'
2025-06-16 03:11:34 [main] DEBUG o.s.b.f.s.DefaultListableBeanFactory - Creating shared instance of singleton bean 'conversionServicePostProcessor'
2025-06-16 03:11:34 [main] DEBUG o.s.b.f.s.DefaultListableBeanFactory - Creating shared instance of singleton bean 'bootstrapExecutorAliasPostProcessor'
2025-06-16 03:11:34 [main] DEBUG o.s.b.f.s.DefaultListableBeanFactory - Creating shared instance of singleton bean 'preserveErrorControllerTargetClassPostProcessor'
2025-06-16 03:11:34 [main] DEBUG o.s.b.f.s.DefaultListableBeanFactory - Creating shared instance of singleton bean 'org.springframework.context.event.internalEventListenerFactory'
2025-06-16 03:11:34 [main] DEBUG o.s.b.f.s.DefaultListableBeanFactory - Creating shared instance of singleton bean 'org.springframework.transaction.config.internalTransactionalEventListenerFactory'
2025-06-16 03:11:34 [main] DEBUG o.s.b.f.s.DefaultListableBeanFactory - Creating shared instance of singleton bean 'org.springframework.context.annotation.internalAutowiredAnnotationProcessor'
2025-06-16 03:11:34 [main] DEBUG o.s.b.f.s.DefaultListableBeanFactory - Creating shared instance of singleton bean 'org.springframework.context.annotation.internalCommonAnnotationProcessor'
2025-06-16 03:11:34 [main] DEBUG o.s.b.f.s.DefaultListableBeanFactory - Creating shared instance of singleton bean 'org.springframework.context.annotation.internalPersistenceAnnotationProcessor'
2025-06-16 03:11:34 [main] DEBUG o.s.b.f.s.DefaultListableBeanFactory - Creating shared instance of singleton bean 'org.springframework.boot.context.properties.ConfigurationPropertiesBindingPostProcessor'
2025-06-16 03:11:34 [main] DEBUG o.s.b.f.s.DefaultListableBeanFactory - Creating shared instance of singleton bean 'org.springframework.boot.context.internalConfigurationPropertiesBinder'
2025-06-16 03:11:34 [main] DEBUG o.s.b.f.s.DefaultListableBeanFactory - Creating shared instance of singleton bean 'jdbcConnectionDetailsHikariBeanPostProcessor'
2025-06-16 03:11:34 [main] DEBUG o.s.b.f.s.DefaultListableBeanFactory - Creating shared instance of singleton bean 'org.springframework.aop.config.internalAutoProxyCreator'
2025-06-16 03:11:34 [main] DEBUG o.s.b.f.s.DefaultListableBeanFactory - Creating shared instance of singleton bean 'persistenceExceptionTranslationPostProcessor'
2025-06-16 03:11:34 [main] DEBUG o.s.b.f.s.DefaultListableBeanFactory - Autowiring by type from bean name 'persistenceExceptionTranslationPostProcessor' via factory method to bean named 'environment'
2025-06-16 03:11:34 [main] DEBUG o.s.b.f.s.DefaultListableBeanFactory - Creating shared instance of singleton bean 'webServerFactoryCustomizerBeanPostProcessor'
2025-06-16 03:11:34 [main] DEBUG o.s.b.f.s.DefaultListableBeanFactory - Creating shared instance of singleton bean 'errorPageRegistrarBeanPostProcessor'
2025-06-16 03:11:34 [main] DEBUG o.s.b.f.s.DefaultListableBeanFactory - Creating shared instance of singleton bean 'healthEndpointGroupsBeanPostProcessor'
2025-06-16 03:11:34 [main] DEBUG o.s.b.f.s.DefaultListableBeanFactory - Creating shared instance of singleton bean 'org.springframework.transaction.config.internalTransactionAdvisor'
2025-06-16 03:11:34 [main] DEBUG o.s.b.f.s.DefaultListableBeanFactory - Creating shared instance of singleton bean 'org.springframework.transaction.annotation.ProxyTransactionManagementConfiguration'
2025-06-16 03:11:34 [main] DEBUG o.s.b.f.s.DefaultListableBeanFactory - Creating shared instance of singleton bean 'transactionAttributeSource'
2025-06-16 03:11:34 [main] DEBUG o.s.b.f.s.DefaultListableBeanFactory - Creating shared instance of singleton bean 'transactionInterceptor'
2025-06-16 03:11:34 [main] DEBUG o.s.b.f.s.DefaultListableBeanFactory - Autowiring by type from bean name 'transactionInterceptor' via factory method to bean named 'transactionAttributeSource'
2025-06-16 03:11:34 [main] DEBUG o.s.b.f.s.DefaultListableBeanFactory - Autowiring by type from bean name 'org.springframework.transaction.config.internalTransactionAdvisor' via factory method to bean named 'transactionAttributeSource'
2025-06-16 03:11:34 [main] DEBUG o.s.b.f.s.DefaultListableBeanFactory - Autowiring by type from bean name 'org.springframework.transaction.config.internalTransactionAdvisor' via factory method to bean named 'transactionInterceptor'
2025-06-16 03:11:34 [main] DEBUG o.s.b.f.s.DefaultListableBeanFactory - Creating shared instance of singleton bean 'meterRegistryPostProcessor'
2025-06-16 03:11:34 [main] DEBUG o.s.b.f.s.DefaultListableBeanFactory - Autowiring by type from bean name 'meterRegistryPostProcessor' via factory method to bean named 'org.springframework.boot.web.servlet.context.AnnotationConfigServletWebServerApplicationContext@54eb2b70'
2025-06-16 03:11:34 [main] DEBUG o.s.b.f.s.DefaultListableBeanFactory - Creating shared instance of singleton bean 'metricsRepositoryMethodInvocationListenerBeanPostProcessor'
2025-06-16 03:11:34 [main] DEBUG o.s.b.f.s.DefaultListableBeanFactory - Creating shared instance of singleton bean 'observationRegistryPostProcessor'
2025-06-16 03:11:34 [main] DEBUG o.s.b.f.s.DefaultListableBeanFactory - Creating shared instance of singleton bean 'projectingArgumentResolverBeanPostProcessor'
2025-06-16 03:11:35 [main] DEBUG o.s.u.c.s.UiApplicationContextUtils - Unable to locate ThemeSource with name 'themeSource': using default [org.springframework.ui.context.support.ResourceBundleThemeSource@65bad087]
2025-06-16 03:11:35 [main] DEBUG o.s.b.f.s.DefaultListableBeanFactory - Creating shared instance of singleton bean 'tomcatServletWebServerFactory'
2025-06-16 03:11:35 [main] DEBUG o.s.b.f.s.DefaultListableBeanFactory - Creating shared instance of singleton bean 'org.springframework.boot.autoconfigure.web.servlet.ServletWebServerFactoryConfiguration$EmbeddedTomcat'
2025-06-16 03:11:35 [main] DEBUG o.s.b.f.s.DefaultListableBeanFactory - Creating shared instance of singleton bean 'websocketServletWebServerCustomizer'
2025-06-16 03:11:35 [main] DEBUG o.s.b.f.s.DefaultListableBeanFactory - Creating shared instance of singleton bean 'org.springframework.boot.autoconfigure.websocket.servlet.WebSocketServletAutoConfiguration$TomcatWebSocketConfiguration'
2025-06-16 03:11:35 [main] DEBUG o.s.b.f.s.DefaultListableBeanFactory - Creating shared instance of singleton bean 'servletWebServerFactoryCustomizer'
2025-06-16 03:11:35 [main] DEBUG o.s.b.f.s.DefaultListableBeanFactory - Creating shared instance of singleton bean 'org.springframework.boot.autoconfigure.web.servlet.ServletWebServerFactoryAutoConfiguration'
2025-06-16 03:11:35 [main] DEBUG o.s.b.f.s.DefaultListableBeanFactory - Creating shared instance of singleton bean 'server-org.springframework.boot.autoconfigure.web.ServerProperties'
2025-06-16 03:11:35 [main] DEBUG o.s.b.f.s.DefaultListableBeanFactory - Creating shared instance of singleton bean 'org.springframework.boot.context.properties.BoundConfigurationProperties'
2025-06-16 03:11:35 [main] DEBUG o.s.b.f.s.DefaultListableBeanFactory - Autowiring by type from bean name 'servletWebServerFactoryCustomizer' via factory method to bean named 'server-org.springframework.boot.autoconfigure.web.ServerProperties'
2025-06-16 03:11:35 [main] DEBUG o.s.b.f.s.DefaultListableBeanFactory - Creating shared instance of singleton bean 'sslBundleRegistry'
2025-06-16 03:11:35 [main] DEBUG o.s.b.f.s.DefaultListableBeanFactory - Creating shared instance of singleton bean 'org.springframework.boot.autoconfigure.ssl.SslAutoConfiguration'
2025-06-16 03:11:35 [main] DEBUG o.s.b.f.s.DefaultListableBeanFactory - Creating shared instance of singleton bean 'spring.ssl-org.springframework.boot.autoconfigure.ssl.SslProperties'
2025-06-16 03:11:35 [main] DEBUG o.s.b.f.s.DefaultListableBeanFactory - Autowiring by type from bean name 'org.springframework.boot.autoconfigure.ssl.SslAutoConfiguration' via constructor to bean named 'org.springframework.boot.web.servlet.context.AnnotationConfigServletWebServerApplicationContext@54eb2b70'
2025-06-16 03:11:35 [main] DEBUG o.s.b.f.s.DefaultListableBeanFactory - Autowiring by type from bean name 'org.springframework.boot.autoconfigure.ssl.SslAutoConfiguration' via constructor to bean named 'spring.ssl-org.springframework.boot.autoconfigure.ssl.SslProperties'
2025-06-16 03:11:35 [main] DEBUG o.s.b.f.s.DefaultListableBeanFactory - Creating shared instance of singleton bean 'sslPropertiesSslBundleRegistrar'
2025-06-16 03:11:35 [main] DEBUG o.s.b.f.s.DefaultListableBeanFactory - Creating shared instance of singleton bean 'fileWatcher'
2025-06-16 03:11:35 [main] DEBUG o.s.b.f.s.DefaultListableBeanFactory - Autowiring by type from bean name 'sslPropertiesSslBundleRegistrar' via factory method to bean named 'fileWatcher'
2025-06-16 03:11:35 [main] DEBUG o.s.b.f.s.DefaultListableBeanFactory - Creating shared instance of singleton bean 'tomcatServletWebServerFactoryCustomizer'
2025-06-16 03:11:35 [main] DEBUG o.s.b.f.s.DefaultListableBeanFactory - Autowiring by type from bean name 'tomcatServletWebServerFactoryCustomizer' via factory method to bean named 'server-org.springframework.boot.autoconfigure.web.ServerProperties'
2025-06-16 03:11:35 [main] DEBUG o.s.b.f.s.DefaultListableBeanFactory - Creating shared instance of singleton bean 'tomcatWebServerFactoryCustomizer'
2025-06-16 03:11:35 [main] DEBUG o.s.b.f.s.DefaultListableBeanFactory - Creating shared instance of singleton bean 'org.springframework.boot.autoconfigure.web.embedded.EmbeddedWebServerFactoryCustomizerAutoConfiguration$TomcatWebServerFactoryCustomizerConfiguration'
2025-06-16 03:11:35 [main] DEBUG o.s.b.f.s.DefaultListableBeanFactory - Autowiring by type from bean name 'tomcatWebServerFactoryCustomizer' via factory method to bean named 'environment'
2025-06-16 03:11:35 [main] DEBUG o.s.b.f.s.DefaultListableBeanFactory - Autowiring by type from bean name 'tomcatWebServerFactoryCustomizer' via factory method to bean named 'server-org.springframework.boot.autoconfigure.web.ServerProperties'
2025-06-16 03:11:35 [main] DEBUG o.s.b.f.s.DefaultListableBeanFactory - Creating shared instance of singleton bean 'localeCharsetMappingsCustomizer'
2025-06-16 03:11:35 [main] DEBUG o.s.b.f.s.DefaultListableBeanFactory - Creating shared instance of singleton bean 'org.springframework.boot.autoconfigure.web.servlet.HttpEncodingAutoConfiguration'
2025-06-16 03:11:35 [main] DEBUG o.s.b.f.s.DefaultListableBeanFactory - Autowiring by type from bean name 'org.springframework.boot.autoconfigure.web.servlet.HttpEncodingAutoConfiguration' via constructor to bean named 'server-org.springframework.boot.autoconfigure.web.ServerProperties'
2025-06-16 03:11:35 [main] DEBUG o.s.b.f.s.DefaultListableBeanFactory - Creating shared instance of singleton bean 'errorPageCustomizer'
2025-06-16 03:11:35 [main] DEBUG o.s.b.f.s.DefaultListableBeanFactory - Creating shared instance of singleton bean 'org.springframework.boot.autoconfigure.web.servlet.error.ErrorMvcAutoConfiguration'
2025-06-16 03:11:35 [main] DEBUG o.s.b.f.s.DefaultListableBeanFactory - Autowiring by type from bean name 'org.springframework.boot.autoconfigure.web.servlet.error.ErrorMvcAutoConfiguration' via constructor to bean named 'server-org.springframework.boot.autoconfigure.web.ServerProperties'
2025-06-16 03:11:35 [main] DEBUG o.s.b.f.s.DefaultListableBeanFactory - Creating shared instance of singleton bean 'dispatcherServletRegistration'
2025-06-16 03:11:35 [main] DEBUG o.s.b.f.s.DefaultListableBeanFactory - Creating shared instance of singleton bean 'org.springframework.boot.autoconfigure.web.servlet.DispatcherServletAutoConfiguration$DispatcherServletRegistrationConfiguration'
2025-06-16 03:11:35 [main] DEBUG o.s.b.f.s.DefaultListableBeanFactory - Creating shared instance of singleton bean 'dispatcherServlet'
2025-06-16 03:11:35 [main] DEBUG o.s.b.f.s.DefaultListableBeanFactory - Creating shared instance of singleton bean 'org.springframework.boot.autoconfigure.web.servlet.DispatcherServletAutoConfiguration$DispatcherServletConfiguration'
2025-06-16 03:11:35 [main] DEBUG o.s.b.f.s.DefaultListableBeanFactory - Creating shared instance of singleton bean 'spring.mvc-org.springframework.boot.autoconfigure.web.servlet.WebMvcProperties'
2025-06-16 03:11:35 [main] DEBUG o.s.b.f.s.DefaultListableBeanFactory - Autowiring by type from bean name 'dispatcherServlet' via factory method to bean named 'spring.mvc-org.springframework.boot.autoconfigure.web.servlet.WebMvcProperties'
2025-06-16 03:11:35 [main] DEBUG o.s.b.f.s.DefaultListableBeanFactory - Autowiring by type from bean name 'dispatcherServletRegistration' via factory method to bean named 'dispatcherServlet'
2025-06-16 03:11:35 [main] DEBUG o.s.b.f.s.DefaultListableBeanFactory - Autowiring by type from bean name 'dispatcherServletRegistration' via factory method to bean named 'spring.mvc-org.springframework.boot.autoconfigure.web.servlet.WebMvcProperties'
2025-06-16 03:11:35 [main] DEBUG o.s.b.f.s.DefaultListableBeanFactory - Creating shared instance of singleton bean 'multipartConfigElement'
2025-06-16 03:11:35 [main] DEBUG o.s.b.f.s.DefaultListableBeanFactory - Creating shared instance of singleton bean 'org.springframework.boot.autoconfigure.web.servlet.MultipartAutoConfiguration'
2025-06-16 03:11:35 [main] DEBUG o.s.b.f.s.DefaultListableBeanFactory - Creating shared instance of singleton bean 'spring.servlet.multipart-org.springframework.boot.autoconfigure.web.servlet.MultipartProperties'
2025-06-16 03:11:35 [main] DEBUG o.s.b.f.s.DefaultListableBeanFactory - Autowiring by type from bean name 'org.springframework.boot.autoconfigure.web.servlet.MultipartAutoConfiguration' via constructor to bean named 'spring.servlet.multipart-org.springframework.boot.autoconfigure.web.servlet.MultipartProperties'
2025-06-16 03:11:35 [main] DEBUG o.s.b.f.s.DefaultListableBeanFactory - Autowiring by type from bean name 'errorPageCustomizer' via factory method to bean named 'dispatcherServletRegistration'
2025-06-16 03:11:35 [main] DEBUG o.s.b.w.e.t.TomcatServletWebServerFactory - Code archive: C:\Users\pony\.m2\repository\org\springframework\boot\spring-boot\3.5.0\spring-boot-3.5.0.jar
2025-06-16 03:11:35 [main] DEBUG o.s.b.w.e.t.TomcatServletWebServerFactory - Code archive: C:\Users\pony\.m2\repository\org\springframework\boot\spring-boot\3.5.0\spring-boot-3.5.0.jar
2025-06-16 03:11:35 [main] DEBUG o.s.b.w.e.t.TomcatServletWebServerFactory - None of the document roots [src/main/webapp, public, static] point to a directory and will be ignored.
2025-06-16 03:11:35 [main] INFO  o.s.b.w.e.tomcat.TomcatWebServer - Tomcat initialized with port 8080 (http)
2025-06-16 03:11:35 [main] INFO  o.a.catalina.core.StandardService - Starting service [Tomcat]
2025-06-16 03:11:35 [main] INFO  o.a.catalina.core.StandardEngine - Starting Servlet engine: [Apache Tomcat/10.1.41]
2025-06-16 03:11:35 [main] INFO  o.a.c.c.C.[Tomcat].[localhost].[/] - Initializing Spring embedded WebApplicationContext
2025-06-16 03:11:35 [main] DEBUG o.s.b.w.s.c.ServletWebServerApplicationContext - Published root WebApplicationContext as ServletContext attribute with name [org.springframework.web.context.WebApplicationContext.ROOT]
2025-06-16 03:11:35 [main] INFO  o.s.b.w.s.c.ServletWebServerApplicationContext - Root WebApplicationContext: initialization completed in 1034 ms
2025-06-16 03:11:35 [main] DEBUG o.s.b.f.s.DefaultListableBeanFactory - Creating shared instance of singleton bean 'webMvcObservationFilter'
2025-06-16 03:11:35 [main] DEBUG o.s.b.f.s.DefaultListableBeanFactory - Creating shared instance of singleton bean 'org.springframework.boot.actuate.autoconfigure.observation.web.servlet.WebMvcObservationAutoConfiguration'
2025-06-16 03:11:35 [main] DEBUG o.s.b.f.s.DefaultListableBeanFactory - Creating shared instance of singleton bean 'observationRegistry'
2025-06-16 03:11:35 [main] DEBUG o.s.b.f.s.DefaultListableBeanFactory - Creating shared instance of singleton bean 'org.springframework.boot.actuate.autoconfigure.observation.ObservationAutoConfiguration'
2025-06-16 03:11:35 [main] DEBUG o.s.b.f.s.DefaultListableBeanFactory - Creating shared instance of singleton bean 'propertiesObservationFilter'
2025-06-16 03:11:35 [main] DEBUG o.s.b.f.s.DefaultListableBeanFactory - Creating shared instance of singleton bean 'management.observations-org.springframework.boot.actuate.autoconfigure.observation.ObservationProperties'
2025-06-16 03:11:35 [main] DEBUG o.s.b.f.s.DefaultListableBeanFactory - Autowiring by type from bean name 'propertiesObservationFilter' via factory method to bean named 'management.observations-org.springframework.boot.actuate.autoconfigure.observation.ObservationProperties'
2025-06-16 03:11:35 [main] DEBUG o.s.b.f.s.DefaultListableBeanFactory - Creating shared instance of singleton bean 'metricsObservationHandlerGrouping'
2025-06-16 03:11:35 [main] DEBUG o.s.b.f.s.DefaultListableBeanFactory - Creating shared instance of singleton bean 'org.springframework.boot.actuate.autoconfigure.observation.ObservationAutoConfiguration$OnlyMetricsConfiguration'
2025-06-16 03:11:35 [main] DEBUG o.s.b.f.s.DefaultListableBeanFactory - Creating shared instance of singleton bean 'defaultMeterObservationHandler'
2025-06-16 03:11:35 [main] DEBUG o.s.b.f.s.DefaultListableBeanFactory - Creating shared instance of singleton bean 'org.springframework.boot.actuate.autoconfigure.observation.ObservationAutoConfiguration$MeterObservationHandlerConfiguration$OnlyMetricsMeterObservationHandlerConfiguration'
2025-06-16 03:11:35 [main] DEBUG o.s.b.f.s.DefaultListableBeanFactory - Creating shared instance of singleton bean 'simpleMeterRegistry'
2025-06-16 03:11:35 [main] DEBUG o.s.b.f.s.DefaultListableBeanFactory - Creating shared instance of singleton bean 'org.springframework.boot.actuate.autoconfigure.metrics.export.simple.SimpleMetricsExportAutoConfiguration'
2025-06-16 03:11:35 [main] DEBUG o.s.b.f.s.DefaultListableBeanFactory - Creating shared instance of singleton bean 'simpleConfig'
2025-06-16 03:11:35 [main] DEBUG o.s.b.f.s.DefaultListableBeanFactory - Creating shared instance of singleton bean 'management.simple.metrics.export-org.springframework.boot.actuate.autoconfigure.metrics.export.simple.SimpleProperties'
2025-06-16 03:11:35 [main] DEBUG o.s.b.f.s.DefaultListableBeanFactory - Autowiring by type from bean name 'simpleConfig' via factory method to bean named 'management.simple.metrics.export-org.springframework.boot.actuate.autoconfigure.metrics.export.simple.SimpleProperties'
2025-06-16 03:11:35 [main] DEBUG o.s.b.f.s.DefaultListableBeanFactory - Creating shared instance of singleton bean 'micrometerClock'
2025-06-16 03:11:35 [main] DEBUG o.s.b.f.s.DefaultListableBeanFactory - Creating shared instance of singleton bean 'org.springframework.boot.actuate.autoconfigure.metrics.MetricsAutoConfiguration'
2025-06-16 03:11:35 [main] DEBUG o.s.b.f.s.DefaultListableBeanFactory - Autowiring by type from bean name 'simpleMeterRegistry' via factory method to bean named 'simpleConfig'
2025-06-16 03:11:35 [main] DEBUG o.s.b.f.s.DefaultListableBeanFactory - Autowiring by type from bean name 'simpleMeterRegistry' via factory method to bean named 'micrometerClock'
2025-06-16 03:11:35 [main] DEBUG o.s.b.f.s.DefaultListableBeanFactory - Creating shared instance of singleton bean 'propertiesMeterFilter'
2025-06-16 03:11:35 [main] DEBUG o.s.b.f.s.DefaultListableBeanFactory - Creating shared instance of singleton bean 'management.metrics-org.springframework.boot.actuate.autoconfigure.metrics.MetricsProperties'
2025-06-16 03:11:35 [main] DEBUG o.s.b.f.s.DefaultListableBeanFactory - Autowiring by type from bean name 'propertiesMeterFilter' via factory method to bean named 'management.metrics-org.springframework.boot.actuate.autoconfigure.metrics.MetricsProperties'
2025-06-16 03:11:35 [main] DEBUG o.s.b.f.s.DefaultListableBeanFactory - Creating shared instance of singleton bean 'metricsHttpClientUriTagFilter'
2025-06-16 03:11:35 [main] DEBUG o.s.b.f.s.DefaultListableBeanFactory - Creating shared instance of singleton bean 'org.springframework.boot.actuate.autoconfigure.observation.web.client.HttpClientObservationsAutoConfiguration$MeterFilterConfiguration'
2025-06-16 03:11:35 [main] DEBUG o.s.b.f.s.DefaultListableBeanFactory - Autowiring by type from bean name 'metricsHttpClientUriTagFilter' via factory method to bean named 'management.observations-org.springframework.boot.actuate.autoconfigure.observation.ObservationProperties'
2025-06-16 03:11:35 [main] DEBUG o.s.b.f.s.DefaultListableBeanFactory - Autowiring by type from bean name 'metricsHttpClientUriTagFilter' via factory method to bean named 'management.metrics-org.springframework.boot.actuate.autoconfigure.metrics.MetricsProperties'
2025-06-16 03:11:35 [main] DEBUG o.s.b.f.s.DefaultListableBeanFactory - Creating shared instance of singleton bean 'metricsHttpServerUriTagFilter'
2025-06-16 03:11:35 [main] DEBUG o.s.b.f.s.DefaultListableBeanFactory - Creating shared instance of singleton bean 'org.springframework.boot.actuate.autoconfigure.observation.web.servlet.WebMvcObservationAutoConfiguration$MeterFilterConfiguration'
2025-06-16 03:11:35 [main] DEBUG o.s.b.f.s.DefaultListableBeanFactory - Autowiring by type from bean name 'metricsHttpServerUriTagFilter' via factory method to bean named 'management.observations-org.springframework.boot.actuate.autoconfigure.observation.ObservationProperties'
2025-06-16 03:11:35 [main] DEBUG o.s.b.f.s.DefaultListableBeanFactory - Autowiring by type from bean name 'metricsHttpServerUriTagFilter' via factory method to bean named 'management.metrics-org.springframework.boot.actuate.autoconfigure.metrics.MetricsProperties'
2025-06-16 03:11:35 [main] DEBUG o.s.b.f.s.DefaultListableBeanFactory - Autowiring by type from bean name 'defaultMeterObservationHandler' via factory method to bean named 'simpleMeterRegistry'
2025-06-16 03:11:35 [main] DEBUG o.s.b.f.s.DefaultListableBeanFactory - Autowiring by type from bean name 'defaultMeterObservationHandler' via factory method to bean named 'management.observations-org.springframework.boot.actuate.autoconfigure.observation.ObservationProperties'
2025-06-16 03:11:35 [main] DEBUG o.s.b.f.s.DefaultListableBeanFactory - Autowiring by type from bean name 'webMvcObservationFilter' via factory method to bean named 'observationRegistry'
2025-06-16 03:11:35 [main] DEBUG o.s.b.f.s.DefaultListableBeanFactory - Autowiring by type from bean name 'webMvcObservationFilter' via factory method to bean named 'management.observations-org.springframework.boot.actuate.autoconfigure.observation.ObservationProperties'
2025-06-16 03:11:35 [main] DEBUG o.s.b.f.s.DefaultListableBeanFactory - Creating shared instance of singleton bean 'securityFilterChainRegistration'
2025-06-16 03:11:35 [main] DEBUG o.s.b.f.s.DefaultListableBeanFactory - Creating shared instance of singleton bean 'org.springframework.boot.autoconfigure.security.servlet.SecurityFilterAutoConfiguration'
2025-06-16 03:11:35 [main] DEBUG o.s.b.f.s.DefaultListableBeanFactory - Creating shared instance of singleton bean 'spring.security-org.springframework.boot.autoconfigure.security.SecurityProperties'
2025-06-16 03:11:35 [main] DEBUG o.s.b.f.s.DefaultListableBeanFactory - Autowiring by type from bean name 'securityFilterChainRegistration' via factory method to bean named 'spring.security-org.springframework.boot.autoconfigure.security.SecurityProperties'
2025-06-16 03:11:35 [main] DEBUG o.s.b.f.s.DefaultListableBeanFactory - Creating shared instance of singleton bean 'servletEndpointRegistrar'
2025-06-16 03:11:35 [main] DEBUG o.s.b.f.s.DefaultListableBeanFactory - Creating shared instance of singleton bean 'org.springframework.boot.actuate.autoconfigure.endpoint.web.ServletEndpointManagementContextConfiguration$WebMvcServletEndpointManagementContextConfiguration'
2025-06-16 03:11:35 [main] DEBUG o.s.b.f.s.DefaultListableBeanFactory - Creating shared instance of singleton bean 'management.endpoints.web-org.springframework.boot.actuate.autoconfigure.endpoint.web.WebEndpointProperties'
2025-06-16 03:11:35 [main] DEBUG o.s.b.f.s.DefaultListableBeanFactory - Creating shared instance of singleton bean 'servletEndpointDiscoverer'
2025-06-16 03:11:35 [main] DEBUG o.s.b.f.s.DefaultListableBeanFactory - Creating shared instance of singleton bean 'org.springframework.boot.actuate.autoconfigure.endpoint.web.WebEndpointAutoConfiguration$WebEndpointServletConfiguration'
2025-06-16 03:11:35 [main] DEBUG o.s.b.f.s.DefaultListableBeanFactory - Autowiring by type from bean name 'servletEndpointDiscoverer' via factory method to bean named 'org.springframework.boot.web.servlet.context.AnnotationConfigServletWebServerApplicationContext@54eb2b70'
2025-06-16 03:11:35 [main] DEBUG o.s.b.f.s.DefaultListableBeanFactory - Creating shared instance of singleton bean 'webEndpointPathMapper'
2025-06-16 03:11:35 [main] DEBUG o.s.b.f.s.DefaultListableBeanFactory - Creating shared instance of singleton bean 'org.springframework.boot.actuate.autoconfigure.endpoint.web.WebEndpointAutoConfiguration'
2025-06-16 03:11:35 [main] DEBUG o.s.b.f.s.DefaultListableBeanFactory - Autowiring by type from bean name 'org.springframework.boot.actuate.autoconfigure.endpoint.web.WebEndpointAutoConfiguration' via constructor to bean named 'org.springframework.boot.web.servlet.context.AnnotationConfigServletWebServerApplicationContext@54eb2b70'
2025-06-16 03:11:35 [main] DEBUG o.s.b.f.s.DefaultListableBeanFactory - Autowiring by type from bean name 'org.springframework.boot.actuate.autoconfigure.endpoint.web.WebEndpointAutoConfiguration' via constructor to bean named 'management.endpoints.web-org.springframework.boot.actuate.autoconfigure.endpoint.web.WebEndpointProperties'
2025-06-16 03:11:35 [main] DEBUG o.s.b.f.s.DefaultListableBeanFactory - Creating shared instance of singleton bean 'servletExposeExcludePropertyEndpointFilter'
2025-06-16 03:11:35 [main] DEBUG o.s.b.f.s.DefaultListableBeanFactory - Creating shared instance of singleton bean 'org.springframework.boot.actuate.autoconfigure.endpoint.web.ServletEndpointManagementContextConfiguration'
2025-06-16 03:11:35 [main] DEBUG o.s.b.f.s.DefaultListableBeanFactory - Autowiring by type from bean name 'servletExposeExcludePropertyEndpointFilter' via factory method to bean named 'management.endpoints.web-org.springframework.boot.actuate.autoconfigure.endpoint.web.WebEndpointProperties'
2025-06-16 03:11:35 [main] DEBUG o.s.b.f.s.DefaultListableBeanFactory - Creating shared instance of singleton bean 'propertiesEndpointAccessResolver'
2025-06-16 03:11:35 [main] DEBUG o.s.b.f.s.DefaultListableBeanFactory - Creating shared instance of singleton bean 'org.springframework.boot.actuate.autoconfigure.endpoint.EndpointAutoConfiguration'
2025-06-16 03:11:35 [main] DEBUG o.s.b.f.s.DefaultListableBeanFactory - Autowiring by type from bean name 'propertiesEndpointAccessResolver' via factory method to bean named 'environment'
2025-06-16 03:11:35 [main] DEBUG o.s.b.f.s.DefaultListableBeanFactory - Autowiring by type from bean name 'servletEndpointRegistrar' via factory method to bean named 'management.endpoints.web-org.springframework.boot.actuate.autoconfigure.endpoint.web.WebEndpointProperties'
2025-06-16 03:11:35 [main] DEBUG o.s.b.f.s.DefaultListableBeanFactory - Autowiring by type from bean name 'servletEndpointRegistrar' via factory method to bean named 'servletEndpointDiscoverer'
2025-06-16 03:11:35 [main] DEBUG o.s.b.f.s.DefaultListableBeanFactory - Autowiring by type from bean name 'servletEndpointRegistrar' via factory method to bean named 'dispatcherServletRegistration'
2025-06-16 03:11:35 [main] DEBUG o.s.b.f.s.DefaultListableBeanFactory - Autowiring by type from bean name 'servletEndpointRegistrar' via factory method to bean named 'propertiesEndpointAccessResolver'
2025-06-16 03:11:35 [main] DEBUG o.s.b.f.s.DefaultListableBeanFactory - Creating shared instance of singleton bean 'requestContextFilter'
2025-06-16 03:11:35 [main] DEBUG o.s.b.f.s.DefaultListableBeanFactory - Creating shared instance of singleton bean 'formContentFilter'
2025-06-16 03:11:35 [main] DEBUG o.s.b.f.s.DefaultListableBeanFactory - Creating shared instance of singleton bean 'org.springframework.boot.autoconfigure.web.servlet.WebMvcAutoConfiguration'
2025-06-16 03:11:35 [main] DEBUG o.s.b.f.s.DefaultListableBeanFactory - Creating shared instance of singleton bean 'characterEncodingFilter'
2025-06-16 03:11:35 [main] DEBUG o.s.b.w.s.ServletContextInitializerBeans - Mapping filters: webMvcObservationFilter urls=[/*] order=-2147483647, springSecurityFilterChain urls=[/*] order=-100, characterEncodingFilter urls=[/*] order=-2147483648, formContentFilter urls=[/*] order=-9900, requestContextFilter urls=[/*] order=-105
2025-06-16 03:11:35 [main] DEBUG o.s.b.w.s.ServletContextInitializerBeans - Mapping servlets: dispatcherServlet urls=[/]
2025-06-16 03:11:35 [main] DEBUG o.s.b.w.s.f.OrderedRequestContextFilter - Filter 'requestContextFilter' configured for use
2025-06-16 03:11:35 [main] DEBUG o.s.w.f.ServerHttpObservationFilter - Filter 'webMvcObservationFilter' configured for use
2025-06-16 03:11:35 [main] DEBUG o.s.b.w.s.f.OrderedCharacterEncodingFilter - Filter 'characterEncodingFilter' configured for use
2025-06-16 03:11:35 [main] DEBUG o.s.b.w.s.DelegatingFilterProxyRegistrationBean$1 - Filter 'springSecurityFilterChain' configured for use
2025-06-16 03:11:35 [main] DEBUG o.s.b.w.s.f.OrderedFormContentFilter - Filter 'formContentFilter' configured for use
2025-06-16 03:11:35 [main] DEBUG o.s.b.f.s.DefaultListableBeanFactory - Creating shared instance of singleton bean 'applicationTaskExecutor'
2025-06-16 03:11:35 [main] DEBUG o.s.b.f.s.DefaultListableBeanFactory - Creating shared instance of singleton bean 'org.springframework.boot.autoconfigure.task.TaskExecutorConfigurations$TaskExecutorConfiguration'
2025-06-16 03:11:35 [main] DEBUG o.s.b.f.s.DefaultListableBeanFactory - Creating shared instance of singleton bean 'threadPoolTaskExecutorBuilder'
2025-06-16 03:11:35 [main] DEBUG o.s.b.f.s.DefaultListableBeanFactory - Creating shared instance of singleton bean 'org.springframework.boot.autoconfigure.task.TaskExecutorConfigurations$ThreadPoolTaskExecutorBuilderConfiguration'
2025-06-16 03:11:35 [main] DEBUG o.s.b.f.s.DefaultListableBeanFactory - Creating shared instance of singleton bean 'spring.task.execution-org.springframework.boot.autoconfigure.task.TaskExecutionProperties'
2025-06-16 03:11:35 [main] DEBUG o.s.b.f.s.DefaultListableBeanFactory - Autowiring by type from bean name 'threadPoolTaskExecutorBuilder' via factory method to bean named 'spring.task.execution-org.springframework.boot.autoconfigure.task.TaskExecutionProperties'
2025-06-16 03:11:35 [main] DEBUG o.s.b.f.s.DefaultListableBeanFactory - Autowiring by type from bean name 'applicationTaskExecutor' via factory method to bean named 'threadPoolTaskExecutorBuilder'
2025-06-16 03:11:35 [main] DEBUG o.s.s.c.ThreadPoolTaskExecutor - Initializing ExecutorService 'applicationTaskExecutor'
2025-06-16 03:11:35 [main] DEBUG o.s.b.f.s.DefaultListableBeanFactory - Creating shared instance of singleton bean 'dataSourceScriptDatabaseInitializer'
2025-06-16 03:11:35 [main] DEBUG o.s.b.f.s.DefaultListableBeanFactory - Creating shared instance of singleton bean 'org.springframework.boot.autoconfigure.sql.init.DataSourceInitializationConfiguration'
2025-06-16 03:11:35 [main] DEBUG o.s.b.f.s.DefaultListableBeanFactory - Creating shared instance of singleton bean 'dataSource'
2025-06-16 03:11:35 [main] DEBUG o.s.b.f.s.DefaultListableBeanFactory - Creating shared instance of singleton bean 'org.springframework.boot.autoconfigure.jdbc.DataSourceConfiguration$Hikari'
2025-06-16 03:11:35 [main] DEBUG o.s.b.f.s.DefaultListableBeanFactory - Creating shared instance of singleton bean 'spring.datasource-org.springframework.boot.autoconfigure.jdbc.DataSourceProperties'
2025-06-16 03:11:35 [main] DEBUG o.s.b.f.s.DefaultListableBeanFactory - Creating shared instance of singleton bean 'jdbcConnectionDetails'
2025-06-16 03:11:35 [main] DEBUG o.s.b.f.s.DefaultListableBeanFactory - Creating shared instance of singleton bean 'org.springframework.boot.autoconfigure.jdbc.DataSourceAutoConfiguration$PooledDataSourceConfiguration'
2025-06-16 03:11:35 [main] DEBUG o.s.b.f.s.DefaultListableBeanFactory - Autowiring by type from bean name 'jdbcConnectionDetails' via factory method to bean named 'spring.datasource-org.springframework.boot.autoconfigure.jdbc.DataSourceProperties'
2025-06-16 03:11:35 [main] DEBUG o.s.b.f.s.DefaultListableBeanFactory - Autowiring by type from bean name 'dataSource' via factory method to bean named 'spring.datasource-org.springframework.boot.autoconfigure.jdbc.DataSourceProperties'
2025-06-16 03:11:35 [main] DEBUG o.s.b.f.s.DefaultListableBeanFactory - Autowiring by type from bean name 'dataSource' via factory method to bean named 'jdbcConnectionDetails'
2025-06-16 03:11:35 [main] DEBUG o.s.b.f.s.DefaultListableBeanFactory - Autowiring by type from bean name 'dataSource' via factory method to bean named 'environment'
2025-06-16 03:11:35 [main] DEBUG o.s.b.f.s.DefaultListableBeanFactory - Creating shared instance of singleton bean 'spring.sql.init-org.springframework.boot.autoconfigure.sql.init.SqlInitializationProperties'
2025-06-16 03:11:35 [main] DEBUG o.s.b.f.s.DefaultListableBeanFactory - Autowiring by type from bean name 'dataSourceScriptDatabaseInitializer' via factory method to bean named 'dataSource'
2025-06-16 03:11:35 [main] DEBUG o.s.b.f.s.DefaultListableBeanFactory - Autowiring by type from bean name 'dataSourceScriptDatabaseInitializer' via factory method to bean named 'spring.sql.init-org.springframework.boot.autoconfigure.sql.init.SqlInitializationProperties'
2025-06-16 03:11:35 [main] DEBUG o.s.b.f.s.DefaultListableBeanFactory - Creating shared instance of singleton bean 'entityManagerFactory'
2025-06-16 03:11:35 [main] DEBUG o.s.b.f.s.DefaultListableBeanFactory - Creating shared instance of singleton bean 'org.springframework.boot.autoconfigure.orm.jpa.HibernateJpaConfiguration'
2025-06-16 03:11:35 [main] DEBUG o.s.b.f.s.DefaultListableBeanFactory - Creating shared instance of singleton bean 'spring.jpa-org.springframework.boot.autoconfigure.orm.jpa.JpaProperties'
2025-06-16 03:11:35 [main] DEBUG o.s.b.f.s.DefaultListableBeanFactory - Creating shared instance of singleton bean 'spring.jpa.hibernate-org.springframework.boot.autoconfigure.orm.jpa.HibernateProperties'
2025-06-16 03:11:35 [main] DEBUG o.s.b.f.s.DefaultListableBeanFactory - Autowiring by type from bean name 'org.springframework.boot.autoconfigure.orm.jpa.HibernateJpaConfiguration' via constructor to bean named 'dataSource'
2025-06-16 03:11:35 [main] DEBUG o.s.b.f.s.DefaultListableBeanFactory - Autowiring by type from bean name 'org.springframework.boot.autoconfigure.orm.jpa.HibernateJpaConfiguration' via constructor to bean named 'spring.jpa-org.springframework.boot.autoconfigure.orm.jpa.JpaProperties'
2025-06-16 03:11:35 [main] DEBUG o.s.b.f.s.DefaultListableBeanFactory - Autowiring by type from bean name 'org.springframework.boot.autoconfigure.orm.jpa.HibernateJpaConfiguration' via constructor to bean named 'org.springframework.beans.factory.support.DefaultListableBeanFactory@25e2ab5a'
2025-06-16 03:11:35 [main] DEBUG o.s.b.f.s.DefaultListableBeanFactory - Autowiring by type from bean name 'org.springframework.boot.autoconfigure.orm.jpa.HibernateJpaConfiguration' via constructor to bean named 'spring.jpa.hibernate-org.springframework.boot.autoconfigure.orm.jpa.HibernateProperties'
2025-06-16 03:11:35 [main] DEBUG o.s.b.f.s.DefaultListableBeanFactory - Creating shared instance of singleton bean 'hikariPoolDataSourceMetadataProvider'
2025-06-16 03:11:35 [main] DEBUG o.s.b.f.s.DefaultListableBeanFactory - Creating shared instance of singleton bean 'org.springframework.boot.autoconfigure.jdbc.metadata.DataSourcePoolMetadataProvidersConfiguration$HikariPoolDataSourceMetadataProviderConfiguration'
2025-06-16 03:11:35 [main] DEBUG o.s.b.f.s.DefaultListableBeanFactory - Creating shared instance of singleton bean 'entityManagerFactoryBuilder'
2025-06-16 03:11:35 [main] DEBUG o.s.b.f.s.DefaultListableBeanFactory - Creating shared instance of singleton bean 'jpaVendorAdapter'
2025-06-16 03:11:35 [main] DEBUG o.s.b.f.s.DefaultListableBeanFactory - Autowiring by type from bean name 'entityManagerFactoryBuilder' via factory method to bean named 'jpaVendorAdapter'
2025-06-16 03:11:35 [main] DEBUG o.s.b.f.s.DefaultListableBeanFactory - Creating shared instance of singleton bean 'persistenceManagedTypes'
2025-06-16 03:11:35 [main] DEBUG o.s.b.f.s.DefaultListableBeanFactory - Autowiring by type from bean name 'persistenceManagedTypes' via factory method to bean named 'org.springframework.beans.factory.support.DefaultListableBeanFactory@25e2ab5a'
2025-06-16 03:11:35 [main] DEBUG o.s.b.f.s.DefaultListableBeanFactory - Autowiring by type from bean name 'persistenceManagedTypes' via factory method to bean named 'org.springframework.boot.web.servlet.context.AnnotationConfigServletWebServerApplicationContext@54eb2b70'
2025-06-16 03:11:35 [main] DEBUG o.s.b.f.s.DefaultListableBeanFactory - Autowiring by type from bean name 'entityManagerFactory' via factory method to bean named 'entityManagerFactoryBuilder'
2025-06-16 03:11:35 [main] DEBUG o.s.b.f.s.DefaultListableBeanFactory - Autowiring by type from bean name 'entityManagerFactory' via factory method to bean named 'persistenceManagedTypes'
2025-06-16 03:11:35 [main] DEBUG o.s.o.j.LocalContainerEntityManagerFactoryBean - Building JPA container EntityManagerFactory for persistence unit 'default'
2025-06-16 03:11:35 [main] DEBUG o.h.jpa.internal.util.LogHelper - PersistenceUnitInfo [
	name: default
	persistence provider classname: null
	classloader: jdk.internal.loader.ClassLoaders$AppClassLoader@4aa298b7
	excludeUnlistedClasses: true
	JTA datasource: null
	Non JTA datasource: HikariDataSource (null)
	Transaction type: RESOURCE_LOCAL
	PU root URL: file:/D:/%e6%a1%8c%e9%9d%a2/FoodMAP/backend/demo/target/classes/
	Shared Cache Mode: UNSPECIFIED
	Validation Mode: AUTO
	Jar files URLs []
	Managed classes names [
		com.example.demo.entity.Favorite
		com.example.demo.entity.GoogleRestaurant
		com.example.demo.entity.User
		com.example.demo.entity.UserProfile]
	Mapping files names []
	Properties []
2025-06-16 03:11:35 [main] DEBUG o.h.i.internal.IntegratorServiceImpl - Adding Integrator [org.hibernate.boot.beanvalidation.BeanValidationIntegrator].
2025-06-16 03:11:35 [main] DEBUG o.h.i.internal.IntegratorServiceImpl - Adding Integrator [org.hibernate.cache.internal.CollectionCacheInvalidator].
2025-06-16 03:11:35 [main] INFO  org.hibernate.Version - HHH000412: Hibernate ORM core version 6.6.15.Final
2025-06-16 03:11:35 [main] DEBUG org.hibernate.cfg.Environment - HHH000206: 'hibernate.properties' not found
2025-06-16 03:11:35 [main] DEBUG org.hibernate.orm.idgen.factory - Registering IdentifierGenerator strategy [uuid2] -> [org.hibernate.id.UUIDGenerator]
2025-06-16 03:11:35 [main] DEBUG org.hibernate.orm.idgen.factory - Registering IdentifierGenerator strategy [guid] -> [org.hibernate.id.GUIDGenerator]
2025-06-16 03:11:35 [main] DEBUG org.hibernate.orm.idgen.factory - Registering IdentifierGenerator strategy [uuid] -> [org.hibernate.id.UUIDHexGenerator]
2025-06-16 03:11:35 [main] DEBUG org.hibernate.orm.idgen.factory - Registering IdentifierGenerator strategy [uuid.hex] -> [org.hibernate.id.UUIDHexGenerator]
2025-06-16 03:11:35 [main] DEBUG org.hibernate.orm.idgen.factory - Registering IdentifierGenerator strategy [assigned] -> [org.hibernate.id.Assigned]
2025-06-16 03:11:35 [main] DEBUG org.hibernate.orm.idgen.factory - Registering IdentifierGenerator strategy [identity] -> [org.hibernate.id.IdentityGenerator]
2025-06-16 03:11:35 [main] DEBUG org.hibernate.orm.idgen.factory - Registering IdentifierGenerator strategy [select] -> [org.hibernate.id.SelectGenerator]
2025-06-16 03:11:35 [main] DEBUG org.hibernate.orm.idgen.factory - Registering IdentifierGenerator strategy [sequence] -> [org.hibernate.id.enhanced.SequenceStyleGenerator]
2025-06-16 03:11:35 [main] DEBUG org.hibernate.orm.idgen.factory - Registering IdentifierGenerator strategy [increment] -> [org.hibernate.id.IncrementGenerator]
2025-06-16 03:11:35 [main] DEBUG org.hibernate.orm.idgen.factory - Registering IdentifierGenerator strategy [foreign] -> [org.hibernate.id.ForeignGenerator]
2025-06-16 03:11:35 [main] DEBUG org.hibernate.orm.idgen.factory - Registering IdentifierGenerator strategy [enhanced-sequence] -> [org.hibernate.id.enhanced.SequenceStyleGenerator]
2025-06-16 03:11:35 [main] DEBUG org.hibernate.orm.idgen.factory - Registering IdentifierGenerator strategy [enhanced-table] -> [org.hibernate.id.enhanced.TableGenerator]
2025-06-16 03:11:35 [main] DEBUG o.h.c.i.RegionFactoryInitiator - Cannot default RegionFactory based on registered strategies as `[]` RegionFactory strategies were registered
2025-06-16 03:11:35 [main] INFO  o.h.c.i.RegionFactoryInitiator - HHH000026: Second-level cache disabled
2025-06-16 03:11:35 [main] DEBUG o.hibernate.type.BasicTypeRegistry - Adding type registration boolean -> org.hibernate.type.BasicTypeReference@68fc9167
2025-06-16 03:11:35 [main] DEBUG o.hibernate.type.BasicTypeRegistry - Adding type registration boolean -> org.hibernate.type.BasicTypeReference@68fc9167
2025-06-16 03:11:35 [main] DEBUG o.hibernate.type.BasicTypeRegistry - Adding type registration java.lang.Boolean -> org.hibernate.type.BasicTypeReference@68fc9167
2025-06-16 03:11:35 [main] DEBUG o.hibernate.type.BasicTypeRegistry - Adding type registration numeric_boolean -> org.hibernate.type.BasicTypeReference@52c46334
2025-06-16 03:11:35 [main] DEBUG o.hibernate.type.BasicTypeRegistry - Adding type registration org.hibernate.type.NumericBooleanConverter -> org.hibernate.type.BasicTypeReference@52c46334
2025-06-16 03:11:35 [main] DEBUG o.hibernate.type.BasicTypeRegistry - Adding type registration true_false -> org.hibernate.type.BasicTypeReference@12fccff0
2025-06-16 03:11:35 [main] DEBUG o.hibernate.type.BasicTypeRegistry - Adding type registration org.hibernate.type.TrueFalseConverter -> org.hibernate.type.BasicTypeReference@12fccff0
2025-06-16 03:11:35 [main] DEBUG o.hibernate.type.BasicTypeRegistry - Adding type registration yes_no -> org.hibernate.type.BasicTypeReference@5d767218
2025-06-16 03:11:35 [main] DEBUG o.hibernate.type.BasicTypeRegistry - Adding type registration org.hibernate.type.YesNoConverter -> org.hibernate.type.BasicTypeReference@5d767218
2025-06-16 03:11:35 [main] DEBUG o.hibernate.type.BasicTypeRegistry - Adding type registration byte -> org.hibernate.type.BasicTypeReference@510da778
2025-06-16 03:11:35 [main] DEBUG o.hibernate.type.BasicTypeRegistry - Adding type registration byte -> org.hibernate.type.BasicTypeReference@510da778
2025-06-16 03:11:35 [main] DEBUG o.hibernate.type.BasicTypeRegistry - Adding type registration java.lang.Byte -> org.hibernate.type.BasicTypeReference@510da778
2025-06-16 03:11:35 [main] DEBUG o.hibernate.type.BasicTypeRegistry - Adding type registration binary -> org.hibernate.type.BasicTypeReference@20a1b3ae
2025-06-16 03:11:35 [main] DEBUG o.hibernate.type.BasicTypeRegistry - Adding type registration byte[] -> org.hibernate.type.BasicTypeReference@20a1b3ae
2025-06-16 03:11:35 [main] DEBUG o.hibernate.type.BasicTypeRegistry - Adding type registration [B -> org.hibernate.type.BasicTypeReference@20a1b3ae
2025-06-16 03:11:35 [main] DEBUG o.hibernate.type.BasicTypeRegistry - Adding type registration binary_wrapper -> org.hibernate.type.BasicTypeReference@54567b05
2025-06-16 03:11:35 [main] DEBUG o.hibernate.type.BasicTypeRegistry - Adding type registration wrapper-binary -> org.hibernate.type.BasicTypeReference@54567b05
2025-06-16 03:11:35 [main] DEBUG o.hibernate.type.BasicTypeRegistry - Adding type registration image -> org.hibernate.type.BasicTypeReference@3a5e2525
2025-06-16 03:11:35 [main] DEBUG o.hibernate.type.BasicTypeRegistry - Adding type registration blob -> org.hibernate.type.BasicTypeReference@6546371
2025-06-16 03:11:35 [main] DEBUG o.hibernate.type.BasicTypeRegistry - Adding type registration java.sql.Blob -> org.hibernate.type.BasicTypeReference@6546371
2025-06-16 03:11:35 [main] DEBUG o.hibernate.type.BasicTypeRegistry - Adding type registration materialized_blob -> org.hibernate.type.BasicTypeReference@2b458cd6
2025-06-16 03:11:35 [main] DEBUG o.hibernate.type.BasicTypeRegistry - Adding type registration materialized_blob_wrapper -> org.hibernate.type.BasicTypeReference@4c2c44e8
2025-06-16 03:11:35 [main] DEBUG o.hibernate.type.BasicTypeRegistry - Adding type registration short -> org.hibernate.type.BasicTypeReference@7103745
2025-06-16 03:11:35 [main] DEBUG o.hibernate.type.BasicTypeRegistry - Adding type registration short -> org.hibernate.type.BasicTypeReference@7103745
2025-06-16 03:11:35 [main] DEBUG o.hibernate.type.BasicTypeRegistry - Adding type registration java.lang.Short -> org.hibernate.type.BasicTypeReference@7103745
2025-06-16 03:11:35 [main] DEBUG o.hibernate.type.BasicTypeRegistry - Adding type registration integer -> org.hibernate.type.BasicTypeReference@227a933d
2025-06-16 03:11:35 [main] DEBUG o.hibernate.type.BasicTypeRegistry - Adding type registration int -> org.hibernate.type.BasicTypeReference@227a933d
2025-06-16 03:11:35 [main] DEBUG o.hibernate.type.BasicTypeRegistry - Adding type registration java.lang.Integer -> org.hibernate.type.BasicTypeReference@227a933d
2025-06-16 03:11:35 [main] DEBUG o.hibernate.type.BasicTypeRegistry - Adding type registration long -> org.hibernate.type.BasicTypeReference@25de8898
2025-06-16 03:11:35 [main] DEBUG o.hibernate.type.BasicTypeRegistry - Adding type registration long -> org.hibernate.type.BasicTypeReference@25de8898
2025-06-16 03:11:35 [main] DEBUG o.hibernate.type.BasicTypeRegistry - Adding type registration java.lang.Long -> org.hibernate.type.BasicTypeReference@25de8898
2025-06-16 03:11:35 [main] DEBUG o.hibernate.type.BasicTypeRegistry - Adding type registration float -> org.hibernate.type.BasicTypeReference@bfb93cf
2025-06-16 03:11:35 [main] DEBUG o.hibernate.type.BasicTypeRegistry - Adding type registration float -> org.hibernate.type.BasicTypeReference@bfb93cf
2025-06-16 03:11:35 [main] DEBUG o.hibernate.type.BasicTypeRegistry - Adding type registration java.lang.Float -> org.hibernate.type.BasicTypeReference@bfb93cf
2025-06-16 03:11:35 [main] DEBUG o.hibernate.type.BasicTypeRegistry - Adding type registration double -> org.hibernate.type.BasicTypeReference@dd737ea
2025-06-16 03:11:35 [main] DEBUG o.hibernate.type.BasicTypeRegistry - Adding type registration double -> org.hibernate.type.BasicTypeReference@dd737ea
2025-06-16 03:11:35 [main] DEBUG o.hibernate.type.BasicTypeRegistry - Adding type registration java.lang.Double -> org.hibernate.type.BasicTypeReference@dd737ea
2025-06-16 03:11:35 [main] DEBUG o.hibernate.type.BasicTypeRegistry - Adding type registration big_integer -> org.hibernate.type.BasicTypeReference@7bc2ae16
2025-06-16 03:11:35 [main] DEBUG o.hibernate.type.BasicTypeRegistry - Adding type registration java.math.BigInteger -> org.hibernate.type.BasicTypeReference@7bc2ae16
2025-06-16 03:11:35 [main] DEBUG o.hibernate.type.BasicTypeRegistry - Adding type registration big_decimal -> org.hibernate.type.BasicTypeReference@2a0963be
2025-06-16 03:11:35 [main] DEBUG o.hibernate.type.BasicTypeRegistry - Adding type registration java.math.BigDecimal -> org.hibernate.type.BasicTypeReference@2a0963be
2025-06-16 03:11:35 [main] DEBUG o.hibernate.type.BasicTypeRegistry - Adding type registration character -> org.hibernate.type.BasicTypeReference@7d3bf8db
2025-06-16 03:11:35 [main] DEBUG o.hibernate.type.BasicTypeRegistry - Adding type registration char -> org.hibernate.type.BasicTypeReference@7d3bf8db
2025-06-16 03:11:35 [main] DEBUG o.hibernate.type.BasicTypeRegistry - Adding type registration java.lang.Character -> org.hibernate.type.BasicTypeReference@7d3bf8db
2025-06-16 03:11:35 [main] DEBUG o.hibernate.type.BasicTypeRegistry - Adding type registration character_nchar -> org.hibernate.type.BasicTypeReference@49e7e8f1
2025-06-16 03:11:35 [main] DEBUG o.hibernate.type.BasicTypeRegistry - Adding type registration string -> org.hibernate.type.BasicTypeReference@27bb4dc5
2025-06-16 03:11:35 [main] DEBUG o.hibernate.type.BasicTypeRegistry - Adding type registration java.lang.String -> org.hibernate.type.BasicTypeReference@27bb4dc5
2025-06-16 03:11:35 [main] DEBUG o.hibernate.type.BasicTypeRegistry - Adding type registration nstring -> org.hibernate.type.BasicTypeReference@464ede1f
2025-06-16 03:11:35 [main] DEBUG o.hibernate.type.BasicTypeRegistry - Adding type registration characters -> org.hibernate.type.BasicTypeReference@64910b2d
2025-06-16 03:11:35 [main] DEBUG o.hibernate.type.BasicTypeRegistry - Adding type registration char[] -> org.hibernate.type.BasicTypeReference@64910b2d
2025-06-16 03:11:35 [main] DEBUG o.hibernate.type.BasicTypeRegistry - Adding type registration [C -> org.hibernate.type.BasicTypeReference@64910b2d
2025-06-16 03:11:35 [main] DEBUG o.hibernate.type.BasicTypeRegistry - Adding type registration wrapper-characters -> org.hibernate.type.BasicTypeReference@1247c72e
2025-06-16 03:11:35 [main] DEBUG o.hibernate.type.BasicTypeRegistry - Adding type registration text -> org.hibernate.type.BasicTypeReference@6fef75c6
2025-06-16 03:11:35 [main] DEBUG o.hibernate.type.BasicTypeRegistry - Adding type registration ntext -> org.hibernate.type.BasicTypeReference@5f61e002
2025-06-16 03:11:35 [main] DEBUG o.hibernate.type.BasicTypeRegistry - Adding type registration clob -> org.hibernate.type.BasicTypeReference@334540a0
2025-06-16 03:11:35 [main] DEBUG o.hibernate.type.BasicTypeRegistry - Adding type registration java.sql.Clob -> org.hibernate.type.BasicTypeReference@334540a0
2025-06-16 03:11:35 [main] DEBUG o.hibernate.type.BasicTypeRegistry - Adding type registration nclob -> org.hibernate.type.BasicTypeReference@1f179f51
2025-06-16 03:11:35 [main] DEBUG o.hibernate.type.BasicTypeRegistry - Adding type registration java.sql.NClob -> org.hibernate.type.BasicTypeReference@1f179f51
2025-06-16 03:11:35 [main] DEBUG o.hibernate.type.BasicTypeRegistry - Adding type registration materialized_clob -> org.hibernate.type.BasicTypeReference@b428830
2025-06-16 03:11:35 [main] DEBUG o.hibernate.type.BasicTypeRegistry - Adding type registration materialized_clob_char_array -> org.hibernate.type.BasicTypeReference@5b7308aa
2025-06-16 03:11:35 [main] DEBUG o.hibernate.type.BasicTypeRegistry - Adding type registration materialized_clob_character_array -> org.hibernate.type.BasicTypeReference@42aa1324
2025-06-16 03:11:35 [main] DEBUG o.hibernate.type.BasicTypeRegistry - Adding type registration materialized_nclob -> org.hibernate.type.BasicTypeReference@6164e137
2025-06-16 03:11:35 [main] DEBUG o.hibernate.type.BasicTypeRegistry - Adding type registration materialized_nclob_character_array -> org.hibernate.type.BasicTypeReference@7ef8e623
2025-06-16 03:11:35 [main] DEBUG o.hibernate.type.BasicTypeRegistry - Adding type registration materialized_nclob_char_array -> org.hibernate.type.BasicTypeReference@3d8d970e
2025-06-16 03:11:35 [main] DEBUG o.hibernate.type.BasicTypeRegistry - Adding type registration Duration -> org.hibernate.type.BasicTypeReference@2fac80a8
2025-06-16 03:11:35 [main] DEBUG o.hibernate.type.BasicTypeRegistry - Adding type registration java.time.Duration -> org.hibernate.type.BasicTypeReference@2fac80a8
2025-06-16 03:11:35 [main] DEBUG o.hibernate.type.BasicTypeRegistry - Adding type registration LocalDateTime -> org.hibernate.type.BasicTypeReference@6987a133
2025-06-16 03:11:35 [main] DEBUG o.hibernate.type.BasicTypeRegistry - Adding type registration java.time.LocalDateTime -> org.hibernate.type.BasicTypeReference@6987a133
2025-06-16 03:11:35 [main] DEBUG o.hibernate.type.BasicTypeRegistry - Adding type registration LocalDate -> org.hibernate.type.BasicTypeReference@50778bde
2025-06-16 03:11:35 [main] DEBUG o.hibernate.type.BasicTypeRegistry - Adding type registration java.time.LocalDate -> org.hibernate.type.BasicTypeReference@50778bde
2025-06-16 03:11:35 [main] DEBUG o.hibernate.type.BasicTypeRegistry - Adding type registration LocalTime -> org.hibernate.type.BasicTypeReference@1934339
2025-06-16 03:11:35 [main] DEBUG o.hibernate.type.BasicTypeRegistry - Adding type registration java.time.LocalTime -> org.hibernate.type.BasicTypeReference@1934339
2025-06-16 03:11:35 [main] DEBUG o.hibernate.type.BasicTypeRegistry - Adding type registration OffsetDateTime -> org.hibernate.type.BasicTypeReference@4af12a63
2025-06-16 03:11:35 [main] DEBUG o.hibernate.type.BasicTypeRegistry - Adding type registration java.time.OffsetDateTime -> org.hibernate.type.BasicTypeReference@4af12a63
2025-06-16 03:11:35 [main] DEBUG o.hibernate.type.BasicTypeRegistry - Adding type registration OffsetDateTimeWithTimezone -> org.hibernate.type.BasicTypeReference@1eab8437
2025-06-16 03:11:35 [main] DEBUG o.hibernate.type.BasicTypeRegistry - Adding type registration OffsetDateTimeWithoutTimezone -> org.hibernate.type.BasicTypeReference@72eed547
2025-06-16 03:11:35 [main] DEBUG o.hibernate.type.BasicTypeRegistry - Adding type registration OffsetTime -> org.hibernate.type.BasicTypeReference@69ffdaa8
2025-06-16 03:11:35 [main] DEBUG o.hibernate.type.BasicTypeRegistry - Adding type registration java.time.OffsetTime -> org.hibernate.type.BasicTypeReference@69ffdaa8
2025-06-16 03:11:35 [main] DEBUG o.hibernate.type.BasicTypeRegistry - Adding type registration OffsetTimeUtc -> org.hibernate.type.BasicTypeReference@2a1e57c6
2025-06-16 03:11:35 [main] DEBUG o.hibernate.type.BasicTypeRegistry - Adding type registration OffsetTimeWithTimezone -> org.hibernate.type.BasicTypeReference@68d6f48e
2025-06-16 03:11:35 [main] DEBUG o.hibernate.type.BasicTypeRegistry - Adding type registration OffsetTimeWithoutTimezone -> org.hibernate.type.BasicTypeReference@6c96403e
2025-06-16 03:11:35 [main] DEBUG o.hibernate.type.BasicTypeRegistry - Adding type registration ZonedDateTime -> org.hibernate.type.BasicTypeReference@7babed9e
2025-06-16 03:11:35 [main] DEBUG o.hibernate.type.BasicTypeRegistry - Adding type registration java.time.ZonedDateTime -> org.hibernate.type.BasicTypeReference@7babed9e
2025-06-16 03:11:35 [main] DEBUG o.hibernate.type.BasicTypeRegistry - Adding type registration ZonedDateTimeWithTimezone -> org.hibernate.type.BasicTypeReference@2353354a
2025-06-16 03:11:35 [main] DEBUG o.hibernate.type.BasicTypeRegistry - Adding type registration ZonedDateTimeWithoutTimezone -> org.hibernate.type.BasicTypeReference@7c7ed72a
2025-06-16 03:11:35 [main] DEBUG o.hibernate.type.BasicTypeRegistry - Adding type registration date -> org.hibernate.type.BasicTypeReference@22b7ef2b
2025-06-16 03:11:35 [main] DEBUG o.hibernate.type.BasicTypeRegistry - Adding type registration java.sql.Date -> org.hibernate.type.BasicTypeReference@22b7ef2b
2025-06-16 03:11:35 [main] DEBUG o.hibernate.type.BasicTypeRegistry - Adding type registration time -> org.hibernate.type.BasicTypeReference@6d421fe
2025-06-16 03:11:35 [main] DEBUG o.hibernate.type.BasicTypeRegistry - Adding type registration java.sql.Time -> org.hibernate.type.BasicTypeReference@6d421fe
2025-06-16 03:11:35 [main] DEBUG o.hibernate.type.BasicTypeRegistry - Adding type registration timestamp -> org.hibernate.type.BasicTypeReference@3c17bd0b
2025-06-16 03:11:35 [main] DEBUG o.hibernate.type.BasicTypeRegistry - Adding type registration java.sql.Timestamp -> org.hibernate.type.BasicTypeReference@3c17bd0b
2025-06-16 03:11:35 [main] DEBUG o.hibernate.type.BasicTypeRegistry - Adding type registration java.util.Date -> org.hibernate.type.BasicTypeReference@3c17bd0b
2025-06-16 03:11:35 [main] DEBUG o.hibernate.type.BasicTypeRegistry - Adding type registration calendar -> org.hibernate.type.BasicTypeReference@36dafa24
2025-06-16 03:11:35 [main] DEBUG o.hibernate.type.BasicTypeRegistry - Adding type registration java.util.Calendar -> org.hibernate.type.BasicTypeReference@36dafa24
2025-06-16 03:11:35 [main] DEBUG o.hibernate.type.BasicTypeRegistry - Adding type registration java.util.GregorianCalendar -> org.hibernate.type.BasicTypeReference@36dafa24
2025-06-16 03:11:35 [main] DEBUG o.hibernate.type.BasicTypeRegistry - Adding type registration calendar_date -> org.hibernate.type.BasicTypeReference@2b098563
2025-06-16 03:11:35 [main] DEBUG o.hibernate.type.BasicTypeRegistry - Adding type registration calendar_time -> org.hibernate.type.BasicTypeReference@c758a2d
2025-06-16 03:11:35 [main] DEBUG o.hibernate.type.BasicTypeRegistry - Adding type registration instant -> org.hibernate.type.BasicTypeReference@d0b814d
2025-06-16 03:11:35 [main] DEBUG o.hibernate.type.BasicTypeRegistry - Adding type registration java.time.Instant -> org.hibernate.type.BasicTypeReference@d0b814d
2025-06-16 03:11:35 [main] DEBUG o.hibernate.type.BasicTypeRegistry - Adding type registration uuid -> org.hibernate.type.BasicTypeReference@6ce15112
2025-06-16 03:11:35 [main] DEBUG o.hibernate.type.BasicTypeRegistry - Adding type registration java.util.UUID -> org.hibernate.type.BasicTypeReference@6ce15112
2025-06-16 03:11:35 [main] DEBUG o.hibernate.type.BasicTypeRegistry - Adding type registration pg-uuid -> org.hibernate.type.BasicTypeReference@6ce15112
2025-06-16 03:11:35 [main] DEBUG o.hibernate.type.BasicTypeRegistry - Adding type registration uuid-binary -> org.hibernate.type.BasicTypeReference@ba4f370
2025-06-16 03:11:35 [main] DEBUG o.hibernate.type.BasicTypeRegistry - Adding type registration uuid-char -> org.hibernate.type.BasicTypeReference@2ba024cb
2025-06-16 03:11:35 [main] DEBUG o.hibernate.type.BasicTypeRegistry - Adding type registration class -> org.hibernate.type.BasicTypeReference@7af0d91b
2025-06-16 03:11:35 [main] DEBUG o.hibernate.type.BasicTypeRegistry - Adding type registration java.lang.Class -> org.hibernate.type.BasicTypeReference@7af0d91b
2025-06-16 03:11:35 [main] DEBUG o.hibernate.type.BasicTypeRegistry - Adding type registration currency -> org.hibernate.type.BasicTypeReference@1c7f6e96
2025-06-16 03:11:35 [main] DEBUG o.hibernate.type.BasicTypeRegistry - Adding type registration Currency -> org.hibernate.type.BasicTypeReference@1c7f6e96
2025-06-16 03:11:35 [main] DEBUG o.hibernate.type.BasicTypeRegistry - Adding type registration java.util.Currency -> org.hibernate.type.BasicTypeReference@1c7f6e96
2025-06-16 03:11:35 [main] DEBUG o.hibernate.type.BasicTypeRegistry - Adding type registration locale -> org.hibernate.type.BasicTypeReference@1ac0cdb0
2025-06-16 03:11:35 [main] DEBUG o.hibernate.type.BasicTypeRegistry - Adding type registration java.util.Locale -> org.hibernate.type.BasicTypeReference@1ac0cdb0
2025-06-16 03:11:35 [main] DEBUG o.hibernate.type.BasicTypeRegistry - Adding type registration serializable -> org.hibernate.type.BasicTypeReference@6684f7f2
2025-06-16 03:11:35 [main] DEBUG o.hibernate.type.BasicTypeRegistry - Adding type registration java.io.Serializable -> org.hibernate.type.BasicTypeReference@6684f7f2
2025-06-16 03:11:35 [main] DEBUG o.hibernate.type.BasicTypeRegistry - Adding type registration timezone -> org.hibernate.type.BasicTypeReference@1682e6a
2025-06-16 03:11:35 [main] DEBUG o.hibernate.type.BasicTypeRegistry - Adding type registration java.util.TimeZone -> org.hibernate.type.BasicTypeReference@1682e6a
2025-06-16 03:11:35 [main] DEBUG o.hibernate.type.BasicTypeRegistry - Adding type registration ZoneOffset -> org.hibernate.type.BasicTypeReference@505d2bac
2025-06-16 03:11:35 [main] DEBUG o.hibernate.type.BasicTypeRegistry - Adding type registration java.time.ZoneOffset -> org.hibernate.type.BasicTypeReference@505d2bac
2025-06-16 03:11:35 [main] DEBUG o.hibernate.type.BasicTypeRegistry - Adding type registration url -> org.hibernate.type.BasicTypeReference@4cecc15a
2025-06-16 03:11:35 [main] DEBUG o.hibernate.type.BasicTypeRegistry - Adding type registration java.net.URL -> org.hibernate.type.BasicTypeReference@4cecc15a
2025-06-16 03:11:35 [main] DEBUG o.hibernate.type.BasicTypeRegistry - Adding type registration vector -> org.hibernate.type.BasicTypeReference@d969452
2025-06-16 03:11:35 [main] DEBUG o.hibernate.type.BasicTypeRegistry - Adding type registration float_vector -> org.hibernate.type.BasicTypeReference@4d4df0f4
2025-06-16 03:11:35 [main] DEBUG o.hibernate.type.BasicTypeRegistry - Adding type registration double_vector -> org.hibernate.type.BasicTypeReference@74f4a2ba
2025-06-16 03:11:35 [main] DEBUG o.hibernate.type.BasicTypeRegistry - Adding type registration byte_vector -> org.hibernate.type.BasicTypeReference@5e385b6f
2025-06-16 03:11:35 [main] DEBUG o.hibernate.type.BasicTypeRegistry - Adding type registration row_version -> org.hibernate.type.BasicTypeReference@67b560fe
2025-06-16 03:11:35 [main] DEBUG o.hibernate.type.BasicTypeRegistry - Adding type registration object -> org.hibernate.type.JavaObjectType@20b54cfe
2025-06-16 03:11:35 [main] DEBUG o.hibernate.type.BasicTypeRegistry - Adding type registration java.lang.Object -> org.hibernate.type.JavaObjectType@20b54cfe
2025-06-16 03:11:35 [main] DEBUG o.hibernate.type.BasicTypeRegistry - Adding type registration null -> org.hibernate.type.NullType@5ed25612
2025-06-16 03:11:35 [main] DEBUG o.hibernate.type.BasicTypeRegistry - Adding type registration imm_date -> org.hibernate.type.BasicTypeReference@451816fd
2025-06-16 03:11:35 [main] DEBUG o.hibernate.type.BasicTypeRegistry - Adding type registration imm_time -> org.hibernate.type.BasicTypeReference@56e5c8fb
2025-06-16 03:11:35 [main] DEBUG o.hibernate.type.BasicTypeRegistry - Adding type registration imm_timestamp -> org.hibernate.type.BasicTypeReference@45cd8607
2025-06-16 03:11:35 [main] DEBUG o.hibernate.type.BasicTypeRegistry - Adding type registration imm_calendar -> org.hibernate.type.BasicTypeReference@9e33a6a
2025-06-16 03:11:35 [main] DEBUG o.hibernate.type.BasicTypeRegistry - Adding type registration imm_calendar_date -> org.hibernate.type.BasicTypeReference@c497a55
2025-06-16 03:11:35 [main] DEBUG o.hibernate.type.BasicTypeRegistry - Adding type registration imm_calendar_time -> org.hibernate.type.BasicTypeReference@7493d937
2025-06-16 03:11:35 [main] DEBUG o.hibernate.type.BasicTypeRegistry - Adding type registration imm_binary -> org.hibernate.type.BasicTypeReference@5dc7841c
2025-06-16 03:11:35 [main] DEBUG o.hibernate.type.BasicTypeRegistry - Adding type registration imm_serializable -> org.hibernate.type.BasicTypeReference@4d67d5a4
2025-06-16 03:11:35 [main] DEBUG o.h.b.internal.BootstrapContextImpl - Injecting JPA temp ClassLoader [org.springframework.instrument.classloading.SimpleThrowawayClassLoader@2e2b9f53] into BootstrapContext; was [null]
2025-06-16 03:11:35 [main] DEBUG o.h.b.internal.ClassLoaderAccessImpl - ClassLoaderAccessImpl#injectTempClassLoader(org.springframework.instrument.classloading.SimpleThrowawayClassLoader@2e2b9f53) [was null]
2025-06-16 03:11:35 [main] DEBUG o.h.b.internal.BootstrapContextImpl - Injecting ScanEnvironment [org.hibernate.jpa.boot.internal.StandardJpaScanEnvironmentImpl@8b670c0] into BootstrapContext; was [null]
2025-06-16 03:11:35 [main] DEBUG o.h.b.internal.BootstrapContextImpl - Injecting ScanOptions [org.hibernate.boot.archive.scan.internal.StandardScanOptions@4c2ab536] into BootstrapContext; was [org.hibernate.boot.archive.scan.internal.StandardScanOptions@22fb9a2c]
2025-06-16 03:11:35 [main] DEBUG o.h.j.b.i.PersistenceUnitInfoDescriptor - Pushing class transformers for PU named 'default' on loading classloader jdk.internal.loader.ClassLoaders$AppClassLoader@4aa298b7
2025-06-16 03:11:35 [main] INFO  o.s.o.j.p.SpringPersistenceUnitInfo - No LoadTimeWeaver setup: ignoring JPA class transformer
2025-06-16 03:11:35 [main] DEBUG o.h.b.internal.BootstrapContextImpl - Injecting JPA temp ClassLoader [null] into BootstrapContext; was [org.springframework.instrument.classloading.SimpleThrowawayClassLoader@2e2b9f53]
2025-06-16 03:11:35 [main] DEBUG o.h.b.internal.ClassLoaderAccessImpl - ClassLoaderAccessImpl#injectTempClassLoader(null) [was org.springframework.instrument.classloading.SimpleThrowawayClassLoader@2e2b9f53]
2025-06-16 03:11:35 [main] INFO  com.zaxxer.hikari.HikariDataSource - HikariPool-1 - Starting...
2025-06-16 03:11:36 [main] INFO  com.zaxxer.hikari.pool.HikariPool - HikariPool-1 - Added connection com.mysql.cj.jdbc.ConnectionImpl@e3c36d
2025-06-16 03:11:36 [main] INFO  com.zaxxer.hikari.HikariDataSource - HikariPool-1 - Start completed.
2025-06-16 03:11:36 [main] DEBUG o.h.e.j.e.i.JdbcEnvironmentInitiator - Database ->
	   name : MySQL
	version : 5.7.24
	  major : 5
	  minor : 7
2025-06-16 03:11:36 [main] DEBUG o.h.e.j.e.i.JdbcEnvironmentInitiator - Driver ->
	   name : MySQL Connector/J
	version : mysql-connector-j-9.2.0 (Revision: a3909bfeb62d5a517ab444bb88ba7ecf26100297)
	  major : 9
	  minor : 2
2025-06-16 03:11:36 [main] DEBUG o.h.e.j.e.i.JdbcEnvironmentInitiator - JDBC version : 4.2
2025-06-16 03:11:36 [main] WARN  org.hibernate.orm.deprecation - HHH90000025: MySQL8Dialect does not need to be specified explicitly using 'hibernate.dialect' (remove the property setting and it will be selected by default)
2025-06-16 03:11:36 [main] DEBUG org.hibernate.orm.dialect - HHH035001: Using dialect: org.hibernate.dialect.MySQL8Dialect, version: 8.0
2025-06-16 03:11:36 [main] WARN  org.hibernate.orm.deprecation - HHH90000026: MySQL8Dialect has been deprecated; use org.hibernate.dialect.MySQLDialect instead
2025-06-16 03:11:36 [main] DEBUG o.h.e.j.e.s.IdentifierHelperBuilder - IdentifierCaseStrategy for both quoted and unquoted identifiers was set to the same strategy [LOWER]; that will likely lead to problems in schema update and validation if using quoted identifiers
2025-06-16 03:11:36 [main] INFO  o.hibernate.orm.connections.pooling - HHH10001005: Database info:
	Database JDBC URL [Connecting through datasource 'HikariDataSource (HikariPool-1)']
	Database driver: undefined/unknown
	Database version: 8.0
	Autocommit mode: undefined/unknown
	Isolation level: undefined/unknown
	Minimum pool size: undefined/unknown
	Maximum pool size: undefined/unknown
2025-06-16 03:11:36 [main] DEBUG o.h.t.d.sql.spi.DdlTypeRegistry - addDescriptor(12, org.hibernate.type.descriptor.sql.internal.CapacityDependentDdlType@6cb194f5) replaced previous registration(org.hibernate.type.descriptor.sql.internal.CapacityDependentDdlType@74b7497b)
2025-06-16 03:11:36 [main] DEBUG o.h.t.d.sql.spi.DdlTypeRegistry - addDescriptor(-9, org.hibernate.type.descriptor.sql.internal.CapacityDependentDdlType@74f649a7) replaced previous registration(org.hibernate.type.descriptor.sql.internal.CapacityDependentDdlType@308c65e0)
2025-06-16 03:11:36 [main] DEBUG o.h.t.d.sql.spi.DdlTypeRegistry - addDescriptor(-3, org.hibernate.type.descriptor.sql.internal.CapacityDependentDdlType@50fa5938) replaced previous registration(org.hibernate.type.descriptor.sql.internal.CapacityDependentDdlType@1e482ecd)
2025-06-16 03:11:36 [main] DEBUG o.h.t.d.sql.spi.DdlTypeRegistry - addDescriptor(4003, org.hibernate.type.descriptor.sql.internal.DdlTypeImpl@58b5f7d2) replaced previous registration(org.hibernate.type.descriptor.sql.internal.DdlTypeImpl@bc52a41)
2025-06-16 03:11:36 [main] DEBUG o.h.t.d.sql.spi.DdlTypeRegistry - addDescriptor(4001, org.hibernate.type.descriptor.sql.internal.DdlTypeImpl@9f48198) replaced previous registration(org.hibernate.type.descriptor.sql.internal.DdlTypeImpl@5615f82d)
2025-06-16 03:11:36 [main] DEBUG o.h.t.d.sql.spi.DdlTypeRegistry - addDescriptor(4002, org.hibernate.type.descriptor.sql.internal.DdlTypeImpl@21698e5a) replaced previous registration(org.hibernate.type.descriptor.sql.internal.DdlTypeImpl@3dc2f14)
2025-06-16 03:11:36 [main] DEBUG o.h.t.d.sql.spi.DdlTypeRegistry - addDescriptor(2004, org.hibernate.type.descriptor.sql.internal.CapacityDependentDdlType@2e8986b6) replaced previous registration(org.hibernate.type.descriptor.sql.internal.DdlTypeImpl@5724c7da)
2025-06-16 03:11:36 [main] DEBUG o.h.t.d.sql.spi.DdlTypeRegistry - addDescriptor(2005, org.hibernate.type.descriptor.sql.internal.CapacityDependentDdlType@3ad2883a) replaced previous registration(org.hibernate.type.descriptor.sql.internal.DdlTypeImpl@5814b4fb)
2025-06-16 03:11:36 [main] DEBUG o.h.t.d.sql.spi.DdlTypeRegistry - addDescriptor(2011, org.hibernate.type.descriptor.sql.internal.CapacityDependentDdlType@3aca2579) replaced previous registration(org.hibernate.type.descriptor.sql.internal.DdlTypeImpl@4ba13fed)
2025-06-16 03:11:36 [main] DEBUG o.h.t.d.jdbc.spi.JdbcTypeRegistry - addDescriptor(NCharTypeDescriptor) replaced previous registration(CharTypeDescriptor)
2025-06-16 03:11:36 [main] DEBUG o.h.t.d.jdbc.spi.JdbcTypeRegistry - addDescriptor(NVarcharTypeDescriptor) replaced previous registration(VarcharTypeDescriptor)
2025-06-16 03:11:36 [main] DEBUG o.h.t.d.jdbc.spi.JdbcTypeRegistry - addDescriptor(LongNVarcharTypeDescriptor) replaced previous registration(LongVarcharTypeDescriptor)
2025-06-16 03:11:36 [main] DEBUG o.h.t.d.jdbc.spi.JdbcTypeRegistry - addDescriptor(NClobTypeDescriptor(DEFAULT)) replaced previous registration(ClobTypeDescriptor(DEFAULT))
2025-06-16 03:11:36 [main] DEBUG o.hibernate.type.BasicTypeRegistry - Adding type registration null -> org.hibernate.type.NullType@a240452
2025-06-16 03:11:36 [main] DEBUG o.hibernate.type.BasicTypeRegistry - Type registration key [null] overrode previous entry : `org.hibernate.type.NullType@5ed25612`
2025-06-16 03:11:36 [main] DEBUG o.hibernate.type.BasicTypeRegistry - Adding type registration org.hibernate.type.DurationType -> basicType@1(java.time.Duration,3015)
2025-06-16 03:11:36 [main] DEBUG o.hibernate.type.BasicTypeRegistry - Adding type registration Duration -> basicType@1(java.time.Duration,3015)
2025-06-16 03:11:36 [main] DEBUG o.hibernate.type.BasicTypeRegistry - Adding type registration java.time.Duration -> basicType@1(java.time.Duration,3015)
2025-06-16 03:11:36 [main] DEBUG o.hibernate.type.BasicTypeRegistry - Adding type registration org.hibernate.type.OffsetDateTimeType -> basicType@2(java.time.OffsetDateTime,3003)
2025-06-16 03:11:36 [main] DEBUG o.hibernate.type.BasicTypeRegistry - Adding type registration OffsetDateTime -> basicType@2(java.time.OffsetDateTime,3003)
2025-06-16 03:11:36 [main] DEBUG o.hibernate.type.BasicTypeRegistry - Adding type registration java.time.OffsetDateTime -> basicType@2(java.time.OffsetDateTime,3003)
2025-06-16 03:11:36 [main] DEBUG o.hibernate.type.BasicTypeRegistry - Adding type registration org.hibernate.type.ZonedDateTimeType -> basicType@3(java.time.ZonedDateTime,3003)
2025-06-16 03:11:36 [main] DEBUG o.hibernate.type.BasicTypeRegistry - Adding type registration ZonedDateTime -> basicType@3(java.time.ZonedDateTime,3003)
2025-06-16 03:11:36 [main] DEBUG o.hibernate.type.BasicTypeRegistry - Adding type registration java.time.ZonedDateTime -> basicType@3(java.time.ZonedDateTime,3003)
2025-06-16 03:11:36 [main] DEBUG o.hibernate.type.BasicTypeRegistry - Adding type registration org.hibernate.type.OffsetTimeType -> basicType@4(java.time.OffsetTime,3007)
2025-06-16 03:11:36 [main] DEBUG o.hibernate.type.BasicTypeRegistry - Adding type registration OffsetTime -> basicType@4(java.time.OffsetTime,3007)
2025-06-16 03:11:36 [main] DEBUG o.hibernate.type.BasicTypeRegistry - Adding type registration java.time.OffsetTime -> basicType@4(java.time.OffsetTime,3007)
2025-06-16 03:11:36 [main] DEBUG o.h.type.spi.TypeConfiguration$Scope - Scoping TypeConfiguration [org.hibernate.type.spi.TypeConfiguration@476c137b] to MetadataBuildingContext [org.hibernate.boot.internal.MetadataBuildingContextRootImpl@79144d0e]
2025-06-16 03:11:36 [main] DEBUG o.h.boot.model.relational.Namespace - Created database namespace [logicalName=Name{catalog=null, schema=null}, physicalName=Name{catalog=null, schema=null}]
2025-06-16 03:11:36 [main] DEBUG o.h.boot.model.internal.EntityBinder - Binding entity from annotated class: com.example.demo.entity.Favorite
2025-06-16 03:11:36 [main] DEBUG o.h.boot.model.internal.EntityBinder - Import with entity name Favorite
2025-06-16 03:11:36 [main] DEBUG o.h.boot.model.internal.EntityBinder - Bind entity com.example.demo.entity.Favorite on table google_restaurants
2025-06-16 03:11:36 [main] DEBUG o.h.b.model.internal.AnnotatedColumn - Binding column: AnnotatedDiscriminatorColumn(column='DTYPE')
2025-06-16 03:11:36 [main] DEBUG o.h.b.model.internal.AnnotatedColumn - Binding column: AnnotatedColumn()
2025-06-16 03:11:36 [main] DEBUG o.h.b.internal.ClassLoaderAccessImpl - Not known whether passed class name [com.example.demo.entity.Favorite] is safe
2025-06-16 03:11:36 [main] DEBUG o.h.b.internal.ClassLoaderAccessImpl - No temp ClassLoader provided; using live ClassLoader for loading potentially unsafe class : com.example.demo.entity.Favorite
2025-06-16 03:11:36 [main] DEBUG o.h.b.model.internal.PropertyBinder - MetadataSourceProcessor property id with lazy=false
2025-06-16 03:11:36 [main] DEBUG o.h.b.m.i.AbstractPropertyHolder - Attempting to locate auto-apply AttributeConverter for property [com.example.demo.entity.Favorite:id]
2025-06-16 03:11:36 [main] DEBUG o.h.b.m.internal.BasicValueBinder - building BasicValue for id
2025-06-16 03:11:36 [main] DEBUG org.hibernate.mapping.BasicValue - Skipping column re-registration: google_restaurants.id
2025-06-16 03:11:36 [main] DEBUG o.h.b.model.internal.PropertyBinder - Building property id
2025-06-16 03:11:36 [main] DEBUG o.h.boot.model.internal.BinderHelper - #makeIdGenerator(BasicValue([Column(id)]), id, identity, , ...)
2025-06-16 03:11:36 [main] DEBUG o.h.b.model.internal.AnnotatedColumn - Binding column: AnnotatedColumn(column='json_raw')
2025-06-16 03:11:36 [main] DEBUG o.h.b.model.internal.PropertyBinder - MetadataSourceProcessor property jsonRaw with lazy=false
2025-06-16 03:11:36 [main] DEBUG o.h.b.m.i.AbstractPropertyHolder - Attempting to locate auto-apply AttributeConverter for property [com.example.demo.entity.Favorite:jsonRaw]
2025-06-16 03:11:36 [main] DEBUG o.h.b.m.internal.BasicValueBinder - building BasicValue for jsonRaw
2025-06-16 03:11:36 [main] DEBUG org.hibernate.mapping.BasicValue - Skipping column re-registration: google_restaurants.json_raw
2025-06-16 03:11:36 [main] DEBUG o.h.b.model.internal.PropertyBinder - Building property jsonRaw
2025-06-16 03:11:36 [main] DEBUG o.h.b.r.c.i.ClassLoaderServiceImpl - HHH000194: Package not found or no package-info.java: com.example.demo.entity
2025-06-16 03:11:36 [main] DEBUG o.h.boot.model.internal.EntityBinder - Binding entity from annotated class: com.example.demo.entity.GoogleRestaurant
2025-06-16 03:11:36 [main] DEBUG o.h.boot.model.internal.EntityBinder - Import with entity name GoogleRestaurant
2025-06-16 03:11:36 [main] DEBUG o.h.boot.model.internal.EntityBinder - Bind entity com.example.demo.entity.GoogleRestaurant on table google_restaurants
2025-06-16 03:11:36 [main] DEBUG o.h.b.model.internal.AnnotatedColumn - Binding column: AnnotatedDiscriminatorColumn(column='DTYPE')
2025-06-16 03:11:36 [main] DEBUG o.h.b.model.internal.AnnotatedColumn - Binding column: AnnotatedColumn()
2025-06-16 03:11:36 [main] DEBUG o.h.b.internal.ClassLoaderAccessImpl - Not known whether passed class name [com.example.demo.entity.GoogleRestaurant] is safe
2025-06-16 03:11:36 [main] DEBUG o.h.b.internal.ClassLoaderAccessImpl - No temp ClassLoader provided; using live ClassLoader for loading potentially unsafe class : com.example.demo.entity.GoogleRestaurant
2025-06-16 03:11:36 [main] DEBUG o.h.b.model.internal.PropertyBinder - MetadataSourceProcessor property id with lazy=false
2025-06-16 03:11:36 [main] DEBUG o.h.b.m.i.AbstractPropertyHolder - Attempting to locate auto-apply AttributeConverter for property [com.example.demo.entity.GoogleRestaurant:id]
2025-06-16 03:11:36 [main] DEBUG o.h.b.m.internal.BasicValueBinder - building BasicValue for id
2025-06-16 03:11:36 [main] DEBUG org.hibernate.mapping.BasicValue - Skipping column re-registration: google_restaurants.id
2025-06-16 03:11:36 [main] DEBUG o.h.b.model.internal.PropertyBinder - Building property id
2025-06-16 03:11:36 [main] DEBUG o.h.boot.model.internal.BinderHelper - #makeIdGenerator(BasicValue([Column(id)]), id, identity, , ...)
2025-06-16 03:11:36 [main] DEBUG o.h.b.r.c.i.ClassLoaderServiceImpl - HHH000194: Package not found or no package-info.java: com.example.demo.entity
2025-06-16 03:11:36 [main] DEBUG o.h.boot.model.internal.EntityBinder - Binding entity from annotated class: com.example.demo.entity.User
2025-06-16 03:11:36 [main] DEBUG o.h.boot.model.internal.EntityBinder - Import with entity name User
2025-06-16 03:11:36 [main] DEBUG o.h.boot.model.internal.EntityBinder - Bind entity com.example.demo.entity.User on table users
2025-06-16 03:11:36 [main] DEBUG o.h.b.model.internal.AnnotatedColumn - Binding column: AnnotatedDiscriminatorColumn(column='DTYPE')
2025-06-16 03:11:36 [main] DEBUG o.h.b.model.internal.AnnotatedColumn - Binding column: AnnotatedColumn()
2025-06-16 03:11:36 [main] DEBUG o.h.b.internal.ClassLoaderAccessImpl - Not known whether passed class name [com.example.demo.entity.User] is safe
2025-06-16 03:11:36 [main] DEBUG o.h.b.internal.ClassLoaderAccessImpl - No temp ClassLoader provided; using live ClassLoader for loading potentially unsafe class : com.example.demo.entity.User
2025-06-16 03:11:36 [main] DEBUG o.h.b.model.internal.PropertyBinder - MetadataSourceProcessor property id with lazy=false
2025-06-16 03:11:36 [main] DEBUG o.h.b.m.i.AbstractPropertyHolder - Attempting to locate auto-apply AttributeConverter for property [com.example.demo.entity.User:id]
2025-06-16 03:11:36 [main] DEBUG o.h.b.m.internal.BasicValueBinder - building BasicValue for id
2025-06-16 03:11:36 [main] DEBUG org.hibernate.mapping.BasicValue - Skipping column re-registration: users.id
2025-06-16 03:11:36 [main] DEBUG o.h.b.model.internal.PropertyBinder - Building property id
2025-06-16 03:11:36 [main] DEBUG o.h.boot.model.internal.BinderHelper - #makeIdGenerator(BasicValue([Column(id)]), id, identity, , ...)
2025-06-16 03:11:36 [main] DEBUG o.h.b.model.internal.AnnotatedColumn - Binding column: AnnotatedColumn(column='address')
2025-06-16 03:11:36 [main] DEBUG o.h.b.model.internal.PropertyBinder - MetadataSourceProcessor property address with lazy=false
2025-06-16 03:11:36 [main] DEBUG o.h.b.m.i.AbstractPropertyHolder - Attempting to locate auto-apply AttributeConverter for property [com.example.demo.entity.User:address]
2025-06-16 03:11:36 [main] DEBUG o.h.b.m.internal.BasicValueBinder - building BasicValue for address
2025-06-16 03:11:36 [main] DEBUG org.hibernate.mapping.BasicValue - Skipping column re-registration: users.address
2025-06-16 03:11:36 [main] DEBUG o.h.b.model.internal.PropertyBinder - Building property address
2025-06-16 03:11:36 [main] DEBUG o.h.b.model.internal.AnnotatedColumn - Binding column: AnnotatedColumn(column='avatar_url')
2025-06-16 03:11:36 [main] DEBUG o.h.b.model.internal.PropertyBinder - MetadataSourceProcessor property avatarUrl with lazy=false
2025-06-16 03:11:36 [main] DEBUG o.h.b.m.i.AbstractPropertyHolder - Attempting to locate auto-apply AttributeConverter for property [com.example.demo.entity.User:avatarUrl]
2025-06-16 03:11:36 [main] DEBUG o.h.b.m.internal.BasicValueBinder - building BasicValue for avatarUrl
2025-06-16 03:11:36 [main] DEBUG org.hibernate.mapping.BasicValue - Skipping column re-registration: users.avatar_url
2025-06-16 03:11:36 [main] DEBUG o.h.b.model.internal.PropertyBinder - Building property avatarUrl
2025-06-16 03:11:36 [main] DEBUG o.h.b.model.internal.AnnotatedColumn - Binding column: AnnotatedColumn(column='created_at')
2025-06-16 03:11:36 [main] DEBUG o.h.b.model.internal.PropertyBinder - MetadataSourceProcessor property createdAt with lazy=false
2025-06-16 03:11:36 [main] DEBUG o.h.b.m.i.AbstractPropertyHolder - Attempting to locate auto-apply AttributeConverter for property [com.example.demo.entity.User:createdAt]
2025-06-16 03:11:36 [main] DEBUG o.h.b.m.internal.BasicValueBinder - building BasicValue for createdAt
2025-06-16 03:11:36 [main] DEBUG org.hibernate.mapping.BasicValue - Skipping column re-registration: users.created_at
2025-06-16 03:11:36 [main] DEBUG o.h.b.model.internal.PropertyBinder - Building property createdAt
2025-06-16 03:11:36 [main] DEBUG o.h.b.model.internal.AnnotatedColumn - Binding column: AnnotatedColumn()
2025-06-16 03:11:36 [main] DEBUG o.h.b.model.internal.PropertyBinder - MetadataSourceProcessor property email with lazy=false
2025-06-16 03:11:36 [main] DEBUG o.h.b.m.i.AbstractPropertyHolder - Attempting to locate auto-apply AttributeConverter for property [com.example.demo.entity.User:email]
2025-06-16 03:11:36 [main] DEBUG o.h.b.m.internal.BasicValueBinder - building BasicValue for email
2025-06-16 03:11:36 [main] DEBUG org.hibernate.mapping.BasicValue - Skipping column re-registration: users.email
2025-06-16 03:11:36 [main] DEBUG o.h.b.model.internal.PropertyBinder - Building property email
2025-06-16 03:11:36 [main] DEBUG o.h.b.model.internal.AnnotatedColumn - Binding column: AnnotatedColumn(column='full_name')
2025-06-16 03:11:36 [main] DEBUG o.h.b.model.internal.PropertyBinder - MetadataSourceProcessor property fullName with lazy=false
2025-06-16 03:11:36 [main] DEBUG o.h.b.m.i.AbstractPropertyHolder - Attempting to locate auto-apply AttributeConverter for property [com.example.demo.entity.User:fullName]
2025-06-16 03:11:36 [main] DEBUG o.h.b.m.internal.BasicValueBinder - building BasicValue for fullName
2025-06-16 03:11:36 [main] DEBUG org.hibernate.mapping.BasicValue - Skipping column re-registration: users.full_name
2025-06-16 03:11:36 [main] DEBUG o.h.b.model.internal.PropertyBinder - Building property fullName
2025-06-16 03:11:36 [main] DEBUG o.h.b.model.internal.AnnotatedColumn - Binding column: AnnotatedColumn(column='password_hash')
2025-06-16 03:11:36 [main] DEBUG o.h.b.model.internal.PropertyBinder - MetadataSourceProcessor property passwordHash with lazy=false
2025-06-16 03:11:36 [main] DEBUG o.h.b.m.i.AbstractPropertyHolder - Attempting to locate auto-apply AttributeConverter for property [com.example.demo.entity.User:passwordHash]
2025-06-16 03:11:36 [main] DEBUG o.h.b.m.internal.BasicValueBinder - building BasicValue for passwordHash
2025-06-16 03:11:36 [main] DEBUG org.hibernate.mapping.BasicValue - Skipping column re-registration: users.password_hash
2025-06-16 03:11:36 [main] DEBUG o.h.b.model.internal.PropertyBinder - Building property passwordHash
2025-06-16 03:11:36 [main] DEBUG o.h.b.model.internal.AnnotatedColumn - Binding column: AnnotatedColumn(column='phone_number')
2025-06-16 03:11:36 [main] DEBUG o.h.b.model.internal.PropertyBinder - MetadataSourceProcessor property phoneNumber with lazy=false
2025-06-16 03:11:36 [main] DEBUG o.h.b.m.i.AbstractPropertyHolder - Attempting to locate auto-apply AttributeConverter for property [com.example.demo.entity.User:phoneNumber]
2025-06-16 03:11:36 [main] DEBUG o.h.b.m.internal.BasicValueBinder - building BasicValue for phoneNumber
2025-06-16 03:11:36 [main] DEBUG org.hibernate.mapping.BasicValue - Skipping column re-registration: users.phone_number
2025-06-16 03:11:36 [main] DEBUG o.h.b.model.internal.PropertyBinder - Building property phoneNumber
2025-06-16 03:11:36 [main] DEBUG o.h.b.model.internal.AnnotatedColumn - Binding column: AnnotatedColumn(column='updated_at')
2025-06-16 03:11:36 [main] DEBUG o.h.b.model.internal.PropertyBinder - MetadataSourceProcessor property updatedAt with lazy=false
2025-06-16 03:11:36 [main] DEBUG o.h.b.m.i.AbstractPropertyHolder - Attempting to locate auto-apply AttributeConverter for property [com.example.demo.entity.User:updatedAt]
2025-06-16 03:11:36 [main] DEBUG o.h.b.m.internal.BasicValueBinder - building BasicValue for updatedAt
2025-06-16 03:11:36 [main] DEBUG org.hibernate.mapping.BasicValue - Skipping column re-registration: users.updated_at
2025-06-16 03:11:36 [main] DEBUG o.h.b.model.internal.PropertyBinder - Building property updatedAt
2025-06-16 03:11:36 [main] DEBUG o.h.b.model.internal.AnnotatedColumn - Binding column: AnnotatedColumn()
2025-06-16 03:11:36 [main] DEBUG o.h.b.model.internal.PropertyBinder - MetadataSourceProcessor property username with lazy=false
2025-06-16 03:11:36 [main] DEBUG o.h.b.m.i.AbstractPropertyHolder - Attempting to locate auto-apply AttributeConverter for property [com.example.demo.entity.User:username]
2025-06-16 03:11:36 [main] DEBUG o.h.b.m.internal.BasicValueBinder - building BasicValue for username
2025-06-16 03:11:36 [main] DEBUG org.hibernate.mapping.BasicValue - Skipping column re-registration: users.username
2025-06-16 03:11:36 [main] DEBUG o.h.b.model.internal.PropertyBinder - Building property username
2025-06-16 03:11:36 [main] DEBUG o.h.b.r.c.i.ClassLoaderServiceImpl - HHH000194: Package not found or no package-info.java: com.example.demo.entity
2025-06-16 03:11:36 [main] DEBUG o.h.j.e.i.CallbackDefinitionResolverLegacyImpl - Adding onUpdate as PreUpdate callback for entity com.example.demo.entity.User
2025-06-16 03:11:36 [main] DEBUG o.h.j.e.i.CallbackDefinitionResolverLegacyImpl - Adding onCreate as PrePersist callback for entity com.example.demo.entity.User
2025-06-16 03:11:36 [main] DEBUG o.h.boot.model.internal.EntityBinder - Binding entity from annotated class: com.example.demo.entity.UserProfile
2025-06-16 03:11:36 [main] DEBUG o.h.boot.model.internal.EntityBinder - Import with entity name UserProfile
2025-06-16 03:11:36 [main] DEBUG o.h.boot.model.internal.EntityBinder - Bind entity com.example.demo.entity.UserProfile on table user_profiles
2025-06-16 03:11:36 [main] DEBUG o.h.b.model.internal.AnnotatedColumn - Binding column: AnnotatedDiscriminatorColumn(column='DTYPE')
2025-06-16 03:11:36 [main] DEBUG o.h.b.model.internal.AnnotatedColumn - Binding column: AnnotatedColumn(column='user_id')
2025-06-16 03:11:36 [main] DEBUG o.h.b.internal.ClassLoaderAccessImpl - Not known whether passed class name [com.example.demo.entity.UserProfile] is safe
2025-06-16 03:11:36 [main] DEBUG o.h.b.internal.ClassLoaderAccessImpl - No temp ClassLoader provided; using live ClassLoader for loading potentially unsafe class : com.example.demo.entity.UserProfile
2025-06-16 03:11:36 [main] DEBUG o.h.b.model.internal.AnnotatedColumn - Binding column: AnnotatedJoinColumn(column='user_id')
2025-06-16 03:11:36 [main] DEBUG o.h.b.model.internal.PropertyBinder - MetadataSourceProcessor property userId with lazy=false
2025-06-16 03:11:36 [main] DEBUG o.h.b.m.i.AbstractPropertyHolder - Attempting to locate auto-apply AttributeConverter for property [com.example.demo.entity.UserProfile:userId]
2025-06-16 03:11:36 [main] DEBUG o.h.b.m.internal.BasicValueBinder - building BasicValue for userId
2025-06-16 03:11:36 [main] DEBUG org.hibernate.mapping.BasicValue - Skipping column re-registration: user_profiles.user_id
2025-06-16 03:11:36 [main] DEBUG o.h.b.model.internal.PropertyBinder - Building property userId
2025-06-16 03:11:36 [main] DEBUG o.h.boot.model.internal.BinderHelper - #makeIdGenerator(BasicValue([Column(user_id)]), userId, foreign, Hibernate-local--foreign generator, ...)
2025-06-16 03:11:36 [main] DEBUG o.h.b.model.internal.AnnotatedColumn - Binding column: AnnotatedColumn()
2025-06-16 03:11:36 [main] DEBUG o.h.b.model.internal.PropertyBinder - MetadataSourceProcessor property address with lazy=false
2025-06-16 03:11:36 [main] DEBUG o.h.b.m.i.AbstractPropertyHolder - Attempting to locate auto-apply AttributeConverter for property [com.example.demo.entity.UserProfile:address]
2025-06-16 03:11:36 [main] DEBUG o.h.b.m.internal.BasicValueBinder - building BasicValue for address
2025-06-16 03:11:36 [main] DEBUG org.hibernate.mapping.BasicValue - Skipping column re-registration: user_profiles.address
2025-06-16 03:11:36 [main] DEBUG o.h.b.model.internal.PropertyBinder - Building property address
2025-06-16 03:11:36 [main] DEBUG o.h.b.model.internal.AnnotatedColumn - Binding column: AnnotatedColumn(column='avatar_url')
2025-06-16 03:11:36 [main] DEBUG o.h.b.model.internal.PropertyBinder - MetadataSourceProcessor property avatarUrl with lazy=false
2025-06-16 03:11:36 [main] DEBUG o.h.b.m.i.AbstractPropertyHolder - Attempting to locate auto-apply AttributeConverter for property [com.example.demo.entity.UserProfile:avatarUrl]
2025-06-16 03:11:36 [main] DEBUG o.h.b.m.internal.BasicValueBinder - building BasicValue for avatarUrl
2025-06-16 03:11:36 [main] DEBUG org.hibernate.mapping.BasicValue - Skipping column re-registration: user_profiles.avatar_url
2025-06-16 03:11:36 [main] DEBUG o.h.b.model.internal.PropertyBinder - Building property avatarUrl
2025-06-16 03:11:36 [main] DEBUG o.h.b.model.internal.AnnotatedColumn - Binding column: AnnotatedColumn()
2025-06-16 03:11:36 [main] DEBUG o.h.b.model.internal.PropertyBinder - MetadataSourceProcessor property bio with lazy=false
2025-06-16 03:11:36 [main] DEBUG o.h.b.m.i.AbstractPropertyHolder - Attempting to locate auto-apply AttributeConverter for property [com.example.demo.entity.UserProfile:bio]
2025-06-16 03:11:36 [main] DEBUG o.h.b.m.internal.BasicValueBinder - building BasicValue for bio
2025-06-16 03:11:36 [main] DEBUG org.hibernate.mapping.BasicValue - Skipping column re-registration: user_profiles.bio
2025-06-16 03:11:36 [main] DEBUG o.h.b.model.internal.PropertyBinder - Building property bio
2025-06-16 03:11:36 [main] DEBUG o.h.b.model.internal.AnnotatedColumn - Binding column: AnnotatedColumn(column='notification_settings')
2025-06-16 03:11:36 [main] DEBUG o.h.b.model.internal.PropertyBinder - MetadataSourceProcessor property notificationSettings with lazy=false
2025-06-16 03:11:36 [main] DEBUG o.h.b.m.i.AbstractPropertyHolder - Attempting to locate auto-apply AttributeConverter for property [com.example.demo.entity.UserProfile:notificationSettings]
2025-06-16 03:11:36 [main] DEBUG o.h.b.m.internal.BasicValueBinder - building BasicValue for notificationSettings
2025-06-16 03:11:36 [main] DEBUG org.hibernate.mapping.BasicValue - Skipping column re-registration: user_profiles.notification_settings
2025-06-16 03:11:36 [main] DEBUG o.h.b.model.internal.PropertyBinder - Building property notificationSettings
2025-06-16 03:11:36 [main] DEBUG o.h.b.model.internal.AnnotatedColumn - Binding column: AnnotatedColumn(column='privacy_settings')
2025-06-16 03:11:36 [main] DEBUG o.h.b.model.internal.PropertyBinder - MetadataSourceProcessor property privacySettings with lazy=false
2025-06-16 03:11:36 [main] DEBUG o.h.b.m.i.AbstractPropertyHolder - Attempting to locate auto-apply AttributeConverter for property [com.example.demo.entity.UserProfile:privacySettings]
2025-06-16 03:11:36 [main] DEBUG o.h.b.m.internal.BasicValueBinder - building BasicValue for privacySettings
2025-06-16 03:11:36 [main] DEBUG org.hibernate.mapping.BasicValue - Skipping column re-registration: user_profiles.privacy_settings
2025-06-16 03:11:36 [main] DEBUG o.h.b.model.internal.PropertyBinder - Building property privacySettings
2025-06-16 03:11:36 [main] DEBUG o.h.b.model.internal.AnnotatedColumn - Binding column: AnnotatedColumn(column='social_links')
2025-06-16 03:11:36 [main] DEBUG o.h.b.model.internal.PropertyBinder - MetadataSourceProcessor property socialLinks with lazy=false
2025-06-16 03:11:36 [main] DEBUG o.h.b.m.i.AbstractPropertyHolder - Attempting to locate auto-apply AttributeConverter for property [com.example.demo.entity.UserProfile:socialLinks]
2025-06-16 03:11:36 [main] DEBUG o.h.b.m.internal.BasicValueBinder - building BasicValue for socialLinks
2025-06-16 03:11:36 [main] DEBUG org.hibernate.mapping.BasicValue - Skipping column re-registration: user_profiles.social_links
2025-06-16 03:11:36 [main] DEBUG o.h.b.model.internal.PropertyBinder - Building property socialLinks
2025-06-16 03:11:36 [main] DEBUG o.h.b.model.internal.AnnotatedColumn - Binding column: AnnotatedJoinColumn(column='user_id')
2025-06-16 03:11:36 [main] DEBUG o.h.b.model.internal.AnnotatedColumn - Binding column: AnnotatedColumn()
2025-06-16 03:11:36 [main] DEBUG o.h.b.r.c.i.ClassLoaderServiceImpl - HHH000194: Package not found or no package-info.java: com.example.demo.entity
2025-06-16 03:11:36 [main] DEBUG o.h.b.m.internal.BasicValueBinder - Starting `BasicValueBinder#fillSimpleValue` for id
2025-06-16 03:11:36 [main] DEBUG o.h.b.m.internal.BasicValueBinder - Starting `BasicValueBinder#fillSimpleValue` for jsonRaw
2025-06-16 03:11:36 [main] DEBUG o.h.b.m.internal.BasicValueBinder - Starting `BasicValueBinder#fillSimpleValue` for id
2025-06-16 03:11:36 [main] DEBUG o.h.b.m.internal.BasicValueBinder - Starting `BasicValueBinder#fillSimpleValue` for id
2025-06-16 03:11:36 [main] DEBUG o.h.b.m.internal.BasicValueBinder - Starting `BasicValueBinder#fillSimpleValue` for address
2025-06-16 03:11:36 [main] DEBUG o.h.b.m.internal.BasicValueBinder - Starting `BasicValueBinder#fillSimpleValue` for avatarUrl
2025-06-16 03:11:36 [main] DEBUG o.h.b.m.internal.BasicValueBinder - Starting `BasicValueBinder#fillSimpleValue` for createdAt
2025-06-16 03:11:36 [main] DEBUG o.h.b.m.internal.BasicValueBinder - Starting `BasicValueBinder#fillSimpleValue` for email
2025-06-16 03:11:36 [main] DEBUG o.h.b.m.internal.BasicValueBinder - Starting `BasicValueBinder#fillSimpleValue` for fullName
2025-06-16 03:11:36 [main] DEBUG o.h.b.m.internal.BasicValueBinder - Starting `BasicValueBinder#fillSimpleValue` for passwordHash
2025-06-16 03:11:36 [main] DEBUG o.h.b.m.internal.BasicValueBinder - Starting `BasicValueBinder#fillSimpleValue` for phoneNumber
2025-06-16 03:11:36 [main] DEBUG o.h.b.m.internal.BasicValueBinder - Starting `BasicValueBinder#fillSimpleValue` for updatedAt
2025-06-16 03:11:36 [main] DEBUG o.h.b.m.internal.BasicValueBinder - Starting `BasicValueBinder#fillSimpleValue` for username
2025-06-16 03:11:36 [main] DEBUG o.h.b.m.internal.BasicValueBinder - Starting `BasicValueBinder#fillSimpleValue` for userId
2025-06-16 03:11:36 [main] DEBUG o.h.b.m.internal.BasicValueBinder - Starting `BasicValueBinder#fillSimpleValue` for address
2025-06-16 03:11:36 [main] DEBUG o.h.b.m.internal.BasicValueBinder - Starting `BasicValueBinder#fillSimpleValue` for avatarUrl
2025-06-16 03:11:36 [main] DEBUG o.h.b.m.internal.BasicValueBinder - Starting `BasicValueBinder#fillSimpleValue` for bio
2025-06-16 03:11:36 [main] DEBUG o.h.b.m.internal.BasicValueBinder - Starting `BasicValueBinder#fillSimpleValue` for notificationSettings
2025-06-16 03:11:36 [main] DEBUG o.h.b.m.internal.BasicValueBinder - Starting `BasicValueBinder#fillSimpleValue` for privacySettings
2025-06-16 03:11:36 [main] DEBUG o.h.b.m.internal.BasicValueBinder - Starting `BasicValueBinder#fillSimpleValue` for socialLinks
2025-06-16 03:11:36 [main] DEBUG org.hibernate.mapping.PrimaryKey - Forcing column [id] to be non-null as it is part of the primary key for table [google_restaurants]
2025-06-16 03:11:36 [main] DEBUG org.hibernate.mapping.PrimaryKey - Forcing column [id] to be non-null as it is part of the primary key for table [google_restaurants]
2025-06-16 03:11:36 [main] DEBUG org.hibernate.mapping.PrimaryKey - Forcing column [id] to be non-null as it is part of the primary key for table [users]
2025-06-16 03:11:36 [main] DEBUG org.hibernate.mapping.PrimaryKey - Forcing column [user_id] to be non-null as it is part of the primary key for table [user_profiles]
2025-06-16 03:11:36 [main] DEBUG o.h.b.model.internal.PropertyBinder - Building property user
2025-06-16 03:11:36 [main] DEBUG o.h.internal.SessionFactoryImpl - Building session factory
2025-06-16 03:11:36 [main] DEBUG o.h.s.i.SessionFactoryServiceRegistryImpl - EventListenerRegistry access via ServiceRegistry is deprecated.  Use `sessionFactory.getEventEngine().getListenerRegistry()` instead
2025-06-16 03:11:36 [main] DEBUG o.h.internal.SessionFactoryImpl - Instantiating SessionFactory with settings: {hibernate.format_sql=true, java.specification.version=21, sun.cpu.isalist=amd64, hibernate.resource.beans.container=org.springframework.orm.hibernate5.SpringBeanContainer@2a73a64f, hibernate.connection.handling_mode=DELAYED_ACQUISITION_AND_HOLD, sun.jnu.encoding=GBK, hibernate.dialect=org.hibernate.dialect.MySQL8Dialect, hibernate.implicit_naming_strategy=org.springframework.boot.orm.jpa.hibernate.SpringImplicitNamingStrategy, java.class.path=D:\桌面\FoodMAP\backend\demo\target\classes;C:\Users\pony\.m2\repository\org\springframework\boot\spring-boot\3.5.0\spring-boot-3.5.0.jar;C:\Users\pony\.m2\repository\org\springframework\boot\spring-boot-autoconfigure\3.5.0\spring-boot-autoconfigure-3.5.0.jar;C:\Users\pony\.m2\repository\ch\qos\logback\logback-classic\1.5.18\logback-classic-1.5.18.jar;C:\Users\pony\.m2\repository\ch\qos\logback\logback-core\1.5.18\logback-core-1.5.18.jar;C:\Users\pony\.m2\repository\org\apache\logging\log4j\log4j-to-slf4j\2.24.3\log4j-to-slf4j-2.24.3.jar;C:\Users\pony\.m2\repository\org\apache\logging\log4j\log4j-api\2.24.3\log4j-api-2.24.3.jar;C:\Users\pony\.m2\repository\org\slf4j\jul-to-slf4j\2.0.17\jul-to-slf4j-2.0.17.jar;C:\Users\pony\.m2\repository\jakarta\annotation\jakarta.annotation-api\2.1.1\jakarta.annotation-api-2.1.1.jar;C:\Users\pony\.m2\repository\org\yaml\snakeyaml\2.4\snakeyaml-2.4.jar;C:\Users\pony\.m2\repository\com\fasterxml\jackson\datatype\jackson-datatype-jdk8\2.19.0\jackson-datatype-jdk8-2.19.0.jar;C:\Users\pony\.m2\repository\com\fasterxml\jackson\datatype\jackson-datatype-jsr310\2.19.0\jackson-datatype-jsr310-2.19.0.jar;C:\Users\pony\.m2\repository\com\fasterxml\jackson\module\jackson-module-parameter-names\2.19.0\jackson-module-parameter-names-2.19.0.jar;C:\Users\pony\.m2\repository\org\apache\tomcat\embed\tomcat-embed-core\10.1.41\tomcat-embed-core-10.1.41.jar;C:\Users\pony\.m2\repository\org\apache\tomcat\embed\tomcat-embed-el\10.1.41\tomcat-embed-el-10.1.41.jar;C:\Users\pony\.m2\repository\org\apache\tomcat\embed\tomcat-embed-websocket\10.1.41\tomcat-embed-websocket-10.1.41.jar;C:\Users\pony\.m2\repository\org\springframework\spring-web\6.2.7\spring-web-6.2.7.jar;C:\Users\pony\.m2\repository\org\springframework\spring-beans\6.2.7\spring-beans-6.2.7.jar;C:\Users\pony\.m2\repository\org\springframework\spring-webmvc\6.2.7\spring-webmvc-6.2.7.jar;C:\Users\pony\.m2\repository\org\springframework\spring-context\6.2.7\spring-context-6.2.7.jar;C:\Users\pony\.m2\repository\org\springframework\spring-expression\6.2.7\spring-expression-6.2.7.jar;C:\Users\pony\.m2\repository\com\zaxxer\HikariCP\6.3.0\HikariCP-6.3.0.jar;C:\Users\pony\.m2\repository\org\springframework\spring-jdbc\6.2.7\spring-jdbc-6.2.7.jar;C:\Users\pony\.m2\repository\org\hibernate\orm\hibernate-core\6.6.15.Final\hibernate-core-6.6.15.Final.jar;C:\Users\pony\.m2\repository\jakarta\persistence\jakarta.persistence-api\3.1.0\jakarta.persistence-api-3.1.0.jar;C:\Users\pony\.m2\repository\jakarta\transaction\jakarta.transaction-api\2.0.1\jakarta.transaction-api-2.0.1.jar;C:\Users\pony\.m2\repository\org\jboss\logging\jboss-logging\3.6.1.Final\jboss-logging-3.6.1.Final.jar;C:\Users\pony\.m2\repository\org\hibernate\common\hibernate-commons-annotations\7.0.3.Final\hibernate-commons-annotations-7.0.3.Final.jar;C:\Users\pony\.m2\repository\io\smallrye\jandex\3.2.0\jandex-3.2.0.jar;C:\Users\pony\.m2\repository\com\fasterxml\classmate\1.7.0\classmate-1.7.0.jar;C:\Users\pony\.m2\repository\net\bytebuddy\byte-buddy\1.17.5\byte-buddy-1.17.5.jar;C:\Users\pony\.m2\repository\org\glassfish\jaxb\jaxb-runtime\4.0.5\jaxb-runtime-4.0.5.jar;C:\Users\pony\.m2\repository\org\glassfish\jaxb\jaxb-core\4.0.5\jaxb-core-4.0.5.jar;C:\Users\pony\.m2\repository\org\eclipse\angus\angus-activation\2.0.2\angus-activation-2.0.2.jar;C:\Users\pony\.m2\repository\org\glassfish\jaxb\txw2\4.0.5\txw2-4.0.5.jar;C:\Users\pony\.m2\repository\com\sun\istack\istack-commons-runtime\4.1.2\istack-commons-runtime-4.1.2.jar;C:\Users\pony\.m2\repository\jakarta\inject\jakarta.inject-api\2.0.1\jakarta.inject-api-2.0.1.jar;C:\Users\pony\.m2\repository\org\antlr\antlr4-runtime\4.13.0\antlr4-runtime-4.13.0.jar;C:\Users\pony\.m2\repository\org\springframework\data\spring-data-jpa\3.5.0\spring-data-jpa-3.5.0.jar;C:\Users\pony\.m2\repository\org\springframework\data\spring-data-commons\3.5.0\spring-data-commons-3.5.0.jar;C:\Users\pony\.m2\repository\org\springframework\spring-orm\6.2.7\spring-orm-6.2.7.jar;C:\Users\pony\.m2\repository\org\springframework\spring-tx\6.2.7\spring-tx-6.2.7.jar;C:\Users\pony\.m2\repository\org\slf4j\slf4j-api\2.0.17\slf4j-api-2.0.17.jar;C:\Users\pony\.m2\repository\org\springframework\spring-aspects\6.2.7\spring-aspects-6.2.7.jar;C:\Users\pony\.m2\repository\org\aspectj\aspectjweaver\1.9.24\aspectjweaver-1.9.24.jar;C:\Users\pony\.m2\repository\com\mysql\mysql-connector-j\9.2.0\mysql-connector-j-9.2.0.jar;C:\Users\pony\.m2\repository\org\springframework\boot\spring-boot-actuator-autoconfigure\3.5.0\spring-boot-actuator-autoconfigure-3.5.0.jar;C:\Users\pony\.m2\repository\org\springframework\boot\spring-boot-actuator\3.5.0\spring-boot-actuator-3.5.0.jar;C:\Users\pony\.m2\repository\io\micrometer\micrometer-observation\1.15.0\micrometer-observation-1.15.0.jar;C:\Users\pony\.m2\repository\io\micrometer\micrometer-commons\1.15.0\micrometer-commons-1.15.0.jar;C:\Users\pony\.m2\repository\io\micrometer\micrometer-jakarta9\1.15.0\micrometer-jakarta9-1.15.0.jar;C:\Users\pony\.m2\repository\io\micrometer\micrometer-core\1.15.0\micrometer-core-1.15.0.jar;C:\Users\pony\.m2\repository\org\hdrhistogram\HdrHistogram\2.2.2\HdrHistogram-2.2.2.jar;C:\Users\pony\.m2\repository\org\latencyutils\LatencyUtils\2.0.3\LatencyUtils-2.0.3.jar;C:\Users\pony\.m2\repository\jakarta\xml\bind\jakarta.xml.bind-api\4.0.2\jakarta.xml.bind-api-4.0.2.jar;C:\Users\pony\.m2\repository\jakarta\activation\jakarta.activation-api\2.1.3\jakarta.activation-api-2.1.3.jar;C:\Users\pony\.m2\repository\org\springframework\spring-core\6.2.7\spring-core-6.2.7.jar;C:\Users\pony\.m2\repository\org\springframework\spring-jcl\6.2.7\spring-jcl-6.2.7.jar;C:\Users\pony\.m2\repository\org\projectlombok\lombok\1.18.38\lombok-1.18.38.jar;C:\Users\pony\.m2\repository\org\springframework\spring-aop\6.2.7\spring-aop-6.2.7.jar;C:\Users\pony\.m2\repository\org\springframework\security\spring-security-config\6.5.0\spring-security-config-6.5.0.jar;C:\Users\pony\.m2\repository\org\springframework\security\spring-security-core\6.5.0\spring-security-core-6.5.0.jar;C:\Users\pony\.m2\repository\org\springframework\security\spring-security-crypto\6.5.0\spring-security-crypto-6.5.0.jar;C:\Users\pony\.m2\repository\org\springframework\security\spring-security-web\6.5.0\spring-security-web-6.5.0.jar;C:\Users\pony\.m2\repository\io\jsonwebtoken\jjwt-api\0.11.5\jjwt-api-0.11.5.jar;C:\Users\pony\.m2\repository\io\jsonwebtoken\jjwt-impl\0.11.5\jjwt-impl-0.11.5.jar;C:\Users\pony\.m2\repository\io\jsonwebtoken\jjwt-jackson\0.11.5\jjwt-jackson-0.11.5.jar;C:\Users\pony\.m2\repository\com\fasterxml\jackson\core\jackson-databind\2.19.0\jackson-databind-2.19.0.jar;C:\Users\pony\.m2\repository\com\fasterxml\jackson\core\jackson-annotations\2.19.0\jackson-annotations-2.19.0.jar;C:\Users\pony\.m2\repository\com\fasterxml\jackson\core\jackson-core\2.19.0\jackson-core-2.19.0.jar, java.vm.vendor=Oracle Corporation, sun.arch.data.model=64, user.variant=, java.vendor.url=https://java.oracle.com/, catalina.useNaming=false, user.timezone=Asia/Taipei, jakarta.persistence.sharedCache.mode=UNSPECIFIED, org.jboss.logging.provider=slf4j, java.vm.specification.version=21, os.name=Windows 11, jakarta.persistence.nonJtaDataSource=HikariDataSource (HikariPool-1), sun.java.launcher=SUN_STANDARD, user.country=TW, sun.boot.library.path=C:\Program Files\Java\jdk-21\bin, sun.java.command=com.example.demo.DemoApplication, javax.persistence.nonJtaDataSource=HikariDataSource (HikariPool-1), hibernate.transaction.jta.platform=org.hibernate.engine.transaction.jta.platform.internal.NoJtaPlatform@7dc92a06, jdk.debug=release, sun.cpu.endian=little, hibernate.cdi.extensions=true, user.home=C:\Users\pony, user.language=zh, java.specification.vendor=Oracle Corporation, java.version.date=2025-04-15, java.home=C:\Program Files\Java\jdk-21, file.separator=\, java.vm.compressedOopsMode=Zero based, line.separator=
, hibernate.persistenceUnitName=default, java.vm.specification.vendor=Oracle Corporation, java.specification.name=Java Platform API Specification, FILE_LOG_CHARSET=UTF-8, hibernate.transaction.coordinator_class=class org.hibernate.resource.transaction.backend.jdbc.internal.JdbcResourceLocalTransactionCoordinatorBuilderImpl, java.awt.headless=true, jakarta.persistence.validation.mode=AUTO, hibernate.hbm2ddl.auto=update, user.script=, sun.management.compiler=HotSpot 64-Bit Tiered Compilers, java.runtime.version=21.0.7+8-LTS-245, user.name=pony, stdout.encoding=ms936, path.separator=;, os.version=10.0, java.runtime.name=Java(TM) SE Runtime Environment, file.encoding=UTF-8, FILE_LOG_PATTERN=%d{yyyy-MM-dd HH:mm:ss} [%thread] %-5level %logger{36} - %msg%n, java.vm.name=Java HotSpot(TM) 64-Bit Server VM, hibernate.show_sql=true, LOG_FILE=logs/application.log, java.vendor.url.bug=https://bugreport.java.com/bugreport/, java.io.tmpdir=C:\Users\pony\AppData\Local\Temp\, catalina.home=C:\Users\pony\AppData\Local\Temp\tomcat.8080.8256543211733542064, java.version=21.0.7, hibernate.physical_naming_strategy=org.hibernate.boot.model.naming.CamelCaseToUnderscoresNamingStrategy, user.dir=D:\桌面\FoodMAP\backend\demo, os.arch=amd64, java.vm.specification.name=Java Virtual Machine Specification, PID=11152, sun.os.patch.level=, CONSOLE_LOG_CHARSET=x-mswin-936, catalina.base=C:\Users\pony\AppData\Local\Temp\tomcat.8080.8256543211733542064, hibernate.boot.CfgXmlAccessService.key=org.hibernate.boot.registry.StandardServiceRegistryBuilder$1@2419a5db, native.encoding=GBK, java.library.path=C:\Program Files\Java\jdk-21\bin;C:\WINDOWS\Sun\Java\bin;C:\WINDOWS\system32;C:\WINDOWS;C:\Program Files\Common Files\Oracle\Java\javapath;C:\WINDOWS\system32;C:\WINDOWS;C:\WINDOWS\System32\Wbem;C:\WINDOWS\System32\WindowsPowerShell\v1.0\;C:\WINDOWS\System32\OpenSSH\;C:\Program Files\dotnet\;C:\Program Files\Git\cmd;C:\Program Files\cursor\resources\app\bin;C:\Users\pony\AppData\Local\Microsoft\WindowsApps;C:\Users\pony\AppData\Local\Programs\Microsoft VS Code\bin;., stderr.encoding=ms936, java.vendor=Oracle Corporation, java.vm.info=mixed mode, emulated-client, sharing, java.vm.version=21.0.7+8-LTS-245, sun.io.unicode.encoding=UnicodeLittle, hibernate.archive.scanner=org.hibernate.boot.archive.scan.internal.DisabledScanner, hibernate.connection.datasource=HikariDataSource (HikariPool-1), CONSOLE_LOG_PATTERN=%d{yyyy-MM-dd HH:mm:ss} [%thread] %-5level %logger{36} - %msg%n, java.class.version=65.0}
2025-06-16 03:11:36 [main] DEBUG o.h.internal.SessionFactoryImpl - Session factory constructed with filter configurations : {}
2025-06-16 03:11:36 [main] DEBUG o.h.q.s.function.SqmFunctionRegistry - Registered SqmFunctionTemplate [NamedSqmFunctionTemplate(max)] under max; prior registration was null
2025-06-16 03:11:36 [main] DEBUG o.h.q.s.function.SqmFunctionRegistry - Registered SqmFunctionTemplate [NamedSqmFunctionTemplate(min)] under min; prior registration was null
2025-06-16 03:11:36 [main] DEBUG o.h.q.s.function.SqmFunctionRegistry - Registered SqmFunctionTemplate [NamedSqmFunctionTemplate(sum)] under sum; prior registration was null
2025-06-16 03:11:36 [main] DEBUG o.h.q.s.function.SqmFunctionRegistry - Registered SqmFunctionTemplate [NamedSqmFunctionTemplate(avg)] under avg; prior registration was null
2025-06-16 03:11:36 [main] DEBUG o.h.q.s.function.SqmFunctionRegistry - Registered SqmFunctionTemplate [org.hibernate.dialect.function.CountFunction@a97a895] under count; prior registration was null
2025-06-16 03:11:36 [main] DEBUG o.h.q.s.function.SqmFunctionRegistry - Registered SqmFunctionTemplate [org.hibernate.dialect.function.EveryAnyEmulation@79631db0] under every; prior registration was null
2025-06-16 03:11:36 [main] DEBUG o.h.q.s.function.SqmFunctionRegistry - Registered SqmFunctionTemplate [org.hibernate.dialect.function.EveryAnyEmulation@f837c11] under any; prior registration was null
2025-06-16 03:11:36 [main] DEBUG o.h.q.s.function.SqmFunctionRegistry - Registered SqmFunctionTemplate [NamedSqmFunctionTemplate(floor)] under floor; prior registration was null
2025-06-16 03:11:36 [main] DEBUG o.h.q.s.function.SqmFunctionRegistry - Registered SqmFunctionTemplate [NamedSqmFunctionTemplate(ceiling)] under ceiling; prior registration was null
2025-06-16 03:11:36 [main] DEBUG o.h.q.s.function.SqmFunctionRegistry - Registered SqmFunctionTemplate [NamedSqmFunctionTemplate(mod)] under mod; prior registration was null
2025-06-16 03:11:36 [main] DEBUG o.h.q.s.function.SqmFunctionRegistry - Registered SqmFunctionTemplate [NamedSqmFunctionTemplate(abs)] under abs; prior registration was null
2025-06-16 03:11:36 [main] DEBUG o.h.q.s.function.SqmFunctionRegistry - Registered SqmFunctionTemplate [NamedSqmFunctionTemplate(sign)] under sign; prior registration was null
2025-06-16 03:11:36 [main] DEBUG o.h.q.s.function.SqmFunctionRegistry - Registered SqmFunctionTemplate [NamedSqmFunctionTemplate(sqrt)] under sqrt; prior registration was null
2025-06-16 03:11:36 [main] DEBUG o.h.q.s.function.SqmFunctionRegistry - Registered SqmFunctionTemplate [NamedSqmFunctionTemplate(ln)] under ln; prior registration was null
2025-06-16 03:11:36 [main] DEBUG o.h.q.s.function.SqmFunctionRegistry - Registered SqmFunctionTemplate [NamedSqmFunctionTemplate(exp)] under exp; prior registration was null
2025-06-16 03:11:36 [main] DEBUG o.h.q.s.function.SqmFunctionRegistry - Registered SqmFunctionTemplate [NamedSqmFunctionTemplate(power)] under power; prior registration was null
2025-06-16 03:11:36 [main] DEBUG o.h.q.s.function.SqmFunctionRegistry - Registered SqmFunctionTemplate [NamedSqmFunctionTemplate(round)] under round; prior registration was null
2025-06-16 03:11:36 [main] DEBUG o.h.q.s.function.SqmFunctionRegistry - Registered SqmFunctionTemplate [NamedSqmFunctionTemplate(sin)] under sin; prior registration was null
2025-06-16 03:11:36 [main] DEBUG o.h.q.s.function.SqmFunctionRegistry - Registered SqmFunctionTemplate [NamedSqmFunctionTemplate(cos)] under cos; prior registration was null
2025-06-16 03:11:36 [main] DEBUG o.h.q.s.function.SqmFunctionRegistry - Registered SqmFunctionTemplate [NamedSqmFunctionTemplate(tan)] under tan; prior registration was null
2025-06-16 03:11:36 [main] DEBUG o.h.q.s.function.SqmFunctionRegistry - Registered SqmFunctionTemplate [NamedSqmFunctionTemplate(asin)] under asin; prior registration was null
2025-06-16 03:11:36 [main] DEBUG o.h.q.s.function.SqmFunctionRegistry - Registered SqmFunctionTemplate [NamedSqmFunctionTemplate(acos)] under acos; prior registration was null
2025-06-16 03:11:36 [main] DEBUG o.h.q.s.function.SqmFunctionRegistry - Registered SqmFunctionTemplate [NamedSqmFunctionTemplate(atan)] under atan; prior registration was null
2025-06-16 03:11:36 [main] DEBUG o.h.q.s.function.SqmFunctionRegistry - Registered SqmFunctionTemplate [NamedSqmFunctionTemplate(atan2)] under atan2; prior registration was null
2025-06-16 03:11:36 [main] DEBUG o.h.q.s.function.SqmFunctionRegistry - Registered SqmFunctionTemplate [org.hibernate.query.sqm.function.PatternBasedSqmFunctionDescriptor@51dbed72] under sinh; prior registration was null
2025-06-16 03:11:36 [main] DEBUG o.h.q.s.function.SqmFunctionRegistry - Registered SqmFunctionTemplate [org.hibernate.query.sqm.function.PatternBasedSqmFunctionDescriptor@64e89bb2] under cosh; prior registration was null
2025-06-16 03:11:36 [main] DEBUG o.h.q.s.function.SqmFunctionRegistry - Registered SqmFunctionTemplate [org.hibernate.query.sqm.function.PatternBasedSqmFunctionDescriptor@15fe020d] under tanh; prior registration was null
2025-06-16 03:11:36 [main] DEBUG o.h.q.s.function.SqmFunctionRegistry - Registered SqmFunctionTemplate [org.hibernate.query.sqm.function.PatternBasedSqmFunctionDescriptor@10830d50] under pi; prior registration was null
2025-06-16 03:11:36 [main] DEBUG o.h.q.s.function.SqmFunctionRegistry - Registered SqmFunctionTemplate [org.hibernate.query.sqm.function.PatternBasedSqmFunctionDescriptor@1e3dc24f] under log; prior registration was null
2025-06-16 03:11:36 [main] DEBUG o.h.q.s.function.SqmFunctionRegistry - Registered SqmFunctionTemplate [NamedSqmFunctionTemplate(coalesce)] under coalesce; prior registration was null
2025-06-16 03:11:36 [main] DEBUG o.h.q.s.function.SqmFunctionRegistry - Registered SqmFunctionTemplate [NamedSqmFunctionTemplate(nullif)] under nullif; prior registration was null
2025-06-16 03:11:36 [main] DEBUG o.h.q.s.function.SqmFunctionRegistry - Registered SqmFunctionTemplate [NamedSqmFunctionTemplate(left)] under left; prior registration was null
2025-06-16 03:11:36 [main] DEBUG o.h.q.s.function.SqmFunctionRegistry - Registered SqmFunctionTemplate [NamedSqmFunctionTemplate(right)] under right; prior registration was null
2025-06-16 03:11:36 [main] DEBUG o.h.q.s.function.SqmFunctionRegistry - Registered SqmFunctionTemplate [NamedSqmFunctionTemplate(replace)] under replace; prior registration was null
2025-06-16 03:11:36 [main] DEBUG o.h.q.s.function.SqmFunctionRegistry - Registered SqmFunctionTemplate [NamedSqmFunctionTemplate(concat)] under concat; prior registration was null
2025-06-16 03:11:36 [main] DEBUG o.h.q.s.function.SqmFunctionRegistry - Registered SqmFunctionTemplate [NamedSqmFunctionTemplate(lower)] under lower; prior registration was null
2025-06-16 03:11:36 [main] DEBUG o.h.q.s.function.SqmFunctionRegistry - Registered SqmFunctionTemplate [NamedSqmFunctionTemplate(upper)] under upper; prior registration was null
2025-06-16 03:11:36 [main] DEBUG o.h.q.s.function.SqmFunctionRegistry - Registered SqmFunctionTemplate [NamedSqmFunctionTemplate(substring)] under substring; prior registration was null
2025-06-16 03:11:36 [main] DEBUG o.h.q.s.function.SqmFunctionRegistry - Registered SqmFunctionTemplate [NamedSqmFunctionTemplate(locate)] under locate; prior registration was null
2025-06-16 03:11:36 [main] DEBUG o.h.q.s.function.SqmFunctionRegistry - Registered SqmFunctionTemplate [NamedSqmFunctionTemplate(character_length)] under character_length; prior registration was null
2025-06-16 03:11:36 [main] DEBUG o.h.q.s.function.SqmFunctionRegistry - Registering alternate key : length -> character_length
2025-06-16 03:11:36 [main] DEBUG o.h.q.s.function.SqmFunctionRegistry - Registered SqmFunctionTemplate [org.hibernate.dialect.function.LocatePositionEmulation@6ba226cd] under position; prior registration was null
2025-06-16 03:11:36 [main] DEBUG o.h.q.s.function.SqmFunctionRegistry - Registered SqmFunctionTemplate [org.hibernate.dialect.function.InsertSubstringOverlayEmulation@19fc0ef7] under overlay; prior registration was null
2025-06-16 03:11:36 [main] DEBUG o.h.q.s.function.SqmFunctionRegistry - Registered SqmFunctionTemplate [org.hibernate.dialect.function.TrimFunction@6f0ae0ee] under trim; prior registration was null
2025-06-16 03:11:36 [main] DEBUG o.h.q.s.function.SqmFunctionRegistry - Registered SqmFunctionTemplate [org.hibernate.dialect.function.CastFunction@247dcbba] under cast; prior registration was null
2025-06-16 03:11:36 [main] DEBUG o.h.q.s.function.SqmFunctionRegistry - Registered SqmFunctionTemplate [org.hibernate.query.sqm.function.PatternBasedSqmFunctionDescriptor@535be281] under collate; prior registration was null
2025-06-16 03:11:36 [main] DEBUG o.h.q.s.function.SqmFunctionRegistry - Registered SqmFunctionTemplate [org.hibernate.dialect.function.ExtractFunction@18c60d81] under extract; prior registration was null
2025-06-16 03:11:36 [main] DEBUG o.h.q.s.function.SqmFunctionRegistry - Registered SqmFunctionTemplate [NamedSqmFunctionTemplate(least)] under least; prior registration was null
2025-06-16 03:11:36 [main] DEBUG o.h.q.s.function.SqmFunctionRegistry - Registered SqmFunctionTemplate [NamedSqmFunctionTemplate(greatest)] under greatest; prior registration was null
2025-06-16 03:11:36 [main] DEBUG o.h.q.s.function.SqmFunctionRegistry - Registered SqmFunctionTemplate [org.hibernate.dialect.function.CoalesceIfnullEmulation@535a6697] under ifnull; prior registration was null
2025-06-16 03:11:36 [main] DEBUG o.h.q.s.function.SqmFunctionRegistry - Registered SqmFunctionTemplate [NamedSqmFunctionTemplate(lpad)] under lpad; prior registration was null
2025-06-16 03:11:36 [main] DEBUG o.h.q.s.function.SqmFunctionRegistry - Registered SqmFunctionTemplate [NamedSqmFunctionTemplate(rpad)] under rpad; prior registration was null
2025-06-16 03:11:36 [main] DEBUG o.h.q.s.function.SqmFunctionRegistry - Registered SqmFunctionTemplate [org.hibernate.dialect.function.LpadRpadPadEmulation@2078bf0a] under pad; prior registration was null
2025-06-16 03:11:36 [main] DEBUG o.h.q.s.function.SqmFunctionRegistry - Registered SqmFunctionTemplate [org.hibernate.dialect.function.CastStrEmulation@75dbe490] under str; prior registration was null
2025-06-16 03:11:36 [main] DEBUG o.h.q.s.function.SqmFunctionRegistry - Registered SqmFunctionTemplate [org.hibernate.dialect.function.FormatFunction@7f94541b] under format; prior registration was null
2025-06-16 03:11:36 [main] DEBUG o.h.q.s.function.SqmFunctionRegistry - Registered SqmFunctionTemplate [org.hibernate.dialect.function.TimestampaddFunction@32cec678] under timestampadd; prior registration was null
2025-06-16 03:11:36 [main] DEBUG o.h.q.s.function.SqmFunctionRegistry - Registered SqmFunctionTemplate [org.hibernate.dialect.function.TimestampdiffFunction@40277077] under timestampdiff; prior registration was null
2025-06-16 03:11:36 [main] DEBUG o.h.q.s.function.SqmFunctionRegistry - Registering alternate key : dateadd -> timestampadd
2025-06-16 03:11:36 [main] DEBUG o.h.q.s.function.SqmFunctionRegistry - Registering alternate key : datediff -> timestampdiff
2025-06-16 03:11:36 [main] DEBUG o.h.q.s.function.SqmFunctionRegistry - Registered SqmFunctionTemplate [org.hibernate.dialect.function.CurrentFunction@446cc036] under current_date; prior registration was null
2025-06-16 03:11:36 [main] DEBUG o.h.q.s.function.SqmFunctionRegistry - Registered SqmFunctionTemplate [org.hibernate.dialect.function.CurrentFunction@33b2ba25] under current_time; prior registration was null
2025-06-16 03:11:36 [main] DEBUG o.h.q.s.function.SqmFunctionRegistry - Registered SqmFunctionTemplate [org.hibernate.dialect.function.CurrentFunction@6ad198c9] under current_timestamp; prior registration was null
2025-06-16 03:11:36 [main] DEBUG o.h.q.s.function.SqmFunctionRegistry - Registering alternate key : current date -> current_date
2025-06-16 03:11:36 [main] DEBUG o.h.q.s.function.SqmFunctionRegistry - Registering alternate key : current time -> current_time
2025-06-16 03:11:36 [main] DEBUG o.h.q.s.function.SqmFunctionRegistry - Registering alternate key : current timestamp -> current_timestamp
2025-06-16 03:11:36 [main] DEBUG o.h.q.s.function.SqmFunctionRegistry - Registered SqmFunctionTemplate [org.hibernate.dialect.function.CurrentFunction@481bae3f] under local_date; prior registration was null
2025-06-16 03:11:36 [main] DEBUG o.h.q.s.function.SqmFunctionRegistry - Registered SqmFunctionTemplate [org.hibernate.dialect.function.CurrentFunction@6a54aa7a] under local_time; prior registration was null
2025-06-16 03:11:36 [main] DEBUG o.h.q.s.function.SqmFunctionRegistry - Registered SqmFunctionTemplate [org.hibernate.dialect.function.CurrentFunction@4c114687] under local_datetime; prior registration was null
2025-06-16 03:11:36 [main] DEBUG o.h.q.s.function.SqmFunctionRegistry - Registered SqmFunctionTemplate [org.hibernate.dialect.function.CurrentFunction@2a60981c] under offset_datetime; prior registration was null
2025-06-16 03:11:36 [main] DEBUG o.h.q.s.function.SqmFunctionRegistry - Registering alternate key : local date -> local_date
2025-06-16 03:11:36 [main] DEBUG o.h.q.s.function.SqmFunctionRegistry - Registering alternate key : local time -> local_time
2025-06-16 03:11:36 [main] DEBUG o.h.q.s.function.SqmFunctionRegistry - Registering alternate key : local datetime -> local_datetime
2025-06-16 03:11:36 [main] DEBUG o.h.q.s.function.SqmFunctionRegistry - Registering alternate key : offset datetime -> offset_datetime
2025-06-16 03:11:36 [main] DEBUG o.h.q.s.function.SqmFunctionRegistry - Registered SqmFunctionTemplate [org.hibernate.dialect.function.CurrentFunction@3f1fb139] under instant; prior registration was null
2025-06-16 03:11:36 [main] DEBUG o.h.q.s.function.SqmFunctionRegistry - Registering alternate key : current_instant -> instant
2025-06-16 03:11:36 [main] DEBUG o.h.q.s.function.SqmFunctionRegistry - Registered SqmFunctionTemplate [org.hibernate.dialect.function.SqlFunction@5aeebccc] under sql; prior registration was null
2025-06-16 03:11:36 [main] DEBUG o.h.q.s.function.SqmFunctionRegistry - Registered SqmFunctionTemplate [NamedSqmFunctionTemplate(soundex)] under soundex; prior registration was null
2025-06-16 03:11:36 [main] DEBUG o.h.q.s.function.SqmFunctionRegistry - Registered SqmFunctionTemplate [NamedSqmFunctionTemplate(radians)] under radians; prior registration was null
2025-06-16 03:11:36 [main] DEBUG o.h.q.s.function.SqmFunctionRegistry - Registered SqmFunctionTemplate [NamedSqmFunctionTemplate(degrees)] under degrees; prior registration was null
2025-06-16 03:11:36 [main] DEBUG o.h.q.s.function.SqmFunctionRegistry - Registered SqmFunctionTemplate [NamedSqmFunctionTemplate(cot)] under cot; prior registration was null
2025-06-16 03:11:36 [main] DEBUG o.h.q.s.function.SqmFunctionRegistry - Registered SqmFunctionTemplate [NamedSqmFunctionTemplate(log)] under log; prior registration was org.hibernate.query.sqm.function.PatternBasedSqmFunctionDescriptor@1e3dc24f
2025-06-16 03:11:36 [main] DEBUG o.h.q.s.function.SqmFunctionRegistry - Registered SqmFunctionTemplate [NamedSqmFunctionTemplate(log2)] under log2; prior registration was null
2025-06-16 03:11:36 [main] DEBUG o.h.q.s.function.SqmFunctionRegistry - Registered SqmFunctionTemplate [NamedSqmFunctionTemplate(log10)] under log10; prior registration was null
2025-06-16 03:11:36 [main] DEBUG o.h.q.s.function.SqmFunctionRegistry - Registered SqmFunctionTemplate [NamedSqmFunctionTemplate(ltrim)] under ltrim; prior registration was null
2025-06-16 03:11:36 [main] DEBUG o.h.q.s.function.SqmFunctionRegistry - Registered SqmFunctionTemplate [NamedSqmFunctionTemplate(rtrim)] under rtrim; prior registration was null
2025-06-16 03:11:36 [main] DEBUG o.h.q.s.function.SqmFunctionRegistry - Registered SqmFunctionTemplate [NamedSqmFunctionTemplate(octet_length)] under octet_length; prior registration was null
2025-06-16 03:11:36 [main] DEBUG o.h.q.s.function.SqmFunctionRegistry - Registered SqmFunctionTemplate [NamedSqmFunctionTemplate(reverse)] under reverse; prior registration was null
2025-06-16 03:11:36 [main] DEBUG o.h.q.s.function.SqmFunctionRegistry - Registered SqmFunctionTemplate [NamedSqmFunctionTemplate(space)] under space; prior registration was null
2025-06-16 03:11:36 [main] DEBUG o.h.q.s.function.SqmFunctionRegistry - Registered SqmFunctionTemplate [NamedSqmFunctionTemplate(repeat)] under repeat; prior registration was null
2025-06-16 03:11:36 [main] DEBUG o.h.q.s.function.SqmFunctionRegistry - Registered SqmFunctionTemplate [org.hibernate.query.sqm.function.MultipatternSqmFunctionDescriptor@63ad5fe7] under lpad; prior registration was NamedSqmFunctionTemplate(lpad)
2025-06-16 03:11:36 [main] DEBUG o.h.q.s.function.SqmFunctionRegistry - Registered SqmFunctionTemplate [org.hibernate.query.sqm.function.MultipatternSqmFunctionDescriptor@3e73f5e7] under rpad; prior registration was NamedSqmFunctionTemplate(rpad)
2025-06-16 03:11:36 [main] DEBUG o.h.q.s.function.SqmFunctionRegistry - Registered SqmFunctionTemplate [NamedSqmFunctionTemplate(md5)] under md5; prior registration was null
2025-06-16 03:11:36 [main] DEBUG o.h.q.s.function.SqmFunctionRegistry - Registered SqmFunctionTemplate [NamedSqmFunctionTemplate(day)] under day; prior registration was null
2025-06-16 03:11:36 [main] DEBUG o.h.q.s.function.SqmFunctionRegistry - Registered SqmFunctionTemplate [NamedSqmFunctionTemplate(month)] under month; prior registration was null
2025-06-16 03:11:36 [main] DEBUG o.h.q.s.function.SqmFunctionRegistry - Registered SqmFunctionTemplate [NamedSqmFunctionTemplate(year)] under year; prior registration was null
2025-06-16 03:11:36 [main] DEBUG o.h.q.s.function.SqmFunctionRegistry - Registered SqmFunctionTemplate [NamedSqmFunctionTemplate(hour)] under hour; prior registration was null
2025-06-16 03:11:36 [main] DEBUG o.h.q.s.function.SqmFunctionRegistry - Registered SqmFunctionTemplate [NamedSqmFunctionTemplate(minute)] under minute; prior registration was null
2025-06-16 03:11:36 [main] DEBUG o.h.q.s.function.SqmFunctionRegistry - Registered SqmFunctionTemplate [NamedSqmFunctionTemplate(second)] under second; prior registration was null
2025-06-16 03:11:36 [main] DEBUG o.h.q.s.function.SqmFunctionRegistry - Registered SqmFunctionTemplate [NamedSqmFunctionTemplate(microsecond)] under microsecond; prior registration was null
2025-06-16 03:11:36 [main] DEBUG o.h.q.s.function.SqmFunctionRegistry - Registered SqmFunctionTemplate [NamedSqmFunctionTemplate(dayofweek)] under dayofweek; prior registration was null
2025-06-16 03:11:36 [main] DEBUG o.h.q.s.function.SqmFunctionRegistry - Registered SqmFunctionTemplate [NamedSqmFunctionTemplate(dayofmonth)] under dayofmonth; prior registration was null
2025-06-16 03:11:36 [main] DEBUG o.h.q.s.function.SqmFunctionRegistry - Registering alternate key : day -> dayofmonth
2025-06-16 03:11:36 [main] DEBUG o.h.q.s.function.SqmFunctionRegistry - Registered SqmFunctionTemplate [NamedSqmFunctionTemplate(dayofyear)] under dayofyear; prior registration was null
2025-06-16 03:11:36 [main] DEBUG o.h.q.s.function.SqmFunctionRegistry - Registered SqmFunctionTemplate [NamedSqmFunctionTemplate(week)] under week; prior registration was null
2025-06-16 03:11:36 [main] DEBUG o.h.q.s.function.SqmFunctionRegistry - Registered SqmFunctionTemplate [NamedSqmFunctionTemplate(quarter)] under quarter; prior registration was null
2025-06-16 03:11:36 [main] DEBUG o.h.q.s.function.SqmFunctionRegistry - Registered SqmFunctionTemplate [NamedSqmFunctionTemplate(monthname)] under monthname; prior registration was null
2025-06-16 03:11:36 [main] DEBUG o.h.q.s.function.SqmFunctionRegistry - Registered SqmFunctionTemplate [NamedSqmFunctionTemplate(dayname)] under dayname; prior registration was null
2025-06-16 03:11:36 [main] DEBUG o.h.q.s.function.SqmFunctionRegistry - Registered SqmFunctionTemplate [NamedSqmFunctionTemplate(last_day)] under last_day; prior registration was null
2025-06-16 03:11:36 [main] DEBUG o.h.q.s.function.SqmFunctionRegistry - Registered SqmFunctionTemplate [NamedSqmFunctionTemplate(date)] under date; prior registration was null
2025-06-16 03:11:36 [main] DEBUG o.h.q.s.function.SqmFunctionRegistry - Registered SqmFunctionTemplate [NamedSqmFunctionTemplate(timestamp)] under timestamp; prior registration was null
2025-06-16 03:11:36 [main] DEBUG o.h.q.s.function.SqmFunctionRegistry - Registered SqmFunctionTemplate [NamedSqmFunctionTemplate(time)] under time; prior registration was null
2025-06-16 03:11:36 [main] DEBUG o.h.q.s.function.SqmFunctionRegistry - Registered SqmFunctionTemplate [NamedSqmFunctionTemplate(utc_date)] under utc_date; prior registration was null
2025-06-16 03:11:36 [main] DEBUG o.h.q.s.function.SqmFunctionRegistry - Registered SqmFunctionTemplate [NamedSqmFunctionTemplate(utc_time)] under utc_time; prior registration was null
2025-06-16 03:11:36 [main] DEBUG o.h.q.s.function.SqmFunctionRegistry - Registered SqmFunctionTemplate [NamedSqmFunctionTemplate(utc_timestamp)] under utc_timestamp; prior registration was null
2025-06-16 03:11:36 [main] DEBUG o.h.q.s.function.SqmFunctionRegistry - Registered SqmFunctionTemplate [NamedSqmFunctionTemplate(rand)] under rand; prior registration was null
2025-06-16 03:11:36 [main] DEBUG o.h.q.s.function.SqmFunctionRegistry - Registered SqmFunctionTemplate [NamedSqmFunctionTemplate(crc32)] under crc32; prior registration was null
2025-06-16 03:11:36 [main] DEBUG o.h.q.s.function.SqmFunctionRegistry - Registered SqmFunctionTemplate [NamedSqmFunctionTemplate(sha1)] under sha1; prior registration was null
2025-06-16 03:11:36 [main] DEBUG o.h.q.s.function.SqmFunctionRegistry - Registered SqmFunctionTemplate [NamedSqmFunctionTemplate(sha2)] under sha2; prior registration was null
2025-06-16 03:11:36 [main] DEBUG o.h.q.s.function.SqmFunctionRegistry - Registered SqmFunctionTemplate [NamedSqmFunctionTemplate(sha)] under sha; prior registration was null
2025-06-16 03:11:36 [main] DEBUG o.h.q.s.function.SqmFunctionRegistry - Registered SqmFunctionTemplate [NamedSqmFunctionTemplate(bit_length)] under bit_length; prior registration was null
2025-06-16 03:11:36 [main] DEBUG o.h.q.s.function.SqmFunctionRegistry - Registered SqmFunctionTemplate [NamedSqmFunctionTemplate(octet_length)] under octet_length; prior registration was NamedSqmFunctionTemplate(octet_length)
2025-06-16 03:11:36 [main] DEBUG o.h.q.s.function.SqmFunctionRegistry - Registered SqmFunctionTemplate [NamedSqmFunctionTemplate(ascii)] under ascii; prior registration was null
2025-06-16 03:11:36 [main] DEBUG o.h.q.s.function.SqmFunctionRegistry - Registered SqmFunctionTemplate [NamedSqmFunctionTemplate(instr)] under instr; prior registration was null
2025-06-16 03:11:36 [main] DEBUG o.h.q.s.function.SqmFunctionRegistry - Registered SqmFunctionTemplate [NamedSqmFunctionTemplate(substr)] under substr; prior registration was null
2025-06-16 03:11:36 [main] DEBUG o.h.q.s.function.SqmFunctionRegistry - Registered SqmFunctionTemplate [org.hibernate.query.sqm.function.PatternBasedSqmFunctionDescriptor@495bc9e7] under position; prior registration was org.hibernate.dialect.function.LocatePositionEmulation@6ba226cd
2025-06-16 03:11:36 [main] DEBUG o.h.q.s.function.SqmFunctionRegistry - Registered SqmFunctionTemplate [NamedSqmFunctionTemplate(curtime)] under curtime; prior registration was null
2025-06-16 03:11:36 [main] DEBUG o.h.q.s.function.SqmFunctionRegistry - Registered SqmFunctionTemplate [NamedSqmFunctionTemplate(curdate)] under curdate; prior registration was null
2025-06-16 03:11:36 [main] DEBUG o.h.q.s.function.SqmFunctionRegistry - Registered SqmFunctionTemplate [NamedSqmFunctionTemplate(now)] under now; prior registration was null
2025-06-16 03:11:36 [main] DEBUG o.h.q.s.function.SqmFunctionRegistry - Registered SqmFunctionTemplate [org.hibernate.dialect.function.TruncFunction@178c6261] under trunc; prior registration was null
2025-06-16 03:11:36 [main] DEBUG o.h.q.s.function.SqmFunctionRegistry - Registering alternate key : truncate -> trunc
2025-06-16 03:11:36 [main] DEBUG o.h.q.s.function.SqmFunctionRegistry - Registered SqmFunctionTemplate [NamedSqmFunctionTemplate(insert)] under insert; prior registration was null
2025-06-16 03:11:36 [main] DEBUG o.h.q.s.function.SqmFunctionRegistry - Registered SqmFunctionTemplate [org.hibernate.query.sqm.function.PatternBasedSqmFunctionDescriptor@78e50fca] under bitand; prior registration was null
2025-06-16 03:11:36 [main] DEBUG o.h.q.s.function.SqmFunctionRegistry - Registered SqmFunctionTemplate [org.hibernate.query.sqm.function.PatternBasedSqmFunctionDescriptor@2555a986] under bitor; prior registration was null
2025-06-16 03:11:36 [main] DEBUG o.h.q.s.function.SqmFunctionRegistry - Registered SqmFunctionTemplate [org.hibernate.query.sqm.function.PatternBasedSqmFunctionDescriptor@76c587ce] under bitxor; prior registration was null
2025-06-16 03:11:36 [main] DEBUG o.h.q.s.function.SqmFunctionRegistry - Registered SqmFunctionTemplate [org.hibernate.query.sqm.function.PatternBasedSqmFunctionDescriptor@2ae7c1d] under bitnot; prior registration was null
2025-06-16 03:11:36 [main] DEBUG o.h.q.s.function.SqmFunctionRegistry - Registered SqmFunctionTemplate [NamedSqmFunctionTemplate(bit_and)] under bit_and; prior registration was null
2025-06-16 03:11:36 [main] DEBUG o.h.q.s.function.SqmFunctionRegistry - Registered SqmFunctionTemplate [NamedSqmFunctionTemplate(bit_or)] under bit_or; prior registration was null
2025-06-16 03:11:36 [main] DEBUG o.h.q.s.function.SqmFunctionRegistry - Registered SqmFunctionTemplate [NamedSqmFunctionTemplate(stddev)] under stddev; prior registration was null
2025-06-16 03:11:36 [main] DEBUG o.h.q.s.function.SqmFunctionRegistry - Registered SqmFunctionTemplate [NamedSqmFunctionTemplate(stddev_pop)] under stddev_pop; prior registration was null
2025-06-16 03:11:36 [main] DEBUG o.h.q.s.function.SqmFunctionRegistry - Registered SqmFunctionTemplate [NamedSqmFunctionTemplate(stddev_samp)] under stddev_samp; prior registration was null
2025-06-16 03:11:36 [main] DEBUG o.h.q.s.function.SqmFunctionRegistry - Registered SqmFunctionTemplate [NamedSqmFunctionTemplate(variance)] under variance; prior registration was null
2025-06-16 03:11:36 [main] DEBUG o.h.q.s.function.SqmFunctionRegistry - Registered SqmFunctionTemplate [NamedSqmFunctionTemplate(var_pop)] under var_pop; prior registration was null
2025-06-16 03:11:36 [main] DEBUG o.h.q.s.function.SqmFunctionRegistry - Registered SqmFunctionTemplate [NamedSqmFunctionTemplate(var_samp)] under var_samp; prior registration was null
2025-06-16 03:11:36 [main] DEBUG o.h.q.s.function.SqmFunctionRegistry - Registered SqmFunctionTemplate [NamedSqmFunctionTemplate(datediff)] under datediff; prior registration was null
2025-06-16 03:11:36 [main] DEBUG o.h.q.s.function.SqmFunctionRegistry - Registered SqmFunctionTemplate [NamedSqmFunctionTemplate(adddate)] under adddate; prior registration was null
2025-06-16 03:11:36 [main] DEBUG o.h.q.s.function.SqmFunctionRegistry - Registered SqmFunctionTemplate [NamedSqmFunctionTemplate(subdate)] under subdate; prior registration was null
2025-06-16 03:11:36 [main] DEBUG o.h.q.s.function.SqmFunctionRegistry - Registered SqmFunctionTemplate [NamedSqmFunctionTemplate(addtime)] under addtime; prior registration was null
2025-06-16 03:11:36 [main] DEBUG o.h.q.s.function.SqmFunctionRegistry - Registered SqmFunctionTemplate [NamedSqmFunctionTemplate(subtime)] under subtime; prior registration was null
2025-06-16 03:11:36 [main] DEBUG o.h.q.s.function.SqmFunctionRegistry - Registered SqmFunctionTemplate [org.hibernate.dialect.function.FormatFunction@5265a8dd] under format; prior registration was org.hibernate.dialect.function.FormatFunction@7f94541b
2025-06-16 03:11:36 [main] DEBUG o.h.q.s.function.SqmFunctionRegistry - Registered SqmFunctionTemplate [NamedSqmFunctionTemplate(makedate)] under makedate; prior registration was null
2025-06-16 03:11:36 [main] DEBUG o.h.q.s.function.SqmFunctionRegistry - Registered SqmFunctionTemplate [NamedSqmFunctionTemplate(maketime)] under maketime; prior registration was null
2025-06-16 03:11:36 [main] DEBUG o.h.q.s.function.SqmFunctionRegistry - Registered SqmFunctionTemplate [NamedSqmFunctionTemplate(localtime)] under localtime; prior registration was null
2025-06-16 03:11:36 [main] DEBUG o.h.q.s.function.SqmFunctionRegistry - Registered SqmFunctionTemplate [NamedSqmFunctionTemplate(localtimestamp)] under localtimestamp; prior registration was null
2025-06-16 03:11:36 [main] DEBUG o.h.q.s.function.SqmFunctionRegistry - Registered SqmFunctionTemplate [NamedSqmFunctionTemplate(localtime)] under local_time; prior registration was org.hibernate.dialect.function.CurrentFunction@6a54aa7a
2025-06-16 03:11:36 [main] DEBUG o.h.q.s.function.SqmFunctionRegistry - Registered SqmFunctionTemplate [NamedSqmFunctionTemplate(localtimestamp)] under local_datetime; prior registration was org.hibernate.dialect.function.CurrentFunction@4c114687
2025-06-16 03:11:36 [main] DEBUG o.h.q.s.function.SqmFunctionRegistry - Registered SqmFunctionTemplate [NamedSqmFunctionTemplate(localtime)] under localtime; prior registration was NamedSqmFunctionTemplate(localtime)
2025-06-16 03:11:36 [main] DEBUG o.h.q.s.function.SqmFunctionRegistry - Registered SqmFunctionTemplate [org.hibernate.query.sqm.function.PatternBasedSqmFunctionDescriptor@5af4328e] under pi; prior registration was org.hibernate.query.sqm.function.PatternBasedSqmFunctionDescriptor@10830d50
2025-06-16 03:11:36 [main] DEBUG o.h.q.s.function.SqmFunctionRegistry - Registered SqmFunctionTemplate [org.hibernate.query.sqm.function.PatternBasedSqmFunctionDescriptor@5535e9] under chr; prior registration was null
2025-06-16 03:11:36 [main] DEBUG o.h.q.s.function.SqmFunctionRegistry - Registering alternate key : char -> chr
2025-06-16 03:11:36 [main] DEBUG o.h.q.s.function.SqmFunctionRegistry - Registered SqmFunctionTemplate [org.hibernate.query.sqm.function.PatternBasedSqmFunctionDescriptor@71eaef6a] under sysdate; prior registration was null
2025-06-16 03:11:36 [main] DEBUG o.h.q.s.function.SqmFunctionRegistry - Registered SqmFunctionTemplate [org.hibernate.dialect.function.ListaggGroupConcatEmulation@7ac90dab] under listagg; prior registration was null
2025-06-16 03:11:36 [main] DEBUG org.hibernate.HQL_FUNCTIONS - abs(NUMERIC arg)
2025-06-16 03:11:36 [main] DEBUG org.hibernate.HQL_FUNCTIONS - Double acos(NUMERIC arg)
2025-06-16 03:11:36 [main] DEBUG org.hibernate.HQL_FUNCTIONS - adddate(DATE datetime, INTEGER days)
2025-06-16 03:11:36 [main] DEBUG org.hibernate.HQL_FUNCTIONS - addtime(TIME datetime, TIME time)
2025-06-16 03:11:36 [main] DEBUG org.hibernate.HQL_FUNCTIONS - Boolean any(BOOLEAN arg)
2025-06-16 03:11:36 [main] DEBUG org.hibernate.HQL_FUNCTIONS - Integer ascii(STRING arg)
2025-06-16 03:11:36 [main] DEBUG org.hibernate.HQL_FUNCTIONS - Double asin(NUMERIC arg)
2025-06-16 03:11:36 [main] DEBUG org.hibernate.HQL_FUNCTIONS - Double atan(NUMERIC arg)
2025-06-16 03:11:36 [main] DEBUG org.hibernate.HQL_FUNCTIONS - Double atan2(NUMERIC arg0, NUMERIC arg1)
2025-06-16 03:11:36 [main] DEBUG org.hibernate.HQL_FUNCTIONS - avg(arg)
2025-06-16 03:11:36 [main] DEBUG org.hibernate.HQL_FUNCTIONS - bit_and(arg)
2025-06-16 03:11:36 [main] DEBUG org.hibernate.HQL_FUNCTIONS - Integer bit_length(STRING_OR_CLOB arg)
2025-06-16 03:11:36 [main] DEBUG org.hibernate.HQL_FUNCTIONS - bit_or(arg)
2025-06-16 03:11:36 [main] DEBUG org.hibernate.HQL_FUNCTIONS - bitand(arg0, arg1)
2025-06-16 03:11:36 [main] DEBUG org.hibernate.HQL_FUNCTIONS - bitnot(arg)
2025-06-16 03:11:36 [main] DEBUG org.hibernate.HQL_FUNCTIONS - bitor(arg0, arg1)
2025-06-16 03:11:36 [main] DEBUG org.hibernate.HQL_FUNCTIONS - bitxor(arg0, arg1)
2025-06-16 03:11:36 [main] DEBUG org.hibernate.HQL_FUNCTIONS - cast(arg as Type)
2025-06-16 03:11:36 [main] DEBUG org.hibernate.HQL_FUNCTIONS - ceiling(NUMERIC arg)
2025-06-16 03:11:36 [main] DEBUG org.hibernate.HQL_FUNCTIONS - Character char(INTEGER arg)
2025-06-16 03:11:36 [main] DEBUG org.hibernate.HQL_FUNCTIONS - Integer character_length(STRING_OR_CLOB arg)
2025-06-16 03:11:36 [main] DEBUG org.hibernate.HQL_FUNCTIONS - Character chr(INTEGER arg)
2025-06-16 03:11:36 [main] DEBUG org.hibernate.HQL_FUNCTIONS - coalesce(arg0[, arg1[, ...]])
2025-06-16 03:11:36 [main] DEBUG org.hibernate.HQL_FUNCTIONS - String collate(STRING string as COLLATION collation)
2025-06-16 03:11:36 [main] DEBUG org.hibernate.HQL_FUNCTIONS - String concat(STRING string0[, STRING string1[, ...]])
2025-06-16 03:11:36 [main] DEBUG org.hibernate.HQL_FUNCTIONS - Double cos(NUMERIC arg)
2025-06-16 03:11:36 [main] DEBUG org.hibernate.HQL_FUNCTIONS - Double cosh(NUMERIC arg)
2025-06-16 03:11:36 [main] DEBUG org.hibernate.HQL_FUNCTIONS - Double cot(NUMERIC arg)
2025-06-16 03:11:36 [main] DEBUG org.hibernate.HQL_FUNCTIONS - Long count([distinct ]{arg|*})
2025-06-16 03:11:36 [main] DEBUG org.hibernate.HQL_FUNCTIONS - Integer crc32(arg)
2025-06-16 03:11:36 [main] DEBUG org.hibernate.HQL_FUNCTIONS - Date curdate()
2025-06-16 03:11:36 [main] DEBUG org.hibernate.HQL_FUNCTIONS - Date current date
2025-06-16 03:11:36 [main] DEBUG org.hibernate.HQL_FUNCTIONS - Time current time
2025-06-16 03:11:36 [main] DEBUG org.hibernate.HQL_FUNCTIONS - Timestamp current timestamp
2025-06-16 03:11:36 [main] DEBUG org.hibernate.HQL_FUNCTIONS - Date current_date
2025-06-16 03:11:36 [main] DEBUG org.hibernate.HQL_FUNCTIONS - Instant current_instant
2025-06-16 03:11:36 [main] DEBUG org.hibernate.HQL_FUNCTIONS - Time current_time
2025-06-16 03:11:36 [main] DEBUG org.hibernate.HQL_FUNCTIONS - Timestamp current_timestamp
2025-06-16 03:11:36 [main] DEBUG org.hibernate.HQL_FUNCTIONS - Time curtime()
2025-06-16 03:11:36 [main] DEBUG org.hibernate.HQL_FUNCTIONS - Date date(arg)
2025-06-16 03:11:36 [main] DEBUG org.hibernate.HQL_FUNCTIONS - dateadd(TEMPORAL_UNIT field, INTEGER magnitude, TEMPORAL datetime)
2025-06-16 03:11:36 [main] DEBUG org.hibernate.HQL_FUNCTIONS - Integer datediff(DATE end, DATE start)
2025-06-16 03:11:36 [main] DEBUG org.hibernate.HQL_FUNCTIONS - Integer day(DATE arg)
2025-06-16 03:11:36 [main] DEBUG org.hibernate.HQL_FUNCTIONS - String dayname(DATE arg)
2025-06-16 03:11:36 [main] DEBUG org.hibernate.HQL_FUNCTIONS - Integer dayofmonth(DATE arg)
2025-06-16 03:11:36 [main] DEBUG org.hibernate.HQL_FUNCTIONS - Integer dayofweek(DATE arg)
2025-06-16 03:11:36 [main] DEBUG org.hibernate.HQL_FUNCTIONS - Integer dayofyear(DATE arg)
2025-06-16 03:11:36 [main] DEBUG org.hibernate.HQL_FUNCTIONS - Double degrees(NUMERIC arg)
2025-06-16 03:11:36 [main] DEBUG org.hibernate.HQL_FUNCTIONS - Boolean every(BOOLEAN arg)
2025-06-16 03:11:36 [main] DEBUG org.hibernate.HQL_FUNCTIONS - Double exp(NUMERIC arg)
2025-06-16 03:11:36 [main] DEBUG org.hibernate.HQL_FUNCTIONS - extract(TEMPORAL_UNIT field from TEMPORAL arg)
2025-06-16 03:11:36 [main] DEBUG org.hibernate.HQL_FUNCTIONS - floor(NUMERIC arg)
2025-06-16 03:11:36 [main] DEBUG org.hibernate.HQL_FUNCTIONS - String format(TEMPORAL datetime as STRING pattern)
2025-06-16 03:11:36 [main] DEBUG org.hibernate.HQL_FUNCTIONS - greatest(COMPARABLE arg0, COMPARABLE arg1[, arg2[, ...]])
2025-06-16 03:11:36 [main] DEBUG org.hibernate.HQL_FUNCTIONS - Integer hour(TIME arg)
2025-06-16 03:11:36 [main] DEBUG org.hibernate.HQL_FUNCTIONS - ifnull(arg0, arg1)
2025-06-16 03:11:36 [main] DEBUG org.hibernate.HQL_FUNCTIONS - String insert(STRING string, INTEGER start, INTEGER length, STRING replacement)
2025-06-16 03:11:36 [main] DEBUG org.hibernate.HQL_FUNCTIONS - Instant instant
2025-06-16 03:11:36 [main] DEBUG org.hibernate.HQL_FUNCTIONS - Integer instr(STRING string, STRING pattern[, INTEGER start[, INTEGER occurrence]])
2025-06-16 03:11:36 [main] DEBUG org.hibernate.HQL_FUNCTIONS - Date last_day(DATE arg)
2025-06-16 03:11:36 [main] DEBUG org.hibernate.HQL_FUNCTIONS - least(COMPARABLE arg0, COMPARABLE arg1[, arg2[, ...]])
2025-06-16 03:11:36 [main] DEBUG org.hibernate.HQL_FUNCTIONS - String left(STRING string, INTEGER length)
2025-06-16 03:11:36 [main] DEBUG org.hibernate.HQL_FUNCTIONS - Integer length(STRING_OR_CLOB arg)
2025-06-16 03:11:36 [main] DEBUG org.hibernate.HQL_FUNCTIONS - String listagg(STRING arg0, STRING arg1)
2025-06-16 03:11:36 [main] DEBUG org.hibernate.HQL_FUNCTIONS - Double ln(NUMERIC arg)
2025-06-16 03:11:36 [main] DEBUG org.hibernate.HQL_FUNCTIONS - LocalDate local date
2025-06-16 03:11:36 [main] DEBUG org.hibernate.HQL_FUNCTIONS - LocalDateTime local datetime
2025-06-16 03:11:36 [main] DEBUG org.hibernate.HQL_FUNCTIONS - LocalTime local time
2025-06-16 03:11:36 [main] DEBUG org.hibernate.HQL_FUNCTIONS - LocalDate local_date
2025-06-16 03:11:36 [main] DEBUG org.hibernate.HQL_FUNCTIONS - LocalDateTime local_datetime
2025-06-16 03:11:36 [main] DEBUG org.hibernate.HQL_FUNCTIONS - LocalTime local_time
2025-06-16 03:11:36 [main] DEBUG org.hibernate.HQL_FUNCTIONS - Timestamp localtime
2025-06-16 03:11:36 [main] DEBUG org.hibernate.HQL_FUNCTIONS - Timestamp localtimestamp
2025-06-16 03:11:36 [main] DEBUG org.hibernate.HQL_FUNCTIONS - Integer locate(STRING pattern, STRING string[, INTEGER start])
2025-06-16 03:11:36 [main] DEBUG org.hibernate.HQL_FUNCTIONS - Double log(NUMERIC arg0[, NUMERIC arg1])
2025-06-16 03:11:36 [main] DEBUG org.hibernate.HQL_FUNCTIONS - Double log10(NUMERIC arg)
2025-06-16 03:11:36 [main] DEBUG org.hibernate.HQL_FUNCTIONS - Double log2(NUMERIC arg)
2025-06-16 03:11:36 [main] DEBUG org.hibernate.HQL_FUNCTIONS - String lower(STRING string)
2025-06-16 03:11:36 [main] DEBUG org.hibernate.HQL_FUNCTIONS - String lpad(string, length[, padding])
2025-06-16 03:11:36 [main] DEBUG org.hibernate.HQL_FUNCTIONS - String ltrim(STRING string[, STRING characters])
2025-06-16 03:11:36 [main] DEBUG org.hibernate.HQL_FUNCTIONS - Date makedate(INTEGER year, INTEGER dayofyear)
2025-06-16 03:11:36 [main] DEBUG org.hibernate.HQL_FUNCTIONS - Time maketime(INTEGER hour, INTEGER min, INTEGER sec)
2025-06-16 03:11:36 [main] DEBUG org.hibernate.HQL_FUNCTIONS - max(COMPARABLE arg)
2025-06-16 03:11:36 [main] DEBUG org.hibernate.HQL_FUNCTIONS - String md5(arg)
2025-06-16 03:11:36 [main] DEBUG org.hibernate.HQL_FUNCTIONS - Integer microsecond(TIME arg)
2025-06-16 03:11:36 [main] DEBUG org.hibernate.HQL_FUNCTIONS - min(COMPARABLE arg)
2025-06-16 03:11:36 [main] DEBUG org.hibernate.HQL_FUNCTIONS - Integer minute(TIME arg)
2025-06-16 03:11:36 [main] DEBUG org.hibernate.HQL_FUNCTIONS - Integer mod(INTEGER arg0, INTEGER arg1)
2025-06-16 03:11:36 [main] DEBUG org.hibernate.HQL_FUNCTIONS - Integer month(DATE arg)
2025-06-16 03:11:36 [main] DEBUG org.hibernate.HQL_FUNCTIONS - String monthname(DATE arg)
2025-06-16 03:11:36 [main] DEBUG org.hibernate.HQL_FUNCTIONS - Timestamp now()
2025-06-16 03:11:36 [main] DEBUG org.hibernate.HQL_FUNCTIONS - nullif(arg0, arg1)
2025-06-16 03:11:36 [main] DEBUG org.hibernate.HQL_FUNCTIONS - Integer octet_length(STRING_OR_CLOB arg)
2025-06-16 03:11:36 [main] DEBUG org.hibernate.HQL_FUNCTIONS - OffsetDateTime offset datetime
2025-06-16 03:11:36 [main] DEBUG org.hibernate.HQL_FUNCTIONS - OffsetDateTime offset_datetime
2025-06-16 03:11:36 [main] DEBUG org.hibernate.HQL_FUNCTIONS - String overlay(STRING string placing STRING replacement from INTEGER start[ for INTEGER length])
2025-06-16 03:11:36 [main] DEBUG org.hibernate.HQL_FUNCTIONS - String pad(STRING string with INTEGER length {leading|trailing}[ STRING character])
2025-06-16 03:11:36 [main] DEBUG org.hibernate.HQL_FUNCTIONS - Double pi
2025-06-16 03:11:36 [main] DEBUG org.hibernate.HQL_FUNCTIONS - Integer position(STRING pattern in STRING string)
2025-06-16 03:11:36 [main] DEBUG org.hibernate.HQL_FUNCTIONS - Double power(NUMERIC arg0, NUMERIC arg1)
2025-06-16 03:11:36 [main] DEBUG org.hibernate.HQL_FUNCTIONS - Integer quarter(DATE arg)
2025-06-16 03:11:36 [main] DEBUG org.hibernate.HQL_FUNCTIONS - Double radians(NUMERIC arg)
2025-06-16 03:11:36 [main] DEBUG org.hibernate.HQL_FUNCTIONS - Double rand([INTEGER seed])
2025-06-16 03:11:36 [main] DEBUG org.hibernate.HQL_FUNCTIONS - String repeat(STRING string, INTEGER times)
2025-06-16 03:11:36 [main] DEBUG org.hibernate.HQL_FUNCTIONS - String replace(STRING string, STRING pattern, STRING replacement)
2025-06-16 03:11:36 [main] DEBUG org.hibernate.HQL_FUNCTIONS - String reverse(STRING arg)
2025-06-16 03:11:36 [main] DEBUG org.hibernate.HQL_FUNCTIONS - String right(STRING string, INTEGER length)
2025-06-16 03:11:36 [main] DEBUG org.hibernate.HQL_FUNCTIONS - round(NUMERIC number[, INTEGER places])
2025-06-16 03:11:36 [main] DEBUG org.hibernate.HQL_FUNCTIONS - String rpad(string, length[, padding])
2025-06-16 03:11:36 [main] DEBUG org.hibernate.HQL_FUNCTIONS - String rtrim(STRING string[, STRING characters])
2025-06-16 03:11:36 [main] DEBUG org.hibernate.HQL_FUNCTIONS - Integer second(TIME arg)
2025-06-16 03:11:36 [main] DEBUG org.hibernate.HQL_FUNCTIONS - String sha(arg)
2025-06-16 03:11:36 [main] DEBUG org.hibernate.HQL_FUNCTIONS - String sha1(arg)
2025-06-16 03:11:36 [main] DEBUG org.hibernate.HQL_FUNCTIONS - String sha2(arg0, arg1)
2025-06-16 03:11:36 [main] DEBUG org.hibernate.HQL_FUNCTIONS - Integer sign(NUMERIC arg)
2025-06-16 03:11:36 [main] DEBUG org.hibernate.HQL_FUNCTIONS - Double sin(NUMERIC arg)
2025-06-16 03:11:36 [main] DEBUG org.hibernate.HQL_FUNCTIONS - Double sinh(NUMERIC arg)
2025-06-16 03:11:36 [main] DEBUG org.hibernate.HQL_FUNCTIONS - String soundex(arg)
2025-06-16 03:11:36 [main] DEBUG org.hibernate.HQL_FUNCTIONS - String space(INTEGER arg)
2025-06-16 03:11:36 [main] DEBUG org.hibernate.HQL_FUNCTIONS - Object sql
2025-06-16 03:11:36 [main] DEBUG org.hibernate.HQL_FUNCTIONS - Double sqrt(NUMERIC arg)
2025-06-16 03:11:36 [main] DEBUG org.hibernate.HQL_FUNCTIONS - Double stddev(NUMERIC arg)
2025-06-16 03:11:36 [main] DEBUG org.hibernate.HQL_FUNCTIONS - Double stddev_pop(NUMERIC arg)
2025-06-16 03:11:36 [main] DEBUG org.hibernate.HQL_FUNCTIONS - Double stddev_samp(NUMERIC arg)
2025-06-16 03:11:36 [main] DEBUG org.hibernate.HQL_FUNCTIONS - String str(arg)
2025-06-16 03:11:36 [main] DEBUG org.hibernate.HQL_FUNCTIONS - subdate(DATE datetime, INTEGER days)
2025-06-16 03:11:36 [main] DEBUG org.hibernate.HQL_FUNCTIONS - String substr(STRING string, INTEGER start[, INTEGER length])
2025-06-16 03:11:36 [main] DEBUG org.hibernate.HQL_FUNCTIONS - String substring(STRING string{ from|,} INTEGER start[{ for|,} INTEGER length])
2025-06-16 03:11:36 [main] DEBUG org.hibernate.HQL_FUNCTIONS - subtime(TIME datetime, TIME time)
2025-06-16 03:11:36 [main] DEBUG org.hibernate.HQL_FUNCTIONS - sum(arg)
2025-06-16 03:11:36 [main] DEBUG org.hibernate.HQL_FUNCTIONS - Timestamp sysdate()
2025-06-16 03:11:36 [main] DEBUG org.hibernate.HQL_FUNCTIONS - Double tan(NUMERIC arg)
2025-06-16 03:11:36 [main] DEBUG org.hibernate.HQL_FUNCTIONS - Double tanh(NUMERIC arg)
2025-06-16 03:11:36 [main] DEBUG org.hibernate.HQL_FUNCTIONS - String time(arg)
2025-06-16 03:11:36 [main] DEBUG org.hibernate.HQL_FUNCTIONS - Timestamp timestamp(arg0[, arg1])
2025-06-16 03:11:36 [main] DEBUG org.hibernate.HQL_FUNCTIONS - timestampadd(TEMPORAL_UNIT field, INTEGER magnitude, TEMPORAL datetime)
2025-06-16 03:11:36 [main] DEBUG org.hibernate.HQL_FUNCTIONS - Long|Double timestampdiff(TEMPORAL_UNIT field, TEMPORAL start, TEMPORAL end)
2025-06-16 03:11:36 [main] DEBUG org.hibernate.HQL_FUNCTIONS - String trim([[{leading|trailing|both} ][STRING arg0 ]from] STRING arg1)
2025-06-16 03:11:36 [main] DEBUG org.hibernate.HQL_FUNCTIONS - trunc( ... )
2025-06-16 03:11:36 [main] DEBUG org.hibernate.HQL_FUNCTIONS - truncate( ... )
2025-06-16 03:11:36 [main] DEBUG org.hibernate.HQL_FUNCTIONS - String upper(STRING string)
2025-06-16 03:11:36 [main] DEBUG org.hibernate.HQL_FUNCTIONS - Date utc_date
2025-06-16 03:11:36 [main] DEBUG org.hibernate.HQL_FUNCTIONS - Time utc_time
2025-06-16 03:11:36 [main] DEBUG org.hibernate.HQL_FUNCTIONS - Timestamp utc_timestamp
2025-06-16 03:11:36 [main] DEBUG org.hibernate.HQL_FUNCTIONS - Double var_pop(NUMERIC arg)
2025-06-16 03:11:36 [main] DEBUG org.hibernate.HQL_FUNCTIONS - Double var_samp(NUMERIC arg)
2025-06-16 03:11:36 [main] DEBUG org.hibernate.HQL_FUNCTIONS - Double variance(NUMERIC arg)
2025-06-16 03:11:36 [main] DEBUG org.hibernate.HQL_FUNCTIONS - Integer week(DATE arg)
2025-06-16 03:11:36 [main] DEBUG org.hibernate.HQL_FUNCTIONS - Integer year(DATE arg)
2025-06-16 03:11:36 [main] DEBUG org.hibernate.orm.query.plan.cache - Starting QueryInterpretationCache(2048)
2025-06-16 03:11:36 [main] DEBUG o.h.s.i.SessionFactoryServiceRegistryImpl - EventListenerRegistry access via ServiceRegistry is deprecated.  Use `sessionFactory.getEventEngine().getListenerRegistry()` instead
2025-06-16 03:11:36 [main] DEBUG o.h.e.i.EntityCopyObserverFactoryInitiator - Configured EntityCopyObserver strategy: disallow
2025-06-16 03:11:36 [main] DEBUG o.h.b.internal.ClassLoaderAccessImpl - Not known whether passed class name [com.example.demo.entity.User] is safe
2025-06-16 03:11:36 [main] DEBUG o.h.b.internal.ClassLoaderAccessImpl - No temp ClassLoader provided; using live ClassLoader for loading potentially unsafe class : com.example.demo.entity.User
2025-06-16 03:11:36 [main] DEBUG o.h.b.i.b.BytecodeProviderImpl - HHH000513: Unable to create the ReflectionOptimizer for [com.example.demo.entity.User]: private accessor [address]
2025-06-16 03:11:36 [main] DEBUG o.hibernate.ormbytecode.interceptor - To-one property `com.example.demo.entity.UserProfile#user` was mapped with LAZY + NO_PROXY but the class was not enhanced
2025-06-16 03:11:36 [main] DEBUG o.hibernate.ormbytecode.interceptor - To-one property `com.example.demo.entity.UserProfile#user` was mapped with LAZY + NO_PROXY but the class was not enhanced
2025-06-16 03:11:36 [main] DEBUG o.h.b.internal.ClassLoaderAccessImpl - Not known whether passed class name [com.example.demo.entity.UserProfile] is safe
2025-06-16 03:11:36 [main] DEBUG o.h.b.internal.ClassLoaderAccessImpl - No temp ClassLoader provided; using live ClassLoader for loading potentially unsafe class : com.example.demo.entity.UserProfile
2025-06-16 03:11:36 [main] DEBUG o.h.b.i.b.BytecodeProviderImpl - HHH000513: Unable to create the ReflectionOptimizer for [com.example.demo.entity.UserProfile]: private accessor [address]
2025-06-16 03:11:36 [main] DEBUG o.hibernate.ormbytecode.interceptor - To-one property `com.example.demo.entity.UserProfile#user` was mapped with LAZY + NO_PROXY but the class was not enhanced
2025-06-16 03:11:36 [main] DEBUG o.h.b.internal.ClassLoaderAccessImpl - Not known whether passed class name [com.example.demo.entity.Favorite] is safe
2025-06-16 03:11:36 [main] DEBUG o.h.b.internal.ClassLoaderAccessImpl - No temp ClassLoader provided; using live ClassLoader for loading potentially unsafe class : com.example.demo.entity.Favorite
2025-06-16 03:11:36 [main] DEBUG o.h.b.i.b.BytecodeProviderImpl - HHH000513: Unable to create the ReflectionOptimizer for [com.example.demo.entity.Favorite]: private accessor [jsonRaw]
2025-06-16 03:11:36 [main] DEBUG o.h.b.internal.ClassLoaderAccessImpl - Not known whether passed class name [com.example.demo.entity.GoogleRestaurant] is safe
2025-06-16 03:11:36 [main] DEBUG o.h.b.internal.ClassLoaderAccessImpl - No temp ClassLoader provided; using live ClassLoader for loading potentially unsafe class : com.example.demo.entity.GoogleRestaurant
2025-06-16 03:11:36 [main] DEBUG o.h.orm.model.mapping.creation - Starting post-init callbacks
2025-06-16 03:11:36 [main] DEBUG o.h.orm.model.mapping.creation - Starting PostInitCallbackEntry : Entity(com.example.demo.entity.User) `staticFetchableList` generator
2025-06-16 03:11:36 [main] DEBUG o.h.orm.model.mapping.creation - Starting PostInitCallbackEntry : To-one key - NavigableRole[com.example.demo.entity.UserProfile.user]
2025-06-16 03:11:36 [main] DEBUG o.h.orm.model.mapping.creation - Starting PostInitCallbackEntry : Entity(com.example.demo.entity.UserProfile) `staticFetchableList` generator
2025-06-16 03:11:36 [main] DEBUG o.h.orm.model.mapping.creation - Starting PostInitCallbackEntry : Entity(com.example.demo.entity.Favorite) `staticFetchableList` generator
2025-06-16 03:11:36 [main] DEBUG o.h.orm.model.mapping.creation - Starting PostInitCallbackEntry : Entity(com.example.demo.entity.GoogleRestaurant) `staticFetchableList` generator
2025-06-16 03:11:36 [main] DEBUG org.hibernate.orm.sql.ast.create - Created new SQL alias : u1_0
2025-06-16 03:11:36 [main] DEBUG org.hibernate.orm.sql.ast.create - Registration of TableGroup [StandardTableGroup(com.example.demo.entity.User)] with identifierForTableGroup [com.example.demo.entity.User] for NavigablePath [com.example.demo.entity.User] 
2025-06-16 03:11:36 [main] DEBUG org.hibernate.orm.results.graph.AST - DomainResult Graph:
 \-EntityResultImpl [com.example.demo.entity.User]
 |  +-BasicFetch [com.example.demo.entity.User.address]
 |  +-BasicFetch [com.example.demo.entity.User.avatarUrl]
 |  +-BasicFetch [com.example.demo.entity.User.createdAt]
 |  +-BasicFetch [com.example.demo.entity.User.email]
 |  +-BasicFetch [com.example.demo.entity.User.fullName]
 |  +-BasicFetch [com.example.demo.entity.User.passwordHash]
 |  +-BasicFetch [com.example.demo.entity.User.phoneNumber]
 |  +-BasicFetch [com.example.demo.entity.User.updatedAt]
 |  \-BasicFetch [com.example.demo.entity.User.username]

2025-06-16 03:11:36 [main] DEBUG org.hibernate.orm.sql.ast.tree - SQL AST Tree:
    SelectStatement {
      FromClause {
        StandardTableGroup (u1 : com.example.demo.entity.User) {
          primaryTableReference : users as u1_0
        }
      }
    }

2025-06-16 03:11:36 [main] DEBUG o.h.p.entity.AbstractEntityPersister - Static SQL for entity: com.example.demo.entity.User
2025-06-16 03:11:36 [main] DEBUG o.h.p.entity.AbstractEntityPersister -  Version select: select id from users where id=?
2025-06-16 03:11:36 [main] DEBUG o.h.p.entity.AbstractEntityPersister -  Insert (0): insert into users (address,avatar_url,created_at,email,full_name,password_hash,phone_number,updated_at,username) values (?,?,?,?,?,?,?,?,?)
2025-06-16 03:11:36 [main] DEBUG o.h.p.entity.AbstractEntityPersister -  Update (0): update users set address=?,avatar_url=?,email=?,full_name=?,password_hash=?,phone_number=?,updated_at=?,username=? where id=?
2025-06-16 03:11:36 [main] DEBUG o.h.p.entity.AbstractEntityPersister -  Delete (0): delete from users where id=?
2025-06-16 03:11:36 [main] DEBUG org.hibernate.orm.sql.ast.create - Created new SQL alias : up1_0
2025-06-16 03:11:36 [main] DEBUG org.hibernate.orm.sql.ast.create - Registration of TableGroup [StandardTableGroup(com.example.demo.entity.UserProfile)] with identifierForTableGroup [com.example.demo.entity.UserProfile] for NavigablePath [com.example.demo.entity.UserProfile] 
2025-06-16 03:11:36 [main] DEBUG org.hibernate.orm.sql.ast.create - Registration of TableGroup [org.hibernate.sql.ast.tree.from.LazyTableGroup@13e5b262] with identifierForTableGroup [com.example.demo.entity.UserProfile.user] for NavigablePath [com.example.demo.entity.UserProfile.user] 
2025-06-16 03:11:36 [main] DEBUG org.hibernate.orm.sql.ast.create - Created new SQL alias : u1_0
2025-06-16 03:11:36 [main] DEBUG org.hibernate.orm.results.graph.AST - DomainResult Graph:
 \-EntityResultImpl [com.example.demo.entity.UserProfile]
 |  +-BasicFetch [com.example.demo.entity.UserProfile.address]
 |  +-BasicFetch [com.example.demo.entity.UserProfile.avatarUrl]
 |  +-BasicFetch [com.example.demo.entity.UserProfile.bio]
 |  +-BasicFetch [com.example.demo.entity.UserProfile.notificationSettings]
 |  +-BasicFetch [com.example.demo.entity.UserProfile.privacySettings]
 |  +-BasicFetch [com.example.demo.entity.UserProfile.socialLinks]
 |  \-EntityFetchJoinedImpl [com.example.demo.entity.UserProfile.user]
 |  |  +-BasicFetch [com.example.demo.entity.UserProfile.user.address]
 |  |  +-BasicFetch [com.example.demo.entity.UserProfile.user.avatarUrl]
 |  |  +-BasicFetch [com.example.demo.entity.UserProfile.user.createdAt]
 |  |  +-BasicFetch [com.example.demo.entity.UserProfile.user.email]
 |  |  +-BasicFetch [com.example.demo.entity.UserProfile.user.fullName]
 |  |  +-BasicFetch [com.example.demo.entity.UserProfile.user.passwordHash]
 |  |  +-BasicFetch [com.example.demo.entity.UserProfile.user.phoneNumber]
 |  |  +-BasicFetch [com.example.demo.entity.UserProfile.user.updatedAt]
 |  |  \-BasicFetch [com.example.demo.entity.UserProfile.user.username]

2025-06-16 03:11:36 [main] DEBUG org.hibernate.orm.sql.ast.tree - SQL AST Tree:
    SelectStatement {
      FromClause {
        StandardTableGroup (up1 : com.example.demo.entity.UserProfile) {
          primaryTableReference : user_profiles as up1_0
          TableGroupJoins {
             join LazyTableGroup (u1 : com.example.demo.entity.UserProfile.user) {
              primaryTableReference : users as u1_0
            }
          }
        }
      }
    }

2025-06-16 03:11:36 [main] DEBUG o.h.p.entity.AbstractEntityPersister - Static SQL for entity: com.example.demo.entity.UserProfile
2025-06-16 03:11:36 [main] DEBUG o.h.p.entity.AbstractEntityPersister -  Version select: select user_id from user_profiles where user_id=?
2025-06-16 03:11:36 [main] DEBUG o.h.p.entity.AbstractEntityPersister -  Insert (0): insert into user_profiles (address,avatar_url,bio,notification_settings,privacy_settings,social_links,user_id) values (?,?,?,?,?,?,?)
2025-06-16 03:11:36 [main] DEBUG o.h.p.entity.AbstractEntityPersister -  Update (0): update user_profiles set address=?,avatar_url=?,bio=?,notification_settings=?,privacy_settings=?,social_links=? where user_id=?
2025-06-16 03:11:36 [main] DEBUG o.h.p.entity.AbstractEntityPersister -  Delete (0): delete from user_profiles where user_id=?
2025-06-16 03:11:36 [main] DEBUG org.hibernate.orm.sql.ast.create - Created new SQL alias : f1_0
2025-06-16 03:11:36 [main] DEBUG org.hibernate.orm.sql.ast.create - Registration of TableGroup [StandardTableGroup(com.example.demo.entity.Favorite)] with identifierForTableGroup [com.example.demo.entity.Favorite] for NavigablePath [com.example.demo.entity.Favorite] 
2025-06-16 03:11:36 [main] DEBUG org.hibernate.orm.results.graph.AST - DomainResult Graph:
 \-EntityResultImpl [com.example.demo.entity.Favorite]
 |  \-BasicFetch [com.example.demo.entity.Favorite.jsonRaw]

2025-06-16 03:11:36 [main] DEBUG org.hibernate.orm.sql.ast.tree - SQL AST Tree:
    SelectStatement {
      FromClause {
        StandardTableGroup (f1 : com.example.demo.entity.Favorite) {
          primaryTableReference : google_restaurants as f1_0
        }
      }
    }

2025-06-16 03:11:36 [main] DEBUG o.h.p.entity.AbstractEntityPersister - Static SQL for entity: com.example.demo.entity.Favorite
2025-06-16 03:11:36 [main] DEBUG o.h.p.entity.AbstractEntityPersister -  Version select: select id from google_restaurants where id=?
2025-06-16 03:11:36 [main] DEBUG o.h.p.entity.AbstractEntityPersister -  Insert (0): insert into google_restaurants (json_raw) values (?)
2025-06-16 03:11:36 [main] DEBUG o.h.p.entity.AbstractEntityPersister -  Update (0): update google_restaurants set json_raw=? where id=?
2025-06-16 03:11:36 [main] DEBUG o.h.p.entity.AbstractEntityPersister -  Delete (0): delete from google_restaurants where id=?
2025-06-16 03:11:36 [main] DEBUG org.hibernate.orm.sql.ast.create - Created new SQL alias : gr1_0
2025-06-16 03:11:36 [main] DEBUG org.hibernate.orm.sql.ast.create - Registration of TableGroup [StandardTableGroup(com.example.demo.entity.GoogleRestaurant)] with identifierForTableGroup [com.example.demo.entity.GoogleRestaurant] for NavigablePath [com.example.demo.entity.GoogleRestaurant] 
2025-06-16 03:11:36 [main] DEBUG org.hibernate.orm.results.graph.AST - DomainResult Graph:
 \-EntityResultImpl [com.example.demo.entity.GoogleRestaurant]

2025-06-16 03:11:36 [main] DEBUG org.hibernate.orm.sql.ast.tree - SQL AST Tree:
    SelectStatement {
      FromClause {
        StandardTableGroup (gr1 : com.example.demo.entity.GoogleRestaurant) {
          primaryTableReference : google_restaurants as gr1_0
        }
      }
    }

2025-06-16 03:11:36 [main] DEBUG o.h.p.entity.AbstractEntityPersister - Static SQL for entity: com.example.demo.entity.GoogleRestaurant
2025-06-16 03:11:36 [main] DEBUG o.h.p.entity.AbstractEntityPersister -  Version select: select id from google_restaurants where id=?
2025-06-16 03:11:36 [main] DEBUG o.h.p.entity.AbstractEntityPersister -  Insert (0): insert into google_restaurants values ( )
2025-06-16 03:11:36 [main] DEBUG o.h.p.entity.AbstractEntityPersister -  Delete (0): delete from google_restaurants where id=?
2025-06-16 03:11:36 [main] INFO  o.h.e.t.j.p.i.JtaPlatformInitiator - HHH000489: No JTA platform available (set 'hibernate.transaction.jta.platform' to enable JTA platform integration)
2025-06-16 03:11:36 [main] DEBUG o.h.type.spi.TypeConfiguration$Scope - Scoping TypeConfiguration [org.hibernate.type.spi.TypeConfiguration@476c137b] to SessionFactoryImplementor [org.hibernate.internal.SessionFactoryImpl@44d2bbc0]
2025-06-16 03:11:36 [main] DEBUG o.h.q.named.NamedObjectRepository - Checking 0 named HQL queries
2025-06-16 03:11:36 [main] DEBUG o.h.q.named.NamedObjectRepository - Checking 0 named SQL queries
2025-06-16 03:11:36 [main] DEBUG org.hibernate.SQL - 
    create table google_restaurants (
        id bigint not null auto_increment,
        json_raw TEXT,
        primary key (id)
    ) engine=InnoDB
2025-06-16 03:11:36 [main] DEBUG org.hibernate.SQL - 
    create table user_profiles (
        user_id bigint not null,
        address varchar(255),
        avatar_url varchar(255),
        bio varchar(255),
        notification_settings json,
        privacy_settings json,
        social_links json,
        primary key (user_id)
    ) engine=InnoDB
2025-06-16 03:11:36 [main] DEBUG org.hibernate.SQL - 
    create table users (
        id bigint not null auto_increment,
        address varchar(255),
        avatar_url tinyblob,
        created_at datetime(6) not null,
        email varchar(255) not null,
        full_name varchar(255),
        password_hash varchar(255) not null,
        phone_number varchar(255),
        updated_at datetime(6) not null,
        username varchar(255) not null,
        primary key (id)
    ) engine=InnoDB
2025-06-16 03:11:36 [main] DEBUG org.hibernate.SQL - 
    alter table users 
       drop index UK6dotkott2kjsp8vw4d0m25fb7
2025-06-16 03:11:36 [main] DEBUG org.hibernate.SQL - 
    alter table users 
       add constraint UK6dotkott2kjsp8vw4d0m25fb7 unique (email)
2025-06-16 03:11:36 [main] DEBUG org.hibernate.SQL - 
    alter table users 
       drop index UKr43af9ap4edm43mmtq01oddj6
2025-06-16 03:11:36 [main] DEBUG org.hibernate.SQL - 
    alter table users 
       add constraint UKr43af9ap4edm43mmtq01oddj6 unique (username)
2025-06-16 03:11:36 [main] DEBUG org.hibernate.SQL - 
    alter table user_profiles 
       add constraint FKjcad5nfve11khsnpwj1mv8frj 
       foreign key (user_id) 
       references users (id)
2025-06-16 03:11:37 [main] DEBUG o.h.internal.SessionFactoryRegistry - Initializing SessionFactoryRegistry : org.hibernate.internal.SessionFactoryRegistry@5afa0b1a
2025-06-16 03:11:37 [main] DEBUG o.h.internal.SessionFactoryRegistry - Registering SessionFactory: fcb2b27d-bcec-43f3-8752-cda8ea15ddf3 (<unnamed>)
2025-06-16 03:11:37 [main] DEBUG o.h.internal.SessionFactoryRegistry - Not binding SessionFactory to JNDI, no JNDI name configured
2025-06-16 03:11:37 [main] DEBUG o.h.internal.SessionFactoryImpl - Instantiated SessionFactory
2025-06-16 03:11:37 [main] INFO  o.s.o.j.LocalContainerEntityManagerFactoryBean - Initialized JPA EntityManagerFactory for persistence unit 'default'
2025-06-16 03:11:37 [main] DEBUG o.s.b.f.s.DefaultListableBeanFactory - Creating shared instance of singleton bean 'demoApplication'
2025-06-16 03:11:37 [main] DEBUG o.s.b.f.s.DefaultListableBeanFactory - Creating shared instance of singleton bean 'passwordEncoderConfig'
2025-06-16 03:11:37 [main] DEBUG o.s.b.f.s.DefaultListableBeanFactory - Creating shared instance of singleton bean 'securityConfig'
2025-06-16 03:11:37 [main] DEBUG o.s.b.f.s.DefaultListableBeanFactory - Creating shared instance of singleton bean 'authController'
2025-06-16 03:11:37 [main] DEBUG o.s.b.f.s.DefaultListableBeanFactory - Creating shared instance of singleton bean 'userRepository'
2025-06-16 03:11:37 [main] DEBUG o.s.b.f.s.DefaultListableBeanFactory - Creating shared instance of singleton bean 'jpa.named-queries#2'
2025-06-16 03:11:37 [main] DEBUG o.s.b.f.s.DefaultListableBeanFactory - Creating shared instance of singleton bean 'jpa.UserRepository.fragments#0'
2025-06-16 03:11:37 [main] DEBUG o.s.b.f.s.DefaultListableBeanFactory - Creating shared instance of singleton bean 'jpaSharedEM_entityManagerFactory'
2025-06-16 03:11:37 [main] DEBUG o.s.b.f.s.DefaultListableBeanFactory - Creating shared instance of singleton bean 'jpaMappingContext'
2025-06-16 03:11:37 [main] DEBUG o.s.d.j.r.c.JpaMetamodelMappingContextFactoryBean - Initializing JpaMetamodelMappingContext…
2025-06-16 03:11:37 [main] DEBUG o.s.d.j.r.c.JpaMetamodelMappingContextFactoryBean - Finished initializing JpaMetamodelMappingContext
2025-06-16 03:11:37 [main] DEBUG o.s.o.j.SharedEntityManagerCreator$SharedEntityManagerInvocationHandler - Creating new EntityManager for shared EntityManager invocation
2025-06-16 03:11:37 [main] DEBUG o.h.s.internal.StatisticsInitiator - Statistics initialized [enabled=false]
2025-06-16 03:11:37 [main] DEBUG o.s.o.j.SharedEntityManagerCreator$SharedEntityManagerInvocationHandler - Creating new EntityManager for shared EntityManager invocation
2025-06-16 03:11:37 [main] DEBUG o.s.b.f.s.DefaultListableBeanFactory - Creating shared instance of singleton bean 'metricsRepositoryMethodInvocationListener'
2025-06-16 03:11:37 [main] DEBUG o.s.b.f.s.DefaultListableBeanFactory - Creating shared instance of singleton bean 'org.springframework.boot.actuate.autoconfigure.metrics.data.RepositoryMetricsAutoConfiguration'
2025-06-16 03:11:37 [main] DEBUG o.s.b.f.s.DefaultListableBeanFactory - Autowiring by type from bean name 'org.springframework.boot.actuate.autoconfigure.metrics.data.RepositoryMetricsAutoConfiguration' via constructor to bean named 'management.metrics-org.springframework.boot.actuate.autoconfigure.metrics.MetricsProperties'
2025-06-16 03:11:37 [main] DEBUG o.s.b.f.s.DefaultListableBeanFactory - Creating shared instance of singleton bean 'repositoryTagsProvider'
2025-06-16 03:11:37 [main] DEBUG o.s.b.f.s.DefaultListableBeanFactory - Autowiring by type from bean name 'metricsRepositoryMethodInvocationListener' via factory method to bean named 'repositoryTagsProvider'
2025-06-16 03:11:37 [main] DEBUG o.s.d.r.c.s.RepositoryFactorySupport - Initializing repository instance for com.example.demo.repository.UserRepository…
2025-06-16 03:11:37 [main] DEBUG o.s.o.j.SharedEntityManagerCreator$SharedEntityManagerInvocationHandler - Creating new EntityManager for shared EntityManager invocation
2025-06-16 03:11:37 [main] DEBUG o.s.d.j.repository.query.NamedQuery - Looking up named query 'User.findByEmail'
2025-06-16 03:11:37 [main] DEBUG o.h.r.t.b.j.i.JdbcResourceLocalTransactionCoordinatorImpl - JDBC transaction marked for rollback-only (exception provided for stack trace)
java.lang.Exception: exception just for purpose of providing stack trace
	at org.hibernate.resource.transaction.backend.jdbc.internal.JdbcResourceLocalTransactionCoordinatorImpl$TransactionDriverControlImpl.markRollbackOnly(JdbcResourceLocalTransactionCoordinatorImpl.java:309)
	at org.hibernate.internal.AbstractSharedSessionContract.buildNamedQuery(AbstractSharedSessionContract.java:1141)
	at org.hibernate.internal.AbstractSharedSessionContract.createNamedQuery(AbstractSharedSessionContract.java:1019)
	at org.hibernate.internal.AbstractSharedSessionContract.createNamedQuery(AbstractSharedSessionContract.java:143)
	at java.base/jdk.internal.reflect.DirectMethodHandleAccessor.invoke(DirectMethodHandleAccessor.java:103)
	at java.base/java.lang.reflect.Method.invoke(Method.java:580)
	at org.springframework.orm.jpa.ExtendedEntityManagerCreator$ExtendedEntityManagerInvocationHandler.invoke(ExtendedEntityManagerCreator.java:364)
	at jdk.proxy2/jdk.proxy2.$Proxy145.createNamedQuery(Unknown Source)
	at org.springframework.data.jpa.repository.query.NamedQuery.hasNamedQuery(NamedQuery.java:120)
	at org.springframework.data.jpa.repository.query.NamedQuery.lookupFrom(NamedQuery.java:147)
	at org.springframework.data.jpa.repository.query.JpaQueryLookupStrategy$DeclaredQueryLookupStrategy.resolveQuery(JpaQueryLookupStrategy.java:184)
	at org.springframework.data.jpa.repository.query.JpaQueryLookupStrategy$CreateIfNotFoundQueryLookupStrategy.resolveQuery(JpaQueryLookupStrategy.java:254)
	at org.springframework.data.jpa.repository.query.JpaQueryLookupStrategy$AbstractQueryLookupStrategy.resolveQuery(JpaQueryLookupStrategy.java:99)
	at org.springframework.data.repository.core.support.QueryExecutorMethodInterceptor.lookupQuery(QueryExecutorMethodInterceptor.java:116)
	at org.springframework.data.repository.core.support.QueryExecutorMethodInterceptor.mapMethodsToQuery(QueryExecutorMethodInterceptor.java:104)
	at org.springframework.data.repository.core.support.QueryExecutorMethodInterceptor.lambda$new$0(QueryExecutorMethodInterceptor.java:92)
	at java.base/java.util.Optional.map(Optional.java:260)
	at org.springframework.data.repository.core.support.QueryExecutorMethodInterceptor.<init>(QueryExecutorMethodInterceptor.java:92)
	at org.springframework.data.repository.core.support.RepositoryFactorySupport.getRepository(RepositoryFactorySupport.java:434)
	at org.springframework.data.repository.core.support.RepositoryFactoryBeanSupport.lambda$afterPropertiesSet$4(RepositoryFactoryBeanSupport.java:350)
	at org.springframework.data.util.Lazy.getNullable(Lazy.java:135)
	at org.springframework.data.util.Lazy.get(Lazy.java:113)
	at org.springframework.data.repository.core.support.RepositoryFactoryBeanSupport.afterPropertiesSet(RepositoryFactoryBeanSupport.java:356)
	at org.springframework.data.jpa.repository.support.JpaRepositoryFactoryBean.afterPropertiesSet(JpaRepositoryFactoryBean.java:132)
	at org.springframework.beans.factory.support.AbstractAutowireCapableBeanFactory.invokeInitMethods(AbstractAutowireCapableBeanFactory.java:1873)
	at org.springframework.beans.factory.support.AbstractAutowireCapableBeanFactory.initializeBean(AbstractAutowireCapableBeanFactory.java:1822)
	at org.springframework.beans.factory.support.AbstractAutowireCapableBeanFactory.doCreateBean(AbstractAutowireCapableBeanFactory.java:607)
	at org.springframework.beans.factory.support.AbstractAutowireCapableBeanFactory.createBean(AbstractAutowireCapableBeanFactory.java:529)
	at org.springframework.beans.factory.support.AbstractBeanFactory.lambda$doGetBean$0(AbstractBeanFactory.java:339)
	at org.springframework.beans.factory.support.DefaultSingletonBeanRegistry.getSingleton(DefaultSingletonBeanRegistry.java:373)
	at org.springframework.beans.factory.support.AbstractBeanFactory.doGetBean(AbstractBeanFactory.java:337)
	at org.springframework.beans.factory.support.AbstractBeanFactory.getBean(AbstractBeanFactory.java:202)
	at org.springframework.beans.factory.support.DefaultListableBeanFactory.doResolveDependency(DefaultListableBeanFactory.java:1682)
	at org.springframework.beans.factory.support.DefaultListableBeanFactory.resolveDependency(DefaultListableBeanFactory.java:1628)
	at org.springframework.beans.factory.annotation.AutowiredAnnotationBeanPostProcessor$AutowiredFieldElement.resolveFieldValue(AutowiredAnnotationBeanPostProcessor.java:785)
	at org.springframework.beans.factory.annotation.AutowiredAnnotationBeanPostProcessor$AutowiredFieldElement.inject(AutowiredAnnotationBeanPostProcessor.java:768)
	at org.springframework.beans.factory.annotation.InjectionMetadata.inject(InjectionMetadata.java:146)
	at org.springframework.beans.factory.annotation.AutowiredAnnotationBeanPostProcessor.postProcessProperties(AutowiredAnnotationBeanPostProcessor.java:509)
	at org.springframework.beans.factory.support.AbstractAutowireCapableBeanFactory.populateBean(AbstractAutowireCapableBeanFactory.java:1459)
	at org.springframework.beans.factory.support.AbstractAutowireCapableBeanFactory.doCreateBean(AbstractAutowireCapableBeanFactory.java:606)
	at org.springframework.beans.factory.support.AbstractAutowireCapableBeanFactory.createBean(AbstractAutowireCapableBeanFactory.java:529)
	at org.springframework.beans.factory.support.AbstractBeanFactory.lambda$doGetBean$0(AbstractBeanFactory.java:339)
	at org.springframework.beans.factory.support.DefaultSingletonBeanRegistry.getSingleton(DefaultSingletonBeanRegistry.java:373)
	at org.springframework.beans.factory.support.AbstractBeanFactory.doGetBean(AbstractBeanFactory.java:337)
	at org.springframework.beans.factory.support.AbstractBeanFactory.getBean(AbstractBeanFactory.java:202)
	at org.springframework.beans.factory.support.DefaultListableBeanFactory.instantiateSingleton(DefaultListableBeanFactory.java:1222)
	at org.springframework.beans.factory.support.DefaultListableBeanFactory.preInstantiateSingleton(DefaultListableBeanFactory.java:1188)
	at org.springframework.beans.factory.support.DefaultListableBeanFactory.preInstantiateSingletons(DefaultListableBeanFactory.java:1123)
	at org.springframework.context.support.AbstractApplicationContext.finishBeanFactoryInitialization(AbstractApplicationContext.java:987)
	at org.springframework.context.support.AbstractApplicationContext.refresh(AbstractApplicationContext.java:627)
	at org.springframework.boot.web.servlet.context.ServletWebServerApplicationContext.refresh(ServletWebServerApplicationContext.java:146)
	at org.springframework.boot.SpringApplication.refresh(SpringApplication.java:753)
	at org.springframework.boot.SpringApplication.refreshContext(SpringApplication.java:439)
	at org.springframework.boot.SpringApplication.run(SpringApplication.java:318)
	at org.springframework.boot.SpringApplication.run(SpringApplication.java:1362)
	at org.springframework.boot.SpringApplication.run(SpringApplication.java:1351)
	at com.example.demo.DemoApplication.main(DemoApplication.java:10)
2025-06-16 03:11:37 [main] DEBUG o.s.d.j.repository.query.NamedQuery - Did not find named query User.findByEmail
2025-06-16 03:11:37 [main] DEBUG o.s.o.j.SharedEntityManagerCreator$SharedEntityManagerInvocationHandler - Creating new EntityManager for shared EntityManager invocation
2025-06-16 03:11:37 [main] DEBUG o.s.d.j.repository.query.NamedQuery - Looking up named query 'User.existsByUsername'
2025-06-16 03:11:37 [main] DEBUG o.h.r.t.b.j.i.JdbcResourceLocalTransactionCoordinatorImpl - JDBC transaction marked for rollback-only (exception provided for stack trace)
java.lang.Exception: exception just for purpose of providing stack trace
	at org.hibernate.resource.transaction.backend.jdbc.internal.JdbcResourceLocalTransactionCoordinatorImpl$TransactionDriverControlImpl.markRollbackOnly(JdbcResourceLocalTransactionCoordinatorImpl.java:309)
	at org.hibernate.internal.AbstractSharedSessionContract.buildNamedQuery(AbstractSharedSessionContract.java:1141)
	at org.hibernate.internal.AbstractSharedSessionContract.createNamedQuery(AbstractSharedSessionContract.java:1019)
	at org.hibernate.internal.AbstractSharedSessionContract.createNamedQuery(AbstractSharedSessionContract.java:143)
	at java.base/jdk.internal.reflect.DirectMethodHandleAccessor.invoke(DirectMethodHandleAccessor.java:103)
	at java.base/java.lang.reflect.Method.invoke(Method.java:580)
	at org.springframework.orm.jpa.ExtendedEntityManagerCreator$ExtendedEntityManagerInvocationHandler.invoke(ExtendedEntityManagerCreator.java:364)
	at jdk.proxy2/jdk.proxy2.$Proxy145.createNamedQuery(Unknown Source)
	at org.springframework.data.jpa.repository.query.NamedQuery.hasNamedQuery(NamedQuery.java:120)
	at org.springframework.data.jpa.repository.query.NamedQuery.lookupFrom(NamedQuery.java:147)
	at org.springframework.data.jpa.repository.query.JpaQueryLookupStrategy$DeclaredQueryLookupStrategy.resolveQuery(JpaQueryLookupStrategy.java:184)
	at org.springframework.data.jpa.repository.query.JpaQueryLookupStrategy$CreateIfNotFoundQueryLookupStrategy.resolveQuery(JpaQueryLookupStrategy.java:254)
	at org.springframework.data.jpa.repository.query.JpaQueryLookupStrategy$AbstractQueryLookupStrategy.resolveQuery(JpaQueryLookupStrategy.java:99)
	at org.springframework.data.repository.core.support.QueryExecutorMethodInterceptor.lookupQuery(QueryExecutorMethodInterceptor.java:116)
	at org.springframework.data.repository.core.support.QueryExecutorMethodInterceptor.mapMethodsToQuery(QueryExecutorMethodInterceptor.java:104)
	at org.springframework.data.repository.core.support.QueryExecutorMethodInterceptor.lambda$new$0(QueryExecutorMethodInterceptor.java:92)
	at java.base/java.util.Optional.map(Optional.java:260)
	at org.springframework.data.repository.core.support.QueryExecutorMethodInterceptor.<init>(QueryExecutorMethodInterceptor.java:92)
	at org.springframework.data.repository.core.support.RepositoryFactorySupport.getRepository(RepositoryFactorySupport.java:434)
	at org.springframework.data.repository.core.support.RepositoryFactoryBeanSupport.lambda$afterPropertiesSet$4(RepositoryFactoryBeanSupport.java:350)
	at org.springframework.data.util.Lazy.getNullable(Lazy.java:135)
	at org.springframework.data.util.Lazy.get(Lazy.java:113)
	at org.springframework.data.repository.core.support.RepositoryFactoryBeanSupport.afterPropertiesSet(RepositoryFactoryBeanSupport.java:356)
	at org.springframework.data.jpa.repository.support.JpaRepositoryFactoryBean.afterPropertiesSet(JpaRepositoryFactoryBean.java:132)
	at org.springframework.beans.factory.support.AbstractAutowireCapableBeanFactory.invokeInitMethods(AbstractAutowireCapableBeanFactory.java:1873)
	at org.springframework.beans.factory.support.AbstractAutowireCapableBeanFactory.initializeBean(AbstractAutowireCapableBeanFactory.java:1822)
	at org.springframework.beans.factory.support.AbstractAutowireCapableBeanFactory.doCreateBean(AbstractAutowireCapableBeanFactory.java:607)
	at org.springframework.beans.factory.support.AbstractAutowireCapableBeanFactory.createBean(AbstractAutowireCapableBeanFactory.java:529)
	at org.springframework.beans.factory.support.AbstractBeanFactory.lambda$doGetBean$0(AbstractBeanFactory.java:339)
	at org.springframework.beans.factory.support.DefaultSingletonBeanRegistry.getSingleton(DefaultSingletonBeanRegistry.java:373)
	at org.springframework.beans.factory.support.AbstractBeanFactory.doGetBean(AbstractBeanFactory.java:337)
	at org.springframework.beans.factory.support.AbstractBeanFactory.getBean(AbstractBeanFactory.java:202)
	at org.springframework.beans.factory.support.DefaultListableBeanFactory.doResolveDependency(DefaultListableBeanFactory.java:1682)
	at org.springframework.beans.factory.support.DefaultListableBeanFactory.resolveDependency(DefaultListableBeanFactory.java:1628)
	at org.springframework.beans.factory.annotation.AutowiredAnnotationBeanPostProcessor$AutowiredFieldElement.resolveFieldValue(AutowiredAnnotationBeanPostProcessor.java:785)
	at org.springframework.beans.factory.annotation.AutowiredAnnotationBeanPostProcessor$AutowiredFieldElement.inject(AutowiredAnnotationBeanPostProcessor.java:768)
	at org.springframework.beans.factory.annotation.InjectionMetadata.inject(InjectionMetadata.java:146)
	at org.springframework.beans.factory.annotation.AutowiredAnnotationBeanPostProcessor.postProcessProperties(AutowiredAnnotationBeanPostProcessor.java:509)
	at org.springframework.beans.factory.support.AbstractAutowireCapableBeanFactory.populateBean(AbstractAutowireCapableBeanFactory.java:1459)
	at org.springframework.beans.factory.support.AbstractAutowireCapableBeanFactory.doCreateBean(AbstractAutowireCapableBeanFactory.java:606)
	at org.springframework.beans.factory.support.AbstractAutowireCapableBeanFactory.createBean(AbstractAutowireCapableBeanFactory.java:529)
	at org.springframework.beans.factory.support.AbstractBeanFactory.lambda$doGetBean$0(AbstractBeanFactory.java:339)
	at org.springframework.beans.factory.support.DefaultSingletonBeanRegistry.getSingleton(DefaultSingletonBeanRegistry.java:373)
	at org.springframework.beans.factory.support.AbstractBeanFactory.doGetBean(AbstractBeanFactory.java:337)
	at org.springframework.beans.factory.support.AbstractBeanFactory.getBean(AbstractBeanFactory.java:202)
	at org.springframework.beans.factory.support.DefaultListableBeanFactory.instantiateSingleton(DefaultListableBeanFactory.java:1222)
	at org.springframework.beans.factory.support.DefaultListableBeanFactory.preInstantiateSingleton(DefaultListableBeanFactory.java:1188)
	at org.springframework.beans.factory.support.DefaultListableBeanFactory.preInstantiateSingletons(DefaultListableBeanFactory.java:1123)
	at org.springframework.context.support.AbstractApplicationContext.finishBeanFactoryInitialization(AbstractApplicationContext.java:987)
	at org.springframework.context.support.AbstractApplicationContext.refresh(AbstractApplicationContext.java:627)
	at org.springframework.boot.web.servlet.context.ServletWebServerApplicationContext.refresh(ServletWebServerApplicationContext.java:146)
	at org.springframework.boot.SpringApplication.refresh(SpringApplication.java:753)
	at org.springframework.boot.SpringApplication.refreshContext(SpringApplication.java:439)
	at org.springframework.boot.SpringApplication.run(SpringApplication.java:318)
	at org.springframework.boot.SpringApplication.run(SpringApplication.java:1362)
	at org.springframework.boot.SpringApplication.run(SpringApplication.java:1351)
	at com.example.demo.DemoApplication.main(DemoApplication.java:10)
2025-06-16 03:11:37 [main] DEBUG o.s.d.j.repository.query.NamedQuery - Did not find named query User.existsByUsername
2025-06-16 03:11:37 [main] DEBUG o.s.o.j.SharedEntityManagerCreator$SharedEntityManagerInvocationHandler - Creating new EntityManager for shared EntityManager invocation
2025-06-16 03:11:37 [main] DEBUG o.s.d.j.repository.query.NamedQuery - Looking up named query 'User.existsByEmail'
2025-06-16 03:11:37 [main] DEBUG o.h.r.t.b.j.i.JdbcResourceLocalTransactionCoordinatorImpl - JDBC transaction marked for rollback-only (exception provided for stack trace)
java.lang.Exception: exception just for purpose of providing stack trace
	at org.hibernate.resource.transaction.backend.jdbc.internal.JdbcResourceLocalTransactionCoordinatorImpl$TransactionDriverControlImpl.markRollbackOnly(JdbcResourceLocalTransactionCoordinatorImpl.java:309)
	at org.hibernate.internal.AbstractSharedSessionContract.buildNamedQuery(AbstractSharedSessionContract.java:1141)
	at org.hibernate.internal.AbstractSharedSessionContract.createNamedQuery(AbstractSharedSessionContract.java:1019)
	at org.hibernate.internal.AbstractSharedSessionContract.createNamedQuery(AbstractSharedSessionContract.java:143)
	at java.base/jdk.internal.reflect.DirectMethodHandleAccessor.invoke(DirectMethodHandleAccessor.java:103)
	at java.base/java.lang.reflect.Method.invoke(Method.java:580)
	at org.springframework.orm.jpa.ExtendedEntityManagerCreator$ExtendedEntityManagerInvocationHandler.invoke(ExtendedEntityManagerCreator.java:364)
	at jdk.proxy2/jdk.proxy2.$Proxy145.createNamedQuery(Unknown Source)
	at org.springframework.data.jpa.repository.query.NamedQuery.hasNamedQuery(NamedQuery.java:120)
	at org.springframework.data.jpa.repository.query.NamedQuery.lookupFrom(NamedQuery.java:147)
	at org.springframework.data.jpa.repository.query.JpaQueryLookupStrategy$DeclaredQueryLookupStrategy.resolveQuery(JpaQueryLookupStrategy.java:184)
	at org.springframework.data.jpa.repository.query.JpaQueryLookupStrategy$CreateIfNotFoundQueryLookupStrategy.resolveQuery(JpaQueryLookupStrategy.java:254)
	at org.springframework.data.jpa.repository.query.JpaQueryLookupStrategy$AbstractQueryLookupStrategy.resolveQuery(JpaQueryLookupStrategy.java:99)
	at org.springframework.data.repository.core.support.QueryExecutorMethodInterceptor.lookupQuery(QueryExecutorMethodInterceptor.java:116)
	at org.springframework.data.repository.core.support.QueryExecutorMethodInterceptor.mapMethodsToQuery(QueryExecutorMethodInterceptor.java:104)
	at org.springframework.data.repository.core.support.QueryExecutorMethodInterceptor.lambda$new$0(QueryExecutorMethodInterceptor.java:92)
	at java.base/java.util.Optional.map(Optional.java:260)
	at org.springframework.data.repository.core.support.QueryExecutorMethodInterceptor.<init>(QueryExecutorMethodInterceptor.java:92)
	at org.springframework.data.repository.core.support.RepositoryFactorySupport.getRepository(RepositoryFactorySupport.java:434)
	at org.springframework.data.repository.core.support.RepositoryFactoryBeanSupport.lambda$afterPropertiesSet$4(RepositoryFactoryBeanSupport.java:350)
	at org.springframework.data.util.Lazy.getNullable(Lazy.java:135)
	at org.springframework.data.util.Lazy.get(Lazy.java:113)
	at org.springframework.data.repository.core.support.RepositoryFactoryBeanSupport.afterPropertiesSet(RepositoryFactoryBeanSupport.java:356)
	at org.springframework.data.jpa.repository.support.JpaRepositoryFactoryBean.afterPropertiesSet(JpaRepositoryFactoryBean.java:132)
	at org.springframework.beans.factory.support.AbstractAutowireCapableBeanFactory.invokeInitMethods(AbstractAutowireCapableBeanFactory.java:1873)
	at org.springframework.beans.factory.support.AbstractAutowireCapableBeanFactory.initializeBean(AbstractAutowireCapableBeanFactory.java:1822)
	at org.springframework.beans.factory.support.AbstractAutowireCapableBeanFactory.doCreateBean(AbstractAutowireCapableBeanFactory.java:607)
	at org.springframework.beans.factory.support.AbstractAutowireCapableBeanFactory.createBean(AbstractAutowireCapableBeanFactory.java:529)
	at org.springframework.beans.factory.support.AbstractBeanFactory.lambda$doGetBean$0(AbstractBeanFactory.java:339)
	at org.springframework.beans.factory.support.DefaultSingletonBeanRegistry.getSingleton(DefaultSingletonBeanRegistry.java:373)
	at org.springframework.beans.factory.support.AbstractBeanFactory.doGetBean(AbstractBeanFactory.java:337)
	at org.springframework.beans.factory.support.AbstractBeanFactory.getBean(AbstractBeanFactory.java:202)
	at org.springframework.beans.factory.support.DefaultListableBeanFactory.doResolveDependency(DefaultListableBeanFactory.java:1682)
	at org.springframework.beans.factory.support.DefaultListableBeanFactory.resolveDependency(DefaultListableBeanFactory.java:1628)
	at org.springframework.beans.factory.annotation.AutowiredAnnotationBeanPostProcessor$AutowiredFieldElement.resolveFieldValue(AutowiredAnnotationBeanPostProcessor.java:785)
	at org.springframework.beans.factory.annotation.AutowiredAnnotationBeanPostProcessor$AutowiredFieldElement.inject(AutowiredAnnotationBeanPostProcessor.java:768)
	at org.springframework.beans.factory.annotation.InjectionMetadata.inject(InjectionMetadata.java:146)
	at org.springframework.beans.factory.annotation.AutowiredAnnotationBeanPostProcessor.postProcessProperties(AutowiredAnnotationBeanPostProcessor.java:509)
	at org.springframework.beans.factory.support.AbstractAutowireCapableBeanFactory.populateBean(AbstractAutowireCapableBeanFactory.java:1459)
	at org.springframework.beans.factory.support.AbstractAutowireCapableBeanFactory.doCreateBean(AbstractAutowireCapableBeanFactory.java:606)
	at org.springframework.beans.factory.support.AbstractAutowireCapableBeanFactory.createBean(AbstractAutowireCapableBeanFactory.java:529)
	at org.springframework.beans.factory.support.AbstractBeanFactory.lambda$doGetBean$0(AbstractBeanFactory.java:339)
	at org.springframework.beans.factory.support.DefaultSingletonBeanRegistry.getSingleton(DefaultSingletonBeanRegistry.java:373)
	at org.springframework.beans.factory.support.AbstractBeanFactory.doGetBean(AbstractBeanFactory.java:337)
	at org.springframework.beans.factory.support.AbstractBeanFactory.getBean(AbstractBeanFactory.java:202)
	at org.springframework.beans.factory.support.DefaultListableBeanFactory.instantiateSingleton(DefaultListableBeanFactory.java:1222)
	at org.springframework.beans.factory.support.DefaultListableBeanFactory.preInstantiateSingleton(DefaultListableBeanFactory.java:1188)
	at org.springframework.beans.factory.support.DefaultListableBeanFactory.preInstantiateSingletons(DefaultListableBeanFactory.java:1123)
	at org.springframework.context.support.AbstractApplicationContext.finishBeanFactoryInitialization(AbstractApplicationContext.java:987)
	at org.springframework.context.support.AbstractApplicationContext.refresh(AbstractApplicationContext.java:627)
	at org.springframework.boot.web.servlet.context.ServletWebServerApplicationContext.refresh(ServletWebServerApplicationContext.java:146)
	at org.springframework.boot.SpringApplication.refresh(SpringApplication.java:753)
	at org.springframework.boot.SpringApplication.refreshContext(SpringApplication.java:439)
	at org.springframework.boot.SpringApplication.run(SpringApplication.java:318)
	at org.springframework.boot.SpringApplication.run(SpringApplication.java:1362)
	at org.springframework.boot.SpringApplication.run(SpringApplication.java:1351)
	at com.example.demo.DemoApplication.main(DemoApplication.java:10)
2025-06-16 03:11:37 [main] DEBUG o.s.d.j.repository.query.NamedQuery - Did not find named query User.existsByEmail
2025-06-16 03:11:37 [main] DEBUG o.s.o.j.SharedEntityManagerCreator$SharedEntityManagerInvocationHandler - Creating new EntityManager for shared EntityManager invocation
2025-06-16 03:11:37 [main] DEBUG o.s.d.j.repository.query.NamedQuery - Looking up named query 'User.findByUsername'
2025-06-16 03:11:37 [main] DEBUG o.h.r.t.b.j.i.JdbcResourceLocalTransactionCoordinatorImpl - JDBC transaction marked for rollback-only (exception provided for stack trace)
java.lang.Exception: exception just for purpose of providing stack trace
	at org.hibernate.resource.transaction.backend.jdbc.internal.JdbcResourceLocalTransactionCoordinatorImpl$TransactionDriverControlImpl.markRollbackOnly(JdbcResourceLocalTransactionCoordinatorImpl.java:309)
	at org.hibernate.internal.AbstractSharedSessionContract.buildNamedQuery(AbstractSharedSessionContract.java:1141)
	at org.hibernate.internal.AbstractSharedSessionContract.createNamedQuery(AbstractSharedSessionContract.java:1019)
	at org.hibernate.internal.AbstractSharedSessionContract.createNamedQuery(AbstractSharedSessionContract.java:143)
	at java.base/jdk.internal.reflect.DirectMethodHandleAccessor.invoke(DirectMethodHandleAccessor.java:103)
	at java.base/java.lang.reflect.Method.invoke(Method.java:580)
	at org.springframework.orm.jpa.ExtendedEntityManagerCreator$ExtendedEntityManagerInvocationHandler.invoke(ExtendedEntityManagerCreator.java:364)
	at jdk.proxy2/jdk.proxy2.$Proxy145.createNamedQuery(Unknown Source)
	at org.springframework.data.jpa.repository.query.NamedQuery.hasNamedQuery(NamedQuery.java:120)
	at org.springframework.data.jpa.repository.query.NamedQuery.lookupFrom(NamedQuery.java:147)
	at org.springframework.data.jpa.repository.query.JpaQueryLookupStrategy$DeclaredQueryLookupStrategy.resolveQuery(JpaQueryLookupStrategy.java:184)
	at org.springframework.data.jpa.repository.query.JpaQueryLookupStrategy$CreateIfNotFoundQueryLookupStrategy.resolveQuery(JpaQueryLookupStrategy.java:254)
	at org.springframework.data.jpa.repository.query.JpaQueryLookupStrategy$AbstractQueryLookupStrategy.resolveQuery(JpaQueryLookupStrategy.java:99)
	at org.springframework.data.repository.core.support.QueryExecutorMethodInterceptor.lookupQuery(QueryExecutorMethodInterceptor.java:116)
	at org.springframework.data.repository.core.support.QueryExecutorMethodInterceptor.mapMethodsToQuery(QueryExecutorMethodInterceptor.java:104)
	at org.springframework.data.repository.core.support.QueryExecutorMethodInterceptor.lambda$new$0(QueryExecutorMethodInterceptor.java:92)
	at java.base/java.util.Optional.map(Optional.java:260)
	at org.springframework.data.repository.core.support.QueryExecutorMethodInterceptor.<init>(QueryExecutorMethodInterceptor.java:92)
	at org.springframework.data.repository.core.support.RepositoryFactorySupport.getRepository(RepositoryFactorySupport.java:434)
	at org.springframework.data.repository.core.support.RepositoryFactoryBeanSupport.lambda$afterPropertiesSet$4(RepositoryFactoryBeanSupport.java:350)
	at org.springframework.data.util.Lazy.getNullable(Lazy.java:135)
	at org.springframework.data.util.Lazy.get(Lazy.java:113)
	at org.springframework.data.repository.core.support.RepositoryFactoryBeanSupport.afterPropertiesSet(RepositoryFactoryBeanSupport.java:356)
	at org.springframework.data.jpa.repository.support.JpaRepositoryFactoryBean.afterPropertiesSet(JpaRepositoryFactoryBean.java:132)
	at org.springframework.beans.factory.support.AbstractAutowireCapableBeanFactory.invokeInitMethods(AbstractAutowireCapableBeanFactory.java:1873)
	at org.springframework.beans.factory.support.AbstractAutowireCapableBeanFactory.initializeBean(AbstractAutowireCapableBeanFactory.java:1822)
	at org.springframework.beans.factory.support.AbstractAutowireCapableBeanFactory.doCreateBean(AbstractAutowireCapableBeanFactory.java:607)
	at org.springframework.beans.factory.support.AbstractAutowireCapableBeanFactory.createBean(AbstractAutowireCapableBeanFactory.java:529)
	at org.springframework.beans.factory.support.AbstractBeanFactory.lambda$doGetBean$0(AbstractBeanFactory.java:339)
	at org.springframework.beans.factory.support.DefaultSingletonBeanRegistry.getSingleton(DefaultSingletonBeanRegistry.java:373)
	at org.springframework.beans.factory.support.AbstractBeanFactory.doGetBean(AbstractBeanFactory.java:337)
	at org.springframework.beans.factory.support.AbstractBeanFactory.getBean(AbstractBeanFactory.java:202)
	at org.springframework.beans.factory.support.DefaultListableBeanFactory.doResolveDependency(DefaultListableBeanFactory.java:1682)
	at org.springframework.beans.factory.support.DefaultListableBeanFactory.resolveDependency(DefaultListableBeanFactory.java:1628)
	at org.springframework.beans.factory.annotation.AutowiredAnnotationBeanPostProcessor$AutowiredFieldElement.resolveFieldValue(AutowiredAnnotationBeanPostProcessor.java:785)
	at org.springframework.beans.factory.annotation.AutowiredAnnotationBeanPostProcessor$AutowiredFieldElement.inject(AutowiredAnnotationBeanPostProcessor.java:768)
	at org.springframework.beans.factory.annotation.InjectionMetadata.inject(InjectionMetadata.java:146)
	at org.springframework.beans.factory.annotation.AutowiredAnnotationBeanPostProcessor.postProcessProperties(AutowiredAnnotationBeanPostProcessor.java:509)
	at org.springframework.beans.factory.support.AbstractAutowireCapableBeanFactory.populateBean(AbstractAutowireCapableBeanFactory.java:1459)
	at org.springframework.beans.factory.support.AbstractAutowireCapableBeanFactory.doCreateBean(AbstractAutowireCapableBeanFactory.java:606)
	at org.springframework.beans.factory.support.AbstractAutowireCapableBeanFactory.createBean(AbstractAutowireCapableBeanFactory.java:529)
	at org.springframework.beans.factory.support.AbstractBeanFactory.lambda$doGetBean$0(AbstractBeanFactory.java:339)
	at org.springframework.beans.factory.support.DefaultSingletonBeanRegistry.getSingleton(DefaultSingletonBeanRegistry.java:373)
	at org.springframework.beans.factory.support.AbstractBeanFactory.doGetBean(AbstractBeanFactory.java:337)
	at org.springframework.beans.factory.support.AbstractBeanFactory.getBean(AbstractBeanFactory.java:202)
	at org.springframework.beans.factory.support.DefaultListableBeanFactory.instantiateSingleton(DefaultListableBeanFactory.java:1222)
	at org.springframework.beans.factory.support.DefaultListableBeanFactory.preInstantiateSingleton(DefaultListableBeanFactory.java:1188)
	at org.springframework.beans.factory.support.DefaultListableBeanFactory.preInstantiateSingletons(DefaultListableBeanFactory.java:1123)
	at org.springframework.context.support.AbstractApplicationContext.finishBeanFactoryInitialization(AbstractApplicationContext.java:987)
	at org.springframework.context.support.AbstractApplicationContext.refresh(AbstractApplicationContext.java:627)
	at org.springframework.boot.web.servlet.context.ServletWebServerApplicationContext.refresh(ServletWebServerApplicationContext.java:146)
	at org.springframework.boot.SpringApplication.refresh(SpringApplication.java:753)
	at org.springframework.boot.SpringApplication.refreshContext(SpringApplication.java:439)
	at org.springframework.boot.SpringApplication.run(SpringApplication.java:318)
	at org.springframework.boot.SpringApplication.run(SpringApplication.java:1362)
	at org.springframework.boot.SpringApplication.run(SpringApplication.java:1351)
	at com.example.demo.DemoApplication.main(DemoApplication.java:10)
2025-06-16 03:11:37 [main] DEBUG o.s.d.j.repository.query.NamedQuery - Did not find named query User.findByUsername
2025-06-16 03:11:37 [main] DEBUG o.s.o.j.SharedEntityManagerCreator$SharedEntityManagerInvocationHandler - Creating new EntityManager for shared EntityManager invocation
2025-06-16 03:11:37 [main] DEBUG o.s.d.r.c.s.RepositoryFactorySupport - Finished creation of repository instance for com.example.demo.repository.UserRepository.
2025-06-16 03:11:37 [main] DEBUG o.s.b.f.s.DefaultListableBeanFactory - Creating shared instance of singleton bean 'databaseMonitorController'
2025-06-16 03:11:37 [main] DEBUG o.s.b.f.s.DefaultListableBeanFactory - Creating shared instance of singleton bean 'favoriteController'
2025-06-16 03:11:37 [main] DEBUG o.s.b.f.s.DefaultListableBeanFactory - Creating shared instance of singleton bean 'favoriteRepository'
2025-06-16 03:11:37 [main] DEBUG o.s.b.f.s.DefaultListableBeanFactory - Creating shared instance of singleton bean 'jpa.named-queries#0'
2025-06-16 03:11:37 [main] DEBUG o.s.b.f.s.DefaultListableBeanFactory - Creating shared instance of singleton bean 'jpa.FavoriteRepository.fragments#0'
2025-06-16 03:11:37 [main] DEBUG o.s.o.j.SharedEntityManagerCreator$SharedEntityManagerInvocationHandler - Creating new EntityManager for shared EntityManager invocation
2025-06-16 03:11:37 [main] DEBUG o.s.d.r.c.s.RepositoryFactorySupport - Initializing repository instance for com.example.demo.repository.FavoriteRepository…
2025-06-16 03:11:37 [main] DEBUG o.s.o.j.SharedEntityManagerCreator$SharedEntityManagerInvocationHandler - Creating new EntityManager for shared EntityManager invocation
2025-06-16 03:11:37 [main] DEBUG o.h.r.t.b.j.i.JdbcResourceLocalTransactionCoordinatorImpl - JDBC transaction marked for rollback-only (exception provided for stack trace)
java.lang.Exception: exception just for purpose of providing stack trace
	at org.hibernate.resource.transaction.backend.jdbc.internal.JdbcResourceLocalTransactionCoordinatorImpl$TransactionDriverControlImpl.markRollbackOnly(JdbcResourceLocalTransactionCoordinatorImpl.java:309)
	at org.hibernate.internal.AbstractSharedSessionContract.buildNamedQuery(AbstractSharedSessionContract.java:1141)
	at org.hibernate.internal.AbstractSharedSessionContract.createNamedQuery(AbstractSharedSessionContract.java:1019)
	at org.hibernate.internal.AbstractSharedSessionContract.createNamedQuery(AbstractSharedSessionContract.java:143)
	at java.base/jdk.internal.reflect.DirectMethodHandleAccessor.invoke(DirectMethodHandleAccessor.java:103)
	at java.base/java.lang.reflect.Method.invoke(Method.java:580)
	at org.springframework.orm.jpa.ExtendedEntityManagerCreator$ExtendedEntityManagerInvocationHandler.invoke(ExtendedEntityManagerCreator.java:364)
	at jdk.proxy2/jdk.proxy2.$Proxy145.createNamedQuery(Unknown Source)
	at org.springframework.data.jpa.repository.query.NamedQuery.hasNamedQuery(NamedQuery.java:120)
	at org.springframework.data.jpa.repository.query.JpaQueryLookupStrategy$DeclaredQueryLookupStrategy.getCountQuery(JpaQueryLookupStrategy.java:206)
	at org.springframework.data.jpa.repository.query.JpaQueryLookupStrategy$DeclaredQueryLookupStrategy.resolveQuery(JpaQueryLookupStrategy.java:175)
	at org.springframework.data.jpa.repository.query.JpaQueryLookupStrategy$CreateIfNotFoundQueryLookupStrategy.resolveQuery(JpaQueryLookupStrategy.java:254)
	at org.springframework.data.jpa.repository.query.JpaQueryLookupStrategy$AbstractQueryLookupStrategy.resolveQuery(JpaQueryLookupStrategy.java:99)
	at org.springframework.data.repository.core.support.QueryExecutorMethodInterceptor.lookupQuery(QueryExecutorMethodInterceptor.java:116)
	at org.springframework.data.repository.core.support.QueryExecutorMethodInterceptor.mapMethodsToQuery(QueryExecutorMethodInterceptor.java:104)
	at org.springframework.data.repository.core.support.QueryExecutorMethodInterceptor.lambda$new$0(QueryExecutorMethodInterceptor.java:92)
	at java.base/java.util.Optional.map(Optional.java:260)
	at org.springframework.data.repository.core.support.QueryExecutorMethodInterceptor.<init>(QueryExecutorMethodInterceptor.java:92)
	at org.springframework.data.repository.core.support.RepositoryFactorySupport.getRepository(RepositoryFactorySupport.java:434)
	at org.springframework.data.repository.core.support.RepositoryFactoryBeanSupport.lambda$afterPropertiesSet$4(RepositoryFactoryBeanSupport.java:350)
	at org.springframework.data.util.Lazy.getNullable(Lazy.java:135)
	at org.springframework.data.util.Lazy.get(Lazy.java:113)
	at org.springframework.data.repository.core.support.RepositoryFactoryBeanSupport.afterPropertiesSet(RepositoryFactoryBeanSupport.java:356)
	at org.springframework.data.jpa.repository.support.JpaRepositoryFactoryBean.afterPropertiesSet(JpaRepositoryFactoryBean.java:132)
	at org.springframework.beans.factory.support.AbstractAutowireCapableBeanFactory.invokeInitMethods(AbstractAutowireCapableBeanFactory.java:1873)
	at org.springframework.beans.factory.support.AbstractAutowireCapableBeanFactory.initializeBean(AbstractAutowireCapableBeanFactory.java:1822)
	at org.springframework.beans.factory.support.AbstractAutowireCapableBeanFactory.doCreateBean(AbstractAutowireCapableBeanFactory.java:607)
	at org.springframework.beans.factory.support.AbstractAutowireCapableBeanFactory.createBean(AbstractAutowireCapableBeanFactory.java:529)
	at org.springframework.beans.factory.support.AbstractBeanFactory.lambda$doGetBean$0(AbstractBeanFactory.java:339)
	at org.springframework.beans.factory.support.DefaultSingletonBeanRegistry.getSingleton(DefaultSingletonBeanRegistry.java:373)
	at org.springframework.beans.factory.support.AbstractBeanFactory.doGetBean(AbstractBeanFactory.java:337)
	at org.springframework.beans.factory.support.AbstractBeanFactory.getBean(AbstractBeanFactory.java:202)
	at org.springframework.beans.factory.support.DefaultListableBeanFactory.doResolveDependency(DefaultListableBeanFactory.java:1682)
	at org.springframework.beans.factory.support.DefaultListableBeanFactory.resolveDependency(DefaultListableBeanFactory.java:1628)
	at org.springframework.beans.factory.annotation.AutowiredAnnotationBeanPostProcessor$AutowiredFieldElement.resolveFieldValue(AutowiredAnnotationBeanPostProcessor.java:785)
	at org.springframework.beans.factory.annotation.AutowiredAnnotationBeanPostProcessor$AutowiredFieldElement.inject(AutowiredAnnotationBeanPostProcessor.java:768)
	at org.springframework.beans.factory.annotation.InjectionMetadata.inject(InjectionMetadata.java:146)
	at org.springframework.beans.factory.annotation.AutowiredAnnotationBeanPostProcessor.postProcessProperties(AutowiredAnnotationBeanPostProcessor.java:509)
	at org.springframework.beans.factory.support.AbstractAutowireCapableBeanFactory.populateBean(AbstractAutowireCapableBeanFactory.java:1459)
	at org.springframework.beans.factory.support.AbstractAutowireCapableBeanFactory.doCreateBean(AbstractAutowireCapableBeanFactory.java:606)
	at org.springframework.beans.factory.support.AbstractAutowireCapableBeanFactory.createBean(AbstractAutowireCapableBeanFactory.java:529)
	at org.springframework.beans.factory.support.AbstractBeanFactory.lambda$doGetBean$0(AbstractBeanFactory.java:339)
	at org.springframework.beans.factory.support.DefaultSingletonBeanRegistry.getSingleton(DefaultSingletonBeanRegistry.java:373)
	at org.springframework.beans.factory.support.AbstractBeanFactory.doGetBean(AbstractBeanFactory.java:337)
	at org.springframework.beans.factory.support.AbstractBeanFactory.getBean(AbstractBeanFactory.java:202)
	at org.springframework.beans.factory.support.DefaultListableBeanFactory.instantiateSingleton(DefaultListableBeanFactory.java:1222)
	at org.springframework.beans.factory.support.DefaultListableBeanFactory.preInstantiateSingleton(DefaultListableBeanFactory.java:1188)
	at org.springframework.beans.factory.support.DefaultListableBeanFactory.preInstantiateSingletons(DefaultListableBeanFactory.java:1123)
	at org.springframework.context.support.AbstractApplicationContext.finishBeanFactoryInitialization(AbstractApplicationContext.java:987)
	at org.springframework.context.support.AbstractApplicationContext.refresh(AbstractApplicationContext.java:627)
	at org.springframework.boot.web.servlet.context.ServletWebServerApplicationContext.refresh(ServletWebServerApplicationContext.java:146)
	at org.springframework.boot.SpringApplication.refresh(SpringApplication.java:753)
	at org.springframework.boot.SpringApplication.refreshContext(SpringApplication.java:439)
	at org.springframework.boot.SpringApplication.run(SpringApplication.java:318)
	at org.springframework.boot.SpringApplication.run(SpringApplication.java:1362)
	at org.springframework.boot.SpringApplication.run(SpringApplication.java:1351)
	at com.example.demo.DemoApplication.main(DemoApplication.java:10)
2025-06-16 03:11:37 [main] DEBUG o.s.d.j.repository.query.NamedQuery - Did not find named query Favorite.findJsonRawById.count
2025-06-16 03:11:37 [main] DEBUG o.s.o.j.SharedEntityManagerCreator$SharedEntityManagerInvocationHandler - Creating new EntityManager for shared EntityManager invocation
2025-06-16 03:11:37 [main] INFO  o.s.d.j.r.query.QueryEnhancerFactory - Hibernate is in classpath; If applicable, HQL parser will be used.
2025-06-16 03:11:37 [main] DEBUG org.hibernate.orm.query.hql - HQL : SELECT f.jsonRaw FROM Favorite f WHERE f.id = :id
2025-06-16 03:11:37 [main] DEBUG o.h.o.q.hql.reservedWordAsIdentifier - Encountered use of reserved word as identifier : =
2025-06-16 03:11:37 [main] DEBUG o.h.o.q.hql.reservedWordAsIdentifier - Encountered use of reserved word as identifier : <EOF>
2025-06-16 03:11:37 [main] DEBUG o.hibernate.orm.query.sqm.creation - Applying inferable type to SqmExpression [SqmNamedParameter(id)] : null -> SqmBasicValuedSimplePath(com.example.demo.entity.Favorite(f).id)
2025-06-16 03:11:37 [main] DEBUG org.hibernate.orm.query.sqm.ast - SqmStatement Tree :
    -> [select]
      -> [query-spec]
        -> [select]
          -> [selection]
            -> [basic-path] - `com.example.demo.entity.Favorite(f).jsonRaw`
          <- [selection]
        <- [select]
        -> [from]
          -> [root] - `com.example.demo.entity.Favorite(f)`
          <- [root] - `com.example.demo.entity.Favorite(f)`
        <- [from]
        -> [where]
          -> [EQUAL]
              -> [basic-path] - `com.example.demo.entity.Favorite(f).id`
              :id
          <- [EQUAL]
        <- [where]
      <- [query-spec]
    <- [select]

2025-06-16 03:11:37 [main] DEBUG o.h.r.t.b.j.i.JdbcResourceLocalTransactionCoordinatorImpl - JDBC transaction marked for rollback-only (exception provided for stack trace)
java.lang.Exception: exception just for purpose of providing stack trace
	at org.hibernate.resource.transaction.backend.jdbc.internal.JdbcResourceLocalTransactionCoordinatorImpl$TransactionDriverControlImpl.markRollbackOnly(JdbcResourceLocalTransactionCoordinatorImpl.java:309)
	at org.hibernate.internal.AbstractSharedSessionContract.buildNamedQuery(AbstractSharedSessionContract.java:1141)
	at org.hibernate.internal.AbstractSharedSessionContract.createNamedQuery(AbstractSharedSessionContract.java:1019)
	at org.hibernate.internal.AbstractSharedSessionContract.createNamedQuery(AbstractSharedSessionContract.java:143)
	at java.base/jdk.internal.reflect.DirectMethodHandleAccessor.invoke(DirectMethodHandleAccessor.java:103)
	at java.base/java.lang.reflect.Method.invoke(Method.java:580)
	at org.springframework.orm.jpa.ExtendedEntityManagerCreator$ExtendedEntityManagerInvocationHandler.invoke(ExtendedEntityManagerCreator.java:364)
	at jdk.proxy2/jdk.proxy2.$Proxy145.createNamedQuery(Unknown Source)
	at org.springframework.data.jpa.repository.query.NamedQuery.hasNamedQuery(NamedQuery.java:120)
	at org.springframework.data.jpa.repository.query.JpaQueryLookupStrategy$DeclaredQueryLookupStrategy.getCountQuery(JpaQueryLookupStrategy.java:206)
	at org.springframework.data.jpa.repository.query.JpaQueryLookupStrategy$DeclaredQueryLookupStrategy.resolveQuery(JpaQueryLookupStrategy.java:175)
	at org.springframework.data.jpa.repository.query.JpaQueryLookupStrategy$CreateIfNotFoundQueryLookupStrategy.resolveQuery(JpaQueryLookupStrategy.java:254)
	at org.springframework.data.jpa.repository.query.JpaQueryLookupStrategy$AbstractQueryLookupStrategy.resolveQuery(JpaQueryLookupStrategy.java:99)
	at org.springframework.data.repository.core.support.QueryExecutorMethodInterceptor.lookupQuery(QueryExecutorMethodInterceptor.java:116)
	at org.springframework.data.repository.core.support.QueryExecutorMethodInterceptor.mapMethodsToQuery(QueryExecutorMethodInterceptor.java:104)
	at org.springframework.data.repository.core.support.QueryExecutorMethodInterceptor.lambda$new$0(QueryExecutorMethodInterceptor.java:92)
	at java.base/java.util.Optional.map(Optional.java:260)
	at org.springframework.data.repository.core.support.QueryExecutorMethodInterceptor.<init>(QueryExecutorMethodInterceptor.java:92)
	at org.springframework.data.repository.core.support.RepositoryFactorySupport.getRepository(RepositoryFactorySupport.java:434)
	at org.springframework.data.repository.core.support.RepositoryFactoryBeanSupport.lambda$afterPropertiesSet$4(RepositoryFactoryBeanSupport.java:350)
	at org.springframework.data.util.Lazy.getNullable(Lazy.java:135)
	at org.springframework.data.util.Lazy.get(Lazy.java:113)
	at org.springframework.data.repository.core.support.RepositoryFactoryBeanSupport.afterPropertiesSet(RepositoryFactoryBeanSupport.java:356)
	at org.springframework.data.jpa.repository.support.JpaRepositoryFactoryBean.afterPropertiesSet(JpaRepositoryFactoryBean.java:132)
	at org.springframework.beans.factory.support.AbstractAutowireCapableBeanFactory.invokeInitMethods(AbstractAutowireCapableBeanFactory.java:1873)
	at org.springframework.beans.factory.support.AbstractAutowireCapableBeanFactory.initializeBean(AbstractAutowireCapableBeanFactory.java:1822)
	at org.springframework.beans.factory.support.AbstractAutowireCapableBeanFactory.doCreateBean(AbstractAutowireCapableBeanFactory.java:607)
	at org.springframework.beans.factory.support.AbstractAutowireCapableBeanFactory.createBean(AbstractAutowireCapableBeanFactory.java:529)
	at org.springframework.beans.factory.support.AbstractBeanFactory.lambda$doGetBean$0(AbstractBeanFactory.java:339)
	at org.springframework.beans.factory.support.DefaultSingletonBeanRegistry.getSingleton(DefaultSingletonBeanRegistry.java:373)
	at org.springframework.beans.factory.support.AbstractBeanFactory.doGetBean(AbstractBeanFactory.java:337)
	at org.springframework.beans.factory.support.AbstractBeanFactory.getBean(AbstractBeanFactory.java:202)
	at org.springframework.beans.factory.support.DefaultListableBeanFactory.doResolveDependency(DefaultListableBeanFactory.java:1682)
	at org.springframework.beans.factory.support.DefaultListableBeanFactory.resolveDependency(DefaultListableBeanFactory.java:1628)
	at org.springframework.beans.factory.annotation.AutowiredAnnotationBeanPostProcessor$AutowiredFieldElement.resolveFieldValue(AutowiredAnnotationBeanPostProcessor.java:785)
	at org.springframework.beans.factory.annotation.AutowiredAnnotationBeanPostProcessor$AutowiredFieldElement.inject(AutowiredAnnotationBeanPostProcessor.java:768)
	at org.springframework.beans.factory.annotation.InjectionMetadata.inject(InjectionMetadata.java:146)
	at org.springframework.beans.factory.annotation.AutowiredAnnotationBeanPostProcessor.postProcessProperties(AutowiredAnnotationBeanPostProcessor.java:509)
	at org.springframework.beans.factory.support.AbstractAutowireCapableBeanFactory.populateBean(AbstractAutowireCapableBeanFactory.java:1459)
	at org.springframework.beans.factory.support.AbstractAutowireCapableBeanFactory.doCreateBean(AbstractAutowireCapableBeanFactory.java:606)
	at org.springframework.beans.factory.support.AbstractAutowireCapableBeanFactory.createBean(AbstractAutowireCapableBeanFactory.java:529)
	at org.springframework.beans.factory.support.AbstractBeanFactory.lambda$doGetBean$0(AbstractBeanFactory.java:339)
	at org.springframework.beans.factory.support.DefaultSingletonBeanRegistry.getSingleton(DefaultSingletonBeanRegistry.java:373)
	at org.springframework.beans.factory.support.AbstractBeanFactory.doGetBean(AbstractBeanFactory.java:337)
	at org.springframework.beans.factory.support.AbstractBeanFactory.getBean(AbstractBeanFactory.java:202)
	at org.springframework.beans.factory.support.DefaultListableBeanFactory.instantiateSingleton(DefaultListableBeanFactory.java:1222)
	at org.springframework.beans.factory.support.DefaultListableBeanFactory.preInstantiateSingleton(DefaultListableBeanFactory.java:1188)
	at org.springframework.beans.factory.support.DefaultListableBeanFactory.preInstantiateSingletons(DefaultListableBeanFactory.java:1123)
	at org.springframework.context.support.AbstractApplicationContext.finishBeanFactoryInitialization(AbstractApplicationContext.java:987)
	at org.springframework.context.support.AbstractApplicationContext.refresh(AbstractApplicationContext.java:627)
	at org.springframework.boot.web.servlet.context.ServletWebServerApplicationContext.refresh(ServletWebServerApplicationContext.java:146)
	at org.springframework.boot.SpringApplication.refresh(SpringApplication.java:753)
	at org.springframework.boot.SpringApplication.refreshContext(SpringApplication.java:439)
	at org.springframework.boot.SpringApplication.run(SpringApplication.java:318)
	at org.springframework.boot.SpringApplication.run(SpringApplication.java:1362)
	at org.springframework.boot.SpringApplication.run(SpringApplication.java:1351)
	at com.example.demo.DemoApplication.main(DemoApplication.java:10)
2025-06-16 03:11:37 [main] DEBUG o.s.d.j.repository.query.NamedQuery - Did not find named query Favorite.findAllJsonRaw.count
2025-06-16 03:11:37 [main] DEBUG o.s.o.j.SharedEntityManagerCreator$SharedEntityManagerInvocationHandler - Creating new EntityManager for shared EntityManager invocation
2025-06-16 03:11:37 [main] DEBUG org.hibernate.orm.query.hql - HQL : SELECT f.jsonRaw FROM Favorite f
2025-06-16 03:11:37 [main] DEBUG org.hibernate.orm.query.sqm.ast - SqmStatement Tree :
    -> [select]
      -> [query-spec]
        -> [select]
          -> [selection]
            -> [basic-path] - `com.example.demo.entity.Favorite(f).jsonRaw`
          <- [selection]
        <- [select]
        -> [from]
          -> [root] - `com.example.demo.entity.Favorite(f)`
          <- [root] - `com.example.demo.entity.Favorite(f)`
        <- [from]
      <- [query-spec]
    <- [select]

2025-06-16 03:11:37 [main] DEBUG o.s.d.r.c.s.RepositoryFactorySupport - Finished creation of repository instance for com.example.demo.repository.FavoriteRepository.
2025-06-16 03:11:37 [main] DEBUG o.s.b.f.s.DefaultListableBeanFactory - Creating shared instance of singleton bean 'googleRestaurantController'
2025-06-16 03:11:37 [main] DEBUG o.s.b.f.s.DefaultListableBeanFactory - Creating shared instance of singleton bean 'jdbcTemplate'
2025-06-16 03:11:37 [main] DEBUG o.s.b.f.s.DefaultListableBeanFactory - Creating shared instance of singleton bean 'org.springframework.boot.autoconfigure.jdbc.JdbcTemplateConfiguration'
2025-06-16 03:11:37 [main] DEBUG o.s.b.f.s.DefaultListableBeanFactory - Creating shared instance of singleton bean 'spring.jdbc-org.springframework.boot.autoconfigure.jdbc.JdbcProperties'
2025-06-16 03:11:37 [main] DEBUG o.s.b.f.s.DefaultListableBeanFactory - Autowiring by type from bean name 'jdbcTemplate' via factory method to bean named 'dataSource'
2025-06-16 03:11:37 [main] DEBUG o.s.b.f.s.DefaultListableBeanFactory - Autowiring by type from bean name 'jdbcTemplate' via factory method to bean named 'spring.jdbc-org.springframework.boot.autoconfigure.jdbc.JdbcProperties'
2025-06-16 03:11:37 [main] DEBUG o.s.b.f.s.DefaultListableBeanFactory - Creating shared instance of singleton bean 'restaurantImageController'
2025-06-16 03:11:37 [main] DEBUG o.s.b.f.s.DefaultListableBeanFactory - Creating shared instance of singleton bean 'userController'
2025-06-16 03:11:37 [main] DEBUG o.s.b.f.s.DefaultListableBeanFactory - Creating shared instance of singleton bean 'jwtService'
2025-06-16 03:11:37 [main] DEBUG o.s.c.e.PropertySourcesPropertyResolver - Found key 'jwt.secret' in PropertySource 'environmentProperties' with value of type String
2025-06-16 03:11:37 [main] DEBUG o.s.c.e.PropertySourcesPropertyResolver - Found key 'jwt.expiration' in PropertySource 'environmentProperties' with value of type String
2025-06-16 03:11:37 [main] DEBUG o.s.b.f.s.DefaultListableBeanFactory - Creating shared instance of singleton bean 'userServiceImpl'
2025-06-16 03:11:37 [main] DEBUG o.s.b.f.s.DefaultListableBeanFactory - Autowiring by type from bean name 'userServiceImpl' via constructor to bean named 'userRepository'
2025-06-16 03:11:37 [main] DEBUG o.s.b.f.s.DefaultListableBeanFactory - Creating shared instance of singleton bean 'passwordEncoder'
2025-06-16 03:11:37 [main] DEBUG o.s.b.f.s.DefaultListableBeanFactory - Creating shared instance of singleton bean 'org.springframework.security.config.annotation.configuration.ObjectPostProcessorConfiguration'
2025-06-16 03:11:37 [main] DEBUG o.s.b.f.s.DefaultListableBeanFactory - Creating shared instance of singleton bean 'objectPostProcessor'
2025-06-16 03:11:37 [main] DEBUG o.s.b.f.s.DefaultListableBeanFactory - Autowiring by type from bean name 'objectPostProcessor' via factory method to bean named 'org.springframework.beans.factory.support.DefaultListableBeanFactory@25e2ab5a'
2025-06-16 03:11:37 [main] DEBUG o.s.b.f.s.DefaultListableBeanFactory - Creating shared instance of singleton bean 'org.springframework.security.config.annotation.authentication.configuration.AuthenticationConfiguration'
2025-06-16 03:11:37 [main] DEBUG o.s.b.f.s.DefaultListableBeanFactory - Creating shared instance of singleton bean 'enableGlobalAuthenticationAutowiredConfigurer'
2025-06-16 03:11:37 [main] DEBUG o.s.b.f.s.DefaultListableBeanFactory - Autowiring by type from bean name 'enableGlobalAuthenticationAutowiredConfigurer' via factory method to bean named 'org.springframework.boot.web.servlet.context.AnnotationConfigServletWebServerApplicationContext@54eb2b70'
2025-06-16 03:11:37 [main] DEBUG o.s.b.f.s.DefaultListableBeanFactory - Creating shared instance of singleton bean 'initializeUserDetailsBeanManagerConfigurer'
2025-06-16 03:11:37 [main] DEBUG o.s.b.f.s.DefaultListableBeanFactory - Autowiring by type from bean name 'initializeUserDetailsBeanManagerConfigurer' via factory method to bean named 'org.springframework.boot.web.servlet.context.AnnotationConfigServletWebServerApplicationContext@54eb2b70'
2025-06-16 03:11:37 [main] DEBUG o.s.b.f.s.DefaultListableBeanFactory - Creating shared instance of singleton bean 'initializeAuthenticationProviderBeanManagerConfigurer'
2025-06-16 03:11:37 [main] DEBUG o.s.b.f.s.DefaultListableBeanFactory - Autowiring by type from bean name 'initializeAuthenticationProviderBeanManagerConfigurer' via factory method to bean named 'org.springframework.boot.web.servlet.context.AnnotationConfigServletWebServerApplicationContext@54eb2b70'
2025-06-16 03:11:37 [main] DEBUG o.s.b.f.s.DefaultListableBeanFactory - Creating shared instance of singleton bean 'authenticationManagerBuilder'
2025-06-16 03:11:37 [main] DEBUG o.s.b.f.s.DefaultListableBeanFactory - Autowiring by type from bean name 'authenticationManagerBuilder' via factory method to bean named 'objectPostProcessor'
2025-06-16 03:11:37 [main] DEBUG o.s.b.f.s.DefaultListableBeanFactory - Autowiring by type from bean name 'authenticationManagerBuilder' via factory method to bean named 'org.springframework.boot.web.servlet.context.AnnotationConfigServletWebServerApplicationContext@54eb2b70'
2025-06-16 03:11:37 [main] DEBUG o.s.b.f.s.DefaultListableBeanFactory - Creating shared instance of singleton bean 'org.springframework.security.config.annotation.web.configuration.WebSecurityConfiguration'
2025-06-16 03:11:37 [main] DEBUG o.s.b.f.s.DefaultListableBeanFactory - Creating shared instance of singleton bean 'filterChainDecoratorPostProcessor'
2025-06-16 03:11:37 [main] DEBUG o.s.b.f.s.DefaultListableBeanFactory - Creating shared instance of singleton bean 'mvcHandlerMappingIntrospectorRequestTransformer'
2025-06-16 03:11:37 [main] DEBUG o.s.b.f.s.DefaultListableBeanFactory - Creating shared instance of singleton bean 'mvcHandlerMappingIntrospector'
2025-06-16 03:11:37 [main] DEBUG o.s.b.f.s.DefaultListableBeanFactory - Creating shared instance of singleton bean 'org.springframework.boot.autoconfigure.web.servlet.WebMvcAutoConfiguration$EnableWebMvcConfiguration'
2025-06-16 03:11:37 [main] DEBUG o.s.b.f.s.DefaultListableBeanFactory - Creating shared instance of singleton bean 'spring.web-org.springframework.boot.autoconfigure.web.WebProperties'
2025-06-16 03:11:37 [main] DEBUG o.s.b.f.s.DefaultListableBeanFactory - Autowiring by type from bean name 'org.springframework.boot.autoconfigure.web.servlet.WebMvcAutoConfiguration$EnableWebMvcConfiguration' via constructor to bean named 'spring.mvc-org.springframework.boot.autoconfigure.web.servlet.WebMvcProperties'
2025-06-16 03:11:37 [main] DEBUG o.s.b.f.s.DefaultListableBeanFactory - Autowiring by type from bean name 'org.springframework.boot.autoconfigure.web.servlet.WebMvcAutoConfiguration$EnableWebMvcConfiguration' via constructor to bean named 'spring.web-org.springframework.boot.autoconfigure.web.WebProperties'
2025-06-16 03:11:37 [main] DEBUG o.s.b.f.s.DefaultListableBeanFactory - Autowiring by type from bean name 'org.springframework.boot.autoconfigure.web.servlet.WebMvcAutoConfiguration$EnableWebMvcConfiguration' via constructor to bean named 'org.springframework.beans.factory.support.DefaultListableBeanFactory@25e2ab5a'
2025-06-16 03:11:37 [main] DEBUG o.s.b.f.s.DefaultListableBeanFactory - Creating shared instance of singleton bean 'org.springframework.security.config.annotation.web.configuration.WebMvcSecurityConfiguration'
2025-06-16 03:11:37 [main] DEBUG o.s.b.f.s.DefaultListableBeanFactory - Creating shared instance of singleton bean 'org.springframework.boot.autoconfigure.web.servlet.WebMvcAutoConfiguration$WebMvcAutoConfigurationAdapter'
2025-06-16 03:11:37 [main] DEBUG o.s.b.f.s.DefaultListableBeanFactory - Autowiring by type from bean name 'org.springframework.boot.autoconfigure.web.servlet.WebMvcAutoConfiguration$WebMvcAutoConfigurationAdapter' via constructor to bean named 'spring.web-org.springframework.boot.autoconfigure.web.WebProperties'
2025-06-16 03:11:37 [main] DEBUG o.s.b.f.s.DefaultListableBeanFactory - Autowiring by type from bean name 'org.springframework.boot.autoconfigure.web.servlet.WebMvcAutoConfiguration$WebMvcAutoConfigurationAdapter' via constructor to bean named 'spring.mvc-org.springframework.boot.autoconfigure.web.servlet.WebMvcProperties'
2025-06-16 03:11:37 [main] DEBUG o.s.b.f.s.DefaultListableBeanFactory - Autowiring by type from bean name 'org.springframework.boot.autoconfigure.web.servlet.WebMvcAutoConfiguration$WebMvcAutoConfigurationAdapter' via constructor to bean named 'org.springframework.beans.factory.support.DefaultListableBeanFactory@25e2ab5a'
2025-06-16 03:11:37 [main] DEBUG o.s.b.f.s.DefaultListableBeanFactory - Creating shared instance of singleton bean 'openEntityManagerInViewInterceptorConfigurer'
2025-06-16 03:11:37 [main] DEBUG o.s.b.f.s.DefaultListableBeanFactory - Creating shared instance of singleton bean 'org.springframework.boot.autoconfigure.orm.jpa.JpaBaseConfiguration$JpaWebConfiguration'
2025-06-16 03:11:37 [main] DEBUG o.s.b.f.s.DefaultListableBeanFactory - Autowiring by type from bean name 'org.springframework.boot.autoconfigure.orm.jpa.JpaBaseConfiguration$JpaWebConfiguration' via constructor to bean named 'spring.jpa-org.springframework.boot.autoconfigure.orm.jpa.JpaProperties'
2025-06-16 03:11:37 [main] DEBUG o.s.b.f.s.DefaultListableBeanFactory - Creating shared instance of singleton bean 'openEntityManagerInViewInterceptor'
2025-06-16 03:11:37 [main] WARN  o.s.b.a.o.j.JpaBaseConfiguration$JpaWebConfiguration - spring.jpa.open-in-view is enabled by default. Therefore, database queries may be performed during view rendering. Explicitly configure spring.jpa.open-in-view to disable this warning
2025-06-16 03:11:37 [main] DEBUG o.s.b.f.s.DefaultListableBeanFactory - Autowiring by type from bean name 'openEntityManagerInViewInterceptorConfigurer' via factory method to bean named 'openEntityManagerInViewInterceptor'
2025-06-16 03:11:37 [main] DEBUG o.s.b.f.s.DefaultListableBeanFactory - Creating shared instance of singleton bean 'org.springframework.data.web.config.SpringDataWebConfiguration'
2025-06-16 03:11:37 [main] DEBUG o.s.b.f.s.DefaultListableBeanFactory - Autowiring by type from bean name 'org.springframework.data.web.config.SpringDataWebConfiguration' via constructor to bean named 'org.springframework.boot.web.servlet.context.AnnotationConfigServletWebServerApplicationContext@54eb2b70'
2025-06-16 03:11:37 [main] DEBUG o.s.b.f.s.DefaultListableBeanFactory - Creating shared instance of singleton bean 'endpointObjectMapperWebMvcConfigurer'
2025-06-16 03:11:37 [main] DEBUG o.s.b.f.s.DefaultListableBeanFactory - Creating shared instance of singleton bean 'endpointObjectMapper'
2025-06-16 03:11:37 [main] DEBUG o.s.b.f.s.DefaultListableBeanFactory - Creating shared instance of singleton bean 'org.springframework.boot.actuate.autoconfigure.endpoint.jackson.JacksonEndpointAutoConfiguration'
2025-06-16 03:11:37 [main] DEBUG o.s.b.f.s.DefaultListableBeanFactory - Autowiring by type from bean name 'endpointObjectMapperWebMvcConfigurer' via factory method to bean named 'endpointObjectMapper'
2025-06-16 03:11:37 [main] DEBUG o.s.b.f.s.DefaultListableBeanFactory - Creating shared instance of singleton bean 'welcomePageHandlerMapping'
2025-06-16 03:11:37 [main] DEBUG o.s.b.f.s.DefaultListableBeanFactory - Creating shared instance of singleton bean 'mvcConversionService'
2025-06-16 03:11:37 [main] DEBUG o.s.b.f.s.DefaultListableBeanFactory - Creating shared instance of singleton bean 'mvcResourceUrlProvider'
2025-06-16 03:11:37 [main] DEBUG o.s.b.f.s.DefaultListableBeanFactory - Autowiring by type from bean name 'welcomePageHandlerMapping' via factory method to bean named 'org.springframework.boot.web.servlet.context.AnnotationConfigServletWebServerApplicationContext@54eb2b70'
2025-06-16 03:11:37 [main] DEBUG o.s.b.f.s.DefaultListableBeanFactory - Autowiring by type from bean name 'welcomePageHandlerMapping' via factory method to bean named 'mvcConversionService'
2025-06-16 03:11:37 [main] DEBUG o.s.b.f.s.DefaultListableBeanFactory - Autowiring by type from bean name 'welcomePageHandlerMapping' via factory method to bean named 'mvcResourceUrlProvider'
2025-06-16 03:11:37 [main] DEBUG o.s.b.f.s.DefaultListableBeanFactory - Creating shared instance of singleton bean 'welcomePageNotAcceptableHandlerMapping'
2025-06-16 03:11:37 [main] DEBUG o.s.b.f.s.DefaultListableBeanFactory - Autowiring by type from bean name 'welcomePageNotAcceptableHandlerMapping' via factory method to bean named 'org.springframework.boot.web.servlet.context.AnnotationConfigServletWebServerApplicationContext@54eb2b70'
2025-06-16 03:11:37 [main] DEBUG o.s.b.f.s.DefaultListableBeanFactory - Autowiring by type from bean name 'welcomePageNotAcceptableHandlerMapping' via factory method to bean named 'mvcConversionService'
2025-06-16 03:11:37 [main] DEBUG o.s.b.f.s.DefaultListableBeanFactory - Autowiring by type from bean name 'welcomePageNotAcceptableHandlerMapping' via factory method to bean named 'mvcResourceUrlProvider'
2025-06-16 03:11:37 [main] DEBUG o.s.b.f.s.DefaultListableBeanFactory - Creating shared instance of singleton bean 'requestMappingHandlerMapping'
2025-06-16 03:11:37 [main] DEBUG o.s.b.f.s.DefaultListableBeanFactory - Creating shared instance of singleton bean 'mvcContentNegotiationManager'
2025-06-16 03:11:37 [main] DEBUG o.s.b.f.s.DefaultListableBeanFactory - Autowiring by type from bean name 'requestMappingHandlerMapping' via factory method to bean named 'mvcContentNegotiationManager'
2025-06-16 03:11:37 [main] DEBUG o.s.b.f.s.DefaultListableBeanFactory - Autowiring by type from bean name 'requestMappingHandlerMapping' via factory method to bean named 'mvcConversionService'
2025-06-16 03:11:37 [main] DEBUG o.s.b.f.s.DefaultListableBeanFactory - Autowiring by type from bean name 'requestMappingHandlerMapping' via factory method to bean named 'mvcResourceUrlProvider'
2025-06-16 03:11:37 [main] WARN  o.s.b.w.s.c.AnnotationConfigServletWebServerApplicationContext - Exception encountered during context initialization - cancelling refresh attempt: org.springframework.beans.factory.BeanCreationException: Error creating bean with name 'org.springframework.security.config.annotation.web.configuration.WebSecurityConfiguration': Injection of autowired dependencies failed
2025-06-16 03:11:37 [main] INFO  o.s.o.j.LocalContainerEntityManagerFactoryBean - Closing JPA EntityManagerFactory for persistence unit 'default'
2025-06-16 03:11:37 [main] DEBUG o.h.internal.SessionFactoryImpl - HHH000031: Closing
2025-06-16 03:11:37 [main] DEBUG o.h.type.spi.TypeConfiguration$Scope - Un-scoping TypeConfiguration [org.hibernate.type.spi.TypeConfiguration$Scope@49a2e86e] from SessionFactory [org.hibernate.internal.SessionFactoryImpl@44d2bbc0]
2025-06-16 03:11:37 [main] DEBUG o.h.s.i.AbstractServiceRegistryImpl - Implicitly destroying ServiceRegistry on de-registration of all child ServiceRegistries
2025-06-16 03:11:37 [main] DEBUG o.h.b.r.i.BootstrapServiceRegistryImpl - Implicitly destroying Boot-strap registry on de-registration of all child ServiceRegistries
2025-06-16 03:11:37 [main] INFO  com.zaxxer.hikari.HikariDataSource - HikariPool-1 - Shutdown initiated...
2025-06-16 03:11:37 [main] INFO  com.zaxxer.hikari.HikariDataSource - HikariPool-1 - Shutdown completed.
2025-06-16 03:11:37 [main] DEBUG o.s.s.c.ThreadPoolTaskExecutor - Shutting down ExecutorService 'applicationTaskExecutor'
2025-06-16 03:11:37 [main] DEBUG o.s.b.f.s.DisposableBeanAdapter - Custom destroy method 'close' on bean with name 'simpleMeterRegistry' completed
2025-06-16 03:11:37 [main] INFO  o.a.catalina.core.StandardService - Stopping service [Tomcat]
2025-06-16 03:11:37 [main] DEBUG o.s.b.a.l.ConditionEvaluationReportLogger - 


============================
CONDITIONS EVALUATION REPORT
============================


Positive matches:
-----------------

   AopAutoConfiguration matched:
      - @ConditionalOnBooleanProperty (spring.aop.auto=true) matched (OnPropertyCondition)

   AopAutoConfiguration.AspectJAutoProxyingConfiguration matched:
      - @ConditionalOnClass found required class 'org.aspectj.weaver.Advice' (OnClassCondition)

   AopAutoConfiguration.AspectJAutoProxyingConfiguration.CglibAutoProxyConfiguration matched:
      - @ConditionalOnBooleanProperty (spring.aop.proxy-target-class=true) matched (OnPropertyCondition)

   ApplicationAvailabilityAutoConfiguration#applicationAvailability matched:
      - @ConditionalOnMissingBean (types: org.springframework.boot.availability.ApplicationAvailability; SearchStrategy: all) did not find any beans (OnBeanCondition)

   CacheMeterBinderProvidersConfiguration matched:
      - @ConditionalOnClass found required class 'io.micrometer.core.instrument.binder.MeterBinder' (OnClassCondition)

   CompositeMeterRegistryAutoConfiguration matched:
      - @ConditionalOnClass found required class 'io.micrometer.core.instrument.composite.CompositeMeterRegistry' (OnClassCondition)

   DataSourceAutoConfiguration matched:
      - @ConditionalOnClass found required classes 'javax.sql.DataSource', 'org.springframework.jdbc.datasource.embedded.EmbeddedDatabaseType' (OnClassCondition)
      - @ConditionalOnMissingBean (types: ?; SearchStrategy: all) did not find any beans (OnBeanCondition)

   DataSourceAutoConfiguration.PooledDataSourceConfiguration matched:
      - AnyNestedCondition 1 matched 1 did not; NestedCondition on DataSourceAutoConfiguration.PooledDataSourceCondition.PooledDataSourceAvailable PooledDataSource found supported DataSource; NestedCondition on DataSourceAutoConfiguration.PooledDataSourceCondition.ExplicitType @ConditionalOnProperty (spring.datasource.type) did not find property 'spring.datasource.type' (DataSourceAutoConfiguration.PooledDataSourceCondition)
      - @ConditionalOnMissingBean (types: javax.sql.DataSource,javax.sql.XADataSource; SearchStrategy: all) did not find any beans (OnBeanCondition)

   DataSourceAutoConfiguration.PooledDataSourceConfiguration#jdbcConnectionDetails matched:
      - @ConditionalOnMissingBean (types: org.springframework.boot.autoconfigure.jdbc.JdbcConnectionDetails; SearchStrategy: all) did not find any beans (OnBeanCondition)

   DataSourceConfiguration.Hikari matched:
      - @ConditionalOnClass found required class 'com.zaxxer.hikari.HikariDataSource' (OnClassCondition)
      - @ConditionalOnProperty (spring.datasource.type=com.zaxxer.hikari.HikariDataSource) matched (OnPropertyCondition)
      - @ConditionalOnMissingBean (types: javax.sql.DataSource; SearchStrategy: all) did not find any beans (OnBeanCondition)

   DataSourceHealthContributorAutoConfiguration matched:
      - @ConditionalOnClass found required classes 'org.springframework.jdbc.core.JdbcTemplate', 'org.springframework.jdbc.datasource.lookup.AbstractRoutingDataSource' (OnClassCondition)
      - @ConditionalOnEnabledHealthIndicator management.health.defaults.enabled is considered true (OnEnabledHealthIndicatorCondition)
      - @ConditionalOnBean (types: javax.sql.DataSource; SearchStrategy: all) found bean 'dataSource' (OnBeanCondition)

   DataSourceHealthContributorAutoConfiguration#dbHealthContributor matched:
      - @ConditionalOnMissingBean (names: dbHealthIndicator,dbHealthContributor; SearchStrategy: all) did not find any beans (OnBeanCondition)

   DataSourceInitializationConfiguration matched:
      - @ConditionalOnClass found required class 'org.springframework.jdbc.datasource.init.DatabasePopulator' (OnClassCondition)
      - @ConditionalOnSingleCandidate (types: javax.sql.DataSource; SearchStrategy: all) found a single bean 'dataSource'; @ConditionalOnMissingBean (types: org.springframework.boot.autoconfigure.sql.init.SqlDataSourceScriptDatabaseInitializer,org.springframework.boot.autoconfigure.sql.init.SqlR2dbcScriptDatabaseInitializer; SearchStrategy: all) did not find any beans (OnBeanCondition)

   DataSourcePoolMetadataProvidersConfiguration.HikariPoolDataSourceMetadataProviderConfiguration matched:
      - @ConditionalOnClass found required class 'com.zaxxer.hikari.HikariDataSource' (OnClassCondition)

   DataSourcePoolMetricsAutoConfiguration matched:
      - @ConditionalOnClass found required classes 'javax.sql.DataSource', 'io.micrometer.core.instrument.MeterRegistry' (OnClassCondition)
      - @ConditionalOnBean (types: javax.sql.DataSource,io.micrometer.core.instrument.MeterRegistry; SearchStrategy: all) found beans 'simpleMeterRegistry', 'dataSource' (OnBeanCondition)

   DataSourcePoolMetricsAutoConfiguration.DataSourcePoolMetadataMetricsConfiguration matched:
      - @ConditionalOnBean (types: org.springframework.boot.jdbc.metadata.DataSourcePoolMetadataProvider; SearchStrategy: all) found bean 'hikariPoolDataSourceMetadataProvider' (OnBeanCondition)

   DataSourcePoolMetricsAutoConfiguration.HikariDataSourceMetricsConfiguration matched:
      - @ConditionalOnClass found required class 'com.zaxxer.hikari.HikariDataSource' (OnClassCondition)

   DataSourceTransactionManagerAutoConfiguration matched:
      - @ConditionalOnClass found required classes 'javax.sql.DataSource', 'org.springframework.jdbc.core.JdbcTemplate', 'org.springframework.transaction.TransactionManager' (OnClassCondition)

   DataSourceTransactionManagerAutoConfiguration.JdbcTransactionManagerConfiguration matched:
      - @ConditionalOnSingleCandidate (types: javax.sql.DataSource; SearchStrategy: all) found a single bean 'dataSource' (OnBeanCondition)

   DiskSpaceHealthContributorAutoConfiguration matched:
      - @ConditionalOnEnabledHealthIndicator management.health.defaults.enabled is considered true (OnEnabledHealthIndicatorCondition)

   DiskSpaceHealthContributorAutoConfiguration#diskSpaceHealthIndicator matched:
      - @ConditionalOnMissingBean (names: diskSpaceHealthIndicator; SearchStrategy: all) did not find any beans (OnBeanCondition)

   DispatcherServletAutoConfiguration matched:
      - @ConditionalOnClass found required class 'org.springframework.web.servlet.DispatcherServlet' (OnClassCondition)
      - found 'session' scope (OnWebApplicationCondition)

   DispatcherServletAutoConfiguration.DispatcherServletConfiguration matched:
      - @ConditionalOnClass found required class 'jakarta.servlet.ServletRegistration' (OnClassCondition)
      - Default DispatcherServlet did not find dispatcher servlet beans (DispatcherServletAutoConfiguration.DefaultDispatcherServletCondition)

   DispatcherServletAutoConfiguration.DispatcherServletRegistrationConfiguration matched:
      - @ConditionalOnClass found required class 'jakarta.servlet.ServletRegistration' (OnClassCondition)
      - DispatcherServlet Registration did not find servlet registration bean (DispatcherServletAutoConfiguration.DispatcherServletRegistrationCondition)

   DispatcherServletAutoConfiguration.DispatcherServletRegistrationConfiguration#dispatcherServletRegistration matched:
      - @ConditionalOnBean (names: dispatcherServlet types: org.springframework.web.servlet.DispatcherServlet; SearchStrategy: all) found bean 'dispatcherServlet' (OnBeanCondition)

   EmbeddedWebServerFactoryCustomizerAutoConfiguration matched:
      - @ConditionalOnWebApplication (required) found 'session' scope (OnWebApplicationCondition)
      - @ConditionalOnWarDeployment the application is not deployed as a WAR file. (OnWarDeploymentCondition)

   EmbeddedWebServerFactoryCustomizerAutoConfiguration.TomcatWebServerFactoryCustomizerConfiguration matched:
      - @ConditionalOnClass found required classes 'org.apache.catalina.startup.Tomcat', 'org.apache.coyote.UpgradeProtocol' (OnClassCondition)

   EndpointAutoConfiguration#endpointCachingOperationInvokerAdvisor matched:
      - @ConditionalOnMissingBean (types: org.springframework.boot.actuate.endpoint.invoker.cache.CachingOperationInvokerAdvisor; SearchStrategy: all) did not find any beans (OnBeanCondition)

   EndpointAutoConfiguration#endpointOperationParameterMapper matched:
      - @ConditionalOnMissingBean (types: org.springframework.boot.actuate.endpoint.invoke.ParameterValueMapper; SearchStrategy: all) did not find any beans (OnBeanCondition)

   EndpointAutoConfiguration#propertiesEndpointAccessResolver matched:
      - @ConditionalOnMissingBean (types: org.springframework.boot.actuate.endpoint.EndpointAccessResolver; SearchStrategy: all) did not find any beans (OnBeanCondition)

   ErrorMvcAutoConfiguration matched:
      - @ConditionalOnClass found required classes 'jakarta.servlet.Servlet', 'org.springframework.web.servlet.DispatcherServlet' (OnClassCondition)
      - found 'session' scope (OnWebApplicationCondition)

   ErrorMvcAutoConfiguration#basicErrorController matched:
      - @ConditionalOnMissingBean (types: org.springframework.boot.web.servlet.error.ErrorController; SearchStrategy: current) did not find any beans (OnBeanCondition)

   ErrorMvcAutoConfiguration#errorAttributes matched:
      - @ConditionalOnMissingBean (types: org.springframework.boot.web.servlet.error.ErrorAttributes; SearchStrategy: current) did not find any beans (OnBeanCondition)

   ErrorMvcAutoConfiguration.DefaultErrorViewResolverConfiguration#conventionErrorViewResolver matched:
      - @ConditionalOnBean (types: org.springframework.web.servlet.DispatcherServlet; SearchStrategy: all) found bean 'dispatcherServlet'; @ConditionalOnMissingBean (types: org.springframework.boot.autoconfigure.web.servlet.error.ErrorViewResolver; SearchStrategy: all) did not find any beans (OnBeanCondition)

   ErrorMvcAutoConfiguration.WhitelabelErrorViewConfiguration matched:
      - @ConditionalOnBooleanProperty (server.error.whitelabel.enabled=true) matched (OnPropertyCondition)
      - ErrorTemplate Missing did not find error template view (ErrorMvcAutoConfiguration.ErrorTemplateMissingCondition)

   ErrorMvcAutoConfiguration.WhitelabelErrorViewConfiguration#beanNameViewResolver matched:
      - @ConditionalOnMissingBean (types: org.springframework.web.servlet.view.BeanNameViewResolver; SearchStrategy: all) did not find any beans (OnBeanCondition)

   ErrorMvcAutoConfiguration.WhitelabelErrorViewConfiguration#defaultErrorView matched:
      - @ConditionalOnMissingBean (names: error; SearchStrategy: all) did not find any beans (OnBeanCondition)

   GenericCacheConfiguration matched:
      - Cache org.springframework.boot.autoconfigure.cache.GenericCacheConfiguration automatic cache type (CacheCondition)

   HealthContributorAutoConfiguration#pingHealthContributor matched:
      - @ConditionalOnEnabledHealthIndicator management.health.defaults.enabled is considered true (OnEnabledHealthIndicatorCondition)

   HealthEndpointAutoConfiguration matched:
      - @ConditionalOnAvailableEndpoint marked as exposed by a 'management.endpoints.web.exposure' property (OnAvailableEndpointCondition)

   HealthEndpointConfiguration#healthContributorRegistry matched:
      - @ConditionalOnMissingBean (types: org.springframework.boot.actuate.health.HealthContributorRegistry; SearchStrategy: all) did not find any beans (OnBeanCondition)

   HealthEndpointConfiguration#healthEndpoint matched:
      - @ConditionalOnMissingBean (types: org.springframework.boot.actuate.health.HealthEndpoint; SearchStrategy: all) did not find any beans (OnBeanCondition)

   HealthEndpointConfiguration#healthEndpointGroupMembershipValidator matched:
      - @ConditionalOnBooleanProperty (management.endpoint.health.validate-group-membership=true) matched (OnPropertyCondition)

   HealthEndpointConfiguration#healthEndpointGroups matched:
      - @ConditionalOnMissingBean (types: org.springframework.boot.actuate.health.HealthEndpointGroups; SearchStrategy: all) did not find any beans (OnBeanCondition)

   HealthEndpointConfiguration#healthHttpCodeStatusMapper matched:
      - @ConditionalOnMissingBean (types: org.springframework.boot.actuate.health.HttpCodeStatusMapper; SearchStrategy: all) did not find any beans (OnBeanCondition)

   HealthEndpointConfiguration#healthStatusAggregator matched:
      - @ConditionalOnMissingBean (types: org.springframework.boot.actuate.health.StatusAggregator; SearchStrategy: all) did not find any beans (OnBeanCondition)

   HealthEndpointWebExtensionConfiguration matched:
      - found 'session' scope (OnWebApplicationCondition)
      - @ConditionalOnAvailableEndpoint marked as exposed by a 'management.endpoints.web.exposure' property (OnAvailableEndpointCondition)
      - @ConditionalOnBean (types: org.springframework.boot.actuate.health.HealthEndpoint; SearchStrategy: all) found bean 'healthEndpoint' (OnBeanCondition)

   HealthEndpointWebExtensionConfiguration#healthEndpointWebExtension matched:
      - @ConditionalOnMissingBean (types: org.springframework.boot.actuate.health.HealthEndpointWebExtension; SearchStrategy: all) did not find any beans (OnBeanCondition)

   HealthEndpointWebExtensionConfiguration.MvcAdditionalHealthEndpointPathsConfiguration matched:
      - @ConditionalOnBean (types: org.springframework.web.servlet.DispatcherServlet; SearchStrategy: all) found bean 'dispatcherServlet' (OnBeanCondition)

   HibernateJpaAutoConfiguration matched:
      - @ConditionalOnClass found required classes 'org.springframework.orm.jpa.LocalContainerEntityManagerFactoryBean', 'jakarta.persistence.EntityManager', 'org.hibernate.engine.spi.SessionImplementor' (OnClassCondition)

   HibernateJpaConfiguration matched:
      - @ConditionalOnSingleCandidate (types: javax.sql.DataSource; SearchStrategy: all) found a single bean 'dataSource' (OnBeanCondition)

   HttpClientAutoConfiguration matched:
      - @ConditionalOnClass found required class 'org.springframework.http.client.ClientHttpRequestFactory' (OnClassCondition)
      - NoneNestedConditions 0 matched 1 did not; NestedCondition on NotReactiveWebApplicationCondition.ReactiveWebApplication did not find reactive web application classes (NotReactiveWebApplicationCondition)

   HttpClientAutoConfiguration#clientHttpRequestFactoryBuilder matched:
      - @ConditionalOnMissingBean (types: org.springframework.boot.http.client.ClientHttpRequestFactoryBuilder<?>; SearchStrategy: all) did not find any beans (OnBeanCondition)

   HttpClientAutoConfiguration#clientHttpRequestFactorySettings matched:
      - @ConditionalOnMissingBean (types: org.springframework.boot.http.client.ClientHttpRequestFactorySettings; SearchStrategy: all) did not find any beans (OnBeanCondition)

   HttpClientObservationsAutoConfiguration matched:
      - @ConditionalOnClass found required class 'io.micrometer.observation.Observation' (OnClassCondition)
      - @ConditionalOnBean (types: io.micrometer.observation.ObservationRegistry; SearchStrategy: all) found bean 'observationRegistry' (OnBeanCondition)

   HttpClientObservationsAutoConfiguration.MeterFilterConfiguration matched:
      - @ConditionalOnClass found required class 'io.micrometer.core.instrument.MeterRegistry' (OnClassCondition)
      - @ConditionalOnBean (types: io.micrometer.core.instrument.MeterRegistry; SearchStrategy: all) found bean 'simpleMeterRegistry' (OnBeanCondition)

   HttpEncodingAutoConfiguration matched:
      - @ConditionalOnClass found required class 'org.springframework.web.filter.CharacterEncodingFilter' (OnClassCondition)
      - found 'session' scope (OnWebApplicationCondition)
      - @ConditionalOnBooleanProperty (server.servlet.encoding.enabled=true) matched (OnPropertyCondition)

   HttpEncodingAutoConfiguration#characterEncodingFilter matched:
      - @ConditionalOnMissingBean (types: org.springframework.web.filter.CharacterEncodingFilter; SearchStrategy: all) did not find any beans (OnBeanCondition)

   HttpMessageConvertersAutoConfiguration matched:
      - @ConditionalOnClass found required class 'org.springframework.http.converter.HttpMessageConverter' (OnClassCondition)
      - NoneNestedConditions 0 matched 1 did not; NestedCondition on HttpMessageConvertersAutoConfiguration.NotReactiveWebApplicationCondition.ReactiveWebApplication did not find reactive web application classes (HttpMessageConvertersAutoConfiguration.NotReactiveWebApplicationCondition)

   HttpMessageConvertersAutoConfiguration#messageConverters matched:
      - @ConditionalOnMissingBean (types: org.springframework.boot.autoconfigure.http.HttpMessageConverters; SearchStrategy: all) did not find any beans (OnBeanCondition)

   HttpMessageConvertersAutoConfiguration.StringHttpMessageConverterConfiguration matched:
      - @ConditionalOnClass found required class 'org.springframework.http.converter.StringHttpMessageConverter' (OnClassCondition)

   HttpMessageConvertersAutoConfiguration.StringHttpMessageConverterConfiguration#stringHttpMessageConverter matched:
      - @ConditionalOnMissingBean (types: org.springframework.http.converter.StringHttpMessageConverter; SearchStrategy: all) did not find any beans (OnBeanCondition)

   JacksonAutoConfiguration matched:
      - @ConditionalOnClass found required class 'com.fasterxml.jackson.databind.ObjectMapper' (OnClassCondition)

   JacksonAutoConfiguration.Jackson2ObjectMapperBuilderCustomizerConfiguration matched:
      - @ConditionalOnClass found required class 'org.springframework.http.converter.json.Jackson2ObjectMapperBuilder' (OnClassCondition)

   JacksonAutoConfiguration.JacksonObjectMapperBuilderConfiguration matched:
      - @ConditionalOnClass found required class 'org.springframework.http.converter.json.Jackson2ObjectMapperBuilder' (OnClassCondition)

   JacksonAutoConfiguration.JacksonObjectMapperBuilderConfiguration#jacksonObjectMapperBuilder matched:
      - @ConditionalOnMissingBean (types: org.springframework.http.converter.json.Jackson2ObjectMapperBuilder; SearchStrategy: all) did not find any beans (OnBeanCondition)

   JacksonAutoConfiguration.JacksonObjectMapperConfiguration matched:
      - @ConditionalOnClass found required class 'org.springframework.http.converter.json.Jackson2ObjectMapperBuilder' (OnClassCondition)

   JacksonAutoConfiguration.JacksonObjectMapperConfiguration#jacksonObjectMapper matched:
      - @ConditionalOnMissingBean (types: com.fasterxml.jackson.databind.ObjectMapper; SearchStrategy: all) did not find any beans (OnBeanCondition)

   JacksonAutoConfiguration.ParameterNamesModuleConfiguration matched:
      - @ConditionalOnClass found required class 'com.fasterxml.jackson.module.paramnames.ParameterNamesModule' (OnClassCondition)

   JacksonAutoConfiguration.ParameterNamesModuleConfiguration#parameterNamesModule matched:
      - @ConditionalOnMissingBean (types: com.fasterxml.jackson.module.paramnames.ParameterNamesModule; SearchStrategy: all) did not find any beans (OnBeanCondition)

   JacksonEndpointAutoConfiguration#endpointObjectMapper matched:
      - @ConditionalOnClass found required classes 'com.fasterxml.jackson.databind.ObjectMapper', 'org.springframework.http.converter.json.Jackson2ObjectMapperBuilder' (OnClassCondition)
      - @ConditionalOnBooleanProperty (management.endpoints.jackson.isolated-object-mapper=true) matched (OnPropertyCondition)

   JacksonHttpMessageConvertersConfiguration.MappingJackson2HttpMessageConverterConfiguration matched:
      - @ConditionalOnClass found required class 'com.fasterxml.jackson.databind.ObjectMapper' (OnClassCondition)
      - @ConditionalOnPreferredJsonMapper JACKSON no property was configured and Jackson is the default (OnPreferredJsonMapperCondition)
      - @ConditionalOnBean (types: com.fasterxml.jackson.databind.ObjectMapper; SearchStrategy: all) found bean 'jacksonObjectMapper' (OnBeanCondition)

   JacksonHttpMessageConvertersConfiguration.MappingJackson2HttpMessageConverterConfiguration#mappingJackson2HttpMessageConverter matched:
      - @ConditionalOnMissingBean (types: org.springframework.http.converter.json.MappingJackson2HttpMessageConverter ignored: ?; SearchStrategy: all) did not find any beans (OnBeanCondition)

   JdbcClientAutoConfiguration matched:
      - @ConditionalOnSingleCandidate (types: org.springframework.jdbc.core.namedparam.NamedParameterJdbcTemplate; SearchStrategy: all) found a single bean 'namedParameterJdbcTemplate'; @ConditionalOnMissingBean (types: org.springframework.jdbc.core.simple.JdbcClient; SearchStrategy: all) did not find any beans (OnBeanCondition)

   JdbcTemplateAutoConfiguration matched:
      - @ConditionalOnClass found required classes 'javax.sql.DataSource', 'org.springframework.jdbc.core.JdbcTemplate' (OnClassCondition)
      - @ConditionalOnSingleCandidate (types: javax.sql.DataSource; SearchStrategy: all) found a single bean 'dataSource' (OnBeanCondition)

   JdbcTemplateConfiguration matched:
      - @ConditionalOnMissingBean (types: org.springframework.jdbc.core.JdbcOperations; SearchStrategy: all) did not find any beans (OnBeanCondition)

   JpaBaseConfiguration#entityManagerFactory matched:
      - @ConditionalOnMissingBean (types: org.springframework.orm.jpa.LocalContainerEntityManagerFactoryBean,jakarta.persistence.EntityManagerFactory; SearchStrategy: all) did not find any beans (OnBeanCondition)

   JpaBaseConfiguration#entityManagerFactoryBuilder matched:
      - @ConditionalOnMissingBean (types: org.springframework.boot.orm.jpa.EntityManagerFactoryBuilder; SearchStrategy: all) did not find any beans (OnBeanCondition)

   JpaBaseConfiguration#jpaVendorAdapter matched:
      - @ConditionalOnMissingBean (types: org.springframework.orm.jpa.JpaVendorAdapter; SearchStrategy: all) did not find any beans (OnBeanCondition)

   JpaBaseConfiguration#transactionManager matched:
      - @ConditionalOnMissingBean (types: org.springframework.transaction.TransactionManager; SearchStrategy: all) did not find any beans (OnBeanCondition)

   JpaBaseConfiguration.JpaWebConfiguration matched:
      - @ConditionalOnClass found required class 'org.springframework.web.servlet.config.annotation.WebMvcConfigurer' (OnClassCondition)
      - found 'session' scope (OnWebApplicationCondition)
      - @ConditionalOnBooleanProperty (spring.jpa.open-in-view=true) matched (OnPropertyCondition)
      - @ConditionalOnMissingBean (types: org.springframework.orm.jpa.support.OpenEntityManagerInViewInterceptor,org.springframework.orm.jpa.support.OpenEntityManagerInViewFilter; SearchStrategy: all) did not find any beans (OnBeanCondition)

   JpaBaseConfiguration.PersistenceManagedTypesConfiguration matched:
      - @ConditionalOnMissingBean (types: org.springframework.orm.jpa.LocalContainerEntityManagerFactoryBean,jakarta.persistence.EntityManagerFactory; SearchStrategy: all) did not find any beans (OnBeanCondition)

   JpaBaseConfiguration.PersistenceManagedTypesConfiguration#persistenceManagedTypes matched:
      - @ConditionalOnMissingBean (types: org.springframework.orm.jpa.persistenceunit.PersistenceManagedTypes; SearchStrategy: all) did not find any beans (OnBeanCondition)

   JpaRepositoriesAutoConfiguration matched:
      - @ConditionalOnClass found required class 'org.springframework.data.jpa.repository.JpaRepository' (OnClassCondition)
      - @ConditionalOnBooleanProperty (spring.data.jpa.repositories.enabled=true) matched (OnPropertyCondition)
      - @ConditionalOnBean (types: javax.sql.DataSource; SearchStrategy: all) found bean 'dataSource'; @ConditionalOnMissingBean (types: org.springframework.data.jpa.repository.support.JpaRepositoryFactoryBean,org.springframework.data.jpa.repository.config.JpaRepositoryConfigExtension; SearchStrategy: all) did not find any beans (OnBeanCondition)

   JtaAutoConfiguration matched:
      - @ConditionalOnClass found required class 'jakarta.transaction.Transaction' (OnClassCondition)
      - @ConditionalOnBooleanProperty (spring.jta.enabled=true) matched (OnPropertyCondition)

   JvmMetricsAutoConfiguration matched:
      - @ConditionalOnClass found required class 'io.micrometer.core.instrument.MeterRegistry' (OnClassCondition)
      - @ConditionalOnBean (types: io.micrometer.core.instrument.MeterRegistry; SearchStrategy: all) found bean 'simpleMeterRegistry' (OnBeanCondition)

   JvmMetricsAutoConfiguration#classLoaderMetrics matched:
      - @ConditionalOnMissingBean (types: io.micrometer.core.instrument.binder.jvm.ClassLoaderMetrics; SearchStrategy: all) did not find any beans (OnBeanCondition)

   JvmMetricsAutoConfiguration#jvmCompilationMetrics matched:
      - @ConditionalOnMissingBean (types: io.micrometer.core.instrument.binder.jvm.JvmCompilationMetrics; SearchStrategy: all) did not find any beans (OnBeanCondition)

   JvmMetricsAutoConfiguration#jvmGcMetrics matched:
      - @ConditionalOnMissingBean (types: io.micrometer.core.instrument.binder.jvm.JvmGcMetrics; SearchStrategy: all) did not find any beans (OnBeanCondition)

   JvmMetricsAutoConfiguration#jvmHeapPressureMetrics matched:
      - @ConditionalOnMissingBean (types: io.micrometer.core.instrument.binder.jvm.JvmHeapPressureMetrics; SearchStrategy: all) did not find any beans (OnBeanCondition)

   JvmMetricsAutoConfiguration#jvmInfoMetrics matched:
      - @ConditionalOnMissingBean (types: io.micrometer.core.instrument.binder.jvm.JvmInfoMetrics; SearchStrategy: all) did not find any beans (OnBeanCondition)

   JvmMetricsAutoConfiguration#jvmMemoryMetrics matched:
      - @ConditionalOnMissingBean (types: io.micrometer.core.instrument.binder.jvm.JvmMemoryMetrics; SearchStrategy: all) did not find any beans (OnBeanCondition)

   JvmMetricsAutoConfiguration#jvmThreadMetrics matched:
      - @ConditionalOnMissingBean (types: io.micrometer.core.instrument.binder.jvm.JvmThreadMetrics; SearchStrategy: all) did not find any beans (OnBeanCondition)

   LifecycleAutoConfiguration#defaultLifecycleProcessor matched:
      - @ConditionalOnMissingBean (names: lifecycleProcessor; SearchStrategy: current) did not find any beans (OnBeanCondition)

   LogbackMetricsAutoConfiguration matched:
      - @ConditionalOnClass found required classes 'io.micrometer.core.instrument.MeterRegistry', 'ch.qos.logback.classic.LoggerContext', 'org.slf4j.LoggerFactory' (OnClassCondition)
      - LogbackLoggingCondition ILoggerFactory is a Logback LoggerContext (LogbackMetricsAutoConfiguration.LogbackLoggingCondition)
      - @ConditionalOnBean (types: io.micrometer.core.instrument.MeterRegistry; SearchStrategy: all) found bean 'simpleMeterRegistry' (OnBeanCondition)

   LogbackMetricsAutoConfiguration#logbackMetrics matched:
      - @ConditionalOnMissingBean (types: io.micrometer.core.instrument.binder.logging.LogbackMetrics; SearchStrategy: all) did not find any beans (OnBeanCondition)

   ManagementContextAutoConfiguration.SameManagementContextConfiguration matched:
      - Management Port actual port type (SAME) matched required type (OnManagementPortCondition)

   MetricsAutoConfiguration matched:
      - @ConditionalOnClass found required class 'io.micrometer.core.annotation.Timed' (OnClassCondition)

   MetricsAutoConfiguration#micrometerClock matched:
      - @ConditionalOnMissingBean (types: io.micrometer.core.instrument.Clock; SearchStrategy: all) did not find any beans (OnBeanCondition)

   MultipartAutoConfiguration matched:
      - @ConditionalOnClass found required classes 'jakarta.servlet.Servlet', 'org.springframework.web.multipart.support.StandardServletMultipartResolver', 'jakarta.servlet.MultipartConfigElement' (OnClassCondition)
      - found 'session' scope (OnWebApplicationCondition)
      - @ConditionalOnBooleanProperty (spring.servlet.multipart.enabled=true) matched (OnPropertyCondition)

   MultipartAutoConfiguration#multipartConfigElement matched:
      - @ConditionalOnMissingBean (types: jakarta.servlet.MultipartConfigElement; SearchStrategy: all) did not find any beans (OnBeanCondition)

   MultipartAutoConfiguration#multipartResolver matched:
      - @ConditionalOnMissingBean (types: org.springframework.web.multipart.MultipartResolver; SearchStrategy: all) did not find any beans (OnBeanCondition)

   NamedParameterJdbcTemplateConfiguration matched:
      - @ConditionalOnSingleCandidate (types: org.springframework.jdbc.core.JdbcTemplate; SearchStrategy: all) found a single bean 'jdbcTemplate'; @ConditionalOnMissingBean (types: org.springframework.jdbc.core.namedparam.NamedParameterJdbcOperations; SearchStrategy: all) did not find any beans (OnBeanCondition)

   NoOpCacheConfiguration matched:
      - Cache org.springframework.boot.autoconfigure.cache.NoOpCacheConfiguration automatic cache type (CacheCondition)

   ObservationAutoConfiguration matched:
      - @ConditionalOnClass found required class 'io.micrometer.observation.ObservationRegistry' (OnClassCondition)

   ObservationAutoConfiguration#observationRegistry matched:
      - @ConditionalOnMissingBean (types: io.micrometer.observation.ObservationRegistry; SearchStrategy: all) did not find any beans (OnBeanCondition)

   ObservationAutoConfiguration.MeterObservationHandlerConfiguration matched:
      - @ConditionalOnBean (types: io.micrometer.core.instrument.MeterRegistry; SearchStrategy: all) found bean 'simpleMeterRegistry'; @ConditionalOnMissingBean (types: io.micrometer.core.instrument.observation.MeterObservationHandler; SearchStrategy: all) did not find any beans (OnBeanCondition)

   ObservationAutoConfiguration.MeterObservationHandlerConfiguration.OnlyMetricsMeterObservationHandlerConfiguration matched:
      - @ConditionalOnMissingBean (types: ?; SearchStrategy: all) did not find any beans (OnBeanCondition)

   ObservationAutoConfiguration.OnlyMetricsConfiguration matched:
      - @ConditionalOnClass found required class 'io.micrometer.core.instrument.MeterRegistry'; @ConditionalOnMissingClass did not find unwanted class 'io.micrometer.tracing.Tracer' (OnClassCondition)

   PersistenceExceptionTranslationAutoConfiguration matched:
      - @ConditionalOnClass found required class 'org.springframework.dao.annotation.PersistenceExceptionTranslationPostProcessor' (OnClassCondition)

   PersistenceExceptionTranslationAutoConfiguration#persistenceExceptionTranslationPostProcessor matched:
      - @ConditionalOnBooleanProperty (spring.dao.exceptiontranslation.enabled=true) matched (OnPropertyCondition)
      - @ConditionalOnMissingBean (types: org.springframework.dao.annotation.PersistenceExceptionTranslationPostProcessor; SearchStrategy: all) did not find any beans (OnBeanCondition)

   PropertyPlaceholderAutoConfiguration#propertySourcesPlaceholderConfigurer matched:
      - @ConditionalOnMissingBean (types: org.springframework.context.support.PropertySourcesPlaceholderConfigurer; SearchStrategy: current) did not find any beans (OnBeanCondition)

   RepositoryMetricsAutoConfiguration matched:
      - @ConditionalOnClass found required class 'org.springframework.data.repository.Repository' (OnClassCondition)
      - @ConditionalOnBean (types: io.micrometer.core.instrument.MeterRegistry; SearchStrategy: all) found bean 'simpleMeterRegistry' (OnBeanCondition)

   RepositoryMetricsAutoConfiguration#metricsRepositoryMethodInvocationListener matched:
      - @ConditionalOnMissingBean (types: org.springframework.boot.actuate.metrics.data.MetricsRepositoryMethodInvocationListener; SearchStrategy: all) did not find any beans (OnBeanCondition)

   RepositoryMetricsAutoConfiguration#repositoryTagsProvider matched:
      - @ConditionalOnMissingBean (types: org.springframework.boot.actuate.metrics.data.RepositoryTagsProvider; SearchStrategy: all) did not find any beans (OnBeanCondition)

   RestClientAutoConfiguration matched:
      - @ConditionalOnClass found required class 'org.springframework.web.client.RestClient' (OnClassCondition)
      - AnyNestedCondition 1 matched 1 did not; NestedCondition on NotReactiveWebApplicationOrVirtualThreadsExecutorEnabledCondition.VirtualThreadsExecutorEnabled found non-matching nested conditions @ConditionalOnThreading did not find VIRTUAL; NestedCondition on NotReactiveWebApplicationOrVirtualThreadsExecutorEnabledCondition.NotReactiveWebApplication NoneNestedConditions 0 matched 1 did not; NestedCondition on NotReactiveWebApplicationCondition.ReactiveWebApplication did not find reactive web application classes (NotReactiveWebApplicationOrVirtualThreadsExecutorEnabledCondition)

   RestClientAutoConfiguration#httpMessageConvertersRestClientCustomizer matched:
      - @ConditionalOnMissingBean (types: org.springframework.boot.autoconfigure.web.client.HttpMessageConvertersRestClientCustomizer; SearchStrategy: all) did not find any beans (OnBeanCondition)

   RestClientAutoConfiguration#restClientBuilder matched:
      - @ConditionalOnMissingBean (types: org.springframework.web.client.RestClient$Builder; SearchStrategy: all) did not find any beans (OnBeanCondition)

   RestClientAutoConfiguration#restClientBuilderConfigurer matched:
      - @ConditionalOnMissingBean (types: org.springframework.boot.autoconfigure.web.client.RestClientBuilderConfigurer; SearchStrategy: all) did not find any beans (OnBeanCondition)

   RestClientAutoConfiguration#restClientSsl matched:
      - @ConditionalOnBean (types: org.springframework.boot.ssl.SslBundles; SearchStrategy: all) found bean 'sslBundleRegistry'; @ConditionalOnMissingBean (types: org.springframework.boot.autoconfigure.web.client.RestClientSsl; SearchStrategy: all) did not find any beans (OnBeanCondition)

   RestClientObservationConfiguration matched:
      - @ConditionalOnClass found required class 'org.springframework.web.client.RestClient' (OnClassCondition)
      - @ConditionalOnBean (types: org.springframework.web.client.RestClient$Builder; SearchStrategy: all) found bean 'restClientBuilder' (OnBeanCondition)

   RestTemplateAutoConfiguration matched:
      - @ConditionalOnClass found required class 'org.springframework.web.client.RestTemplate' (OnClassCondition)
      - NoneNestedConditions 0 matched 1 did not; NestedCondition on NotReactiveWebApplicationCondition.ReactiveWebApplication did not find reactive web application classes (NotReactiveWebApplicationCondition)

   RestTemplateAutoConfiguration#restTemplateBuilder matched:
      - @ConditionalOnMissingBean (types: org.springframework.boot.web.client.RestTemplateBuilder; SearchStrategy: all) did not find any beans (OnBeanCondition)

   RestTemplateObservationConfiguration matched:
      - @ConditionalOnClass found required class 'org.springframework.web.client.RestTemplate' (OnClassCondition)
      - @ConditionalOnBean (types: org.springframework.boot.web.client.RestTemplateBuilder; SearchStrategy: all) found bean 'restTemplateBuilder' (OnBeanCondition)

   ScheduledTasksObservabilityAutoConfiguration matched:
      - @ConditionalOnClass found required class 'org.springframework.scheduling.concurrent.ThreadPoolTaskScheduler' (OnClassCondition)
      - @ConditionalOnBean (types: io.micrometer.observation.ObservationRegistry; SearchStrategy: all) found bean 'observationRegistry' (OnBeanCondition)

   SecurityFilterAutoConfiguration matched:
      - @ConditionalOnClass found required classes 'org.springframework.security.web.context.AbstractSecurityWebApplicationInitializer', 'org.springframework.security.config.http.SessionCreationPolicy' (OnClassCondition)
      - found 'session' scope (OnWebApplicationCondition)

   SecurityFilterAutoConfiguration#securityFilterChainRegistration matched:
      - @ConditionalOnBean (names: springSecurityFilterChain; SearchStrategy: all) found bean 'springSecurityFilterChain' (OnBeanCondition)

   SecurityRequestMatchersManagementContextConfiguration matched:
      - @ConditionalOnClass found required class 'org.springframework.security.web.util.matcher.RequestMatcher' (OnClassCondition)
      - found 'session' scope (OnWebApplicationCondition)

   SecurityRequestMatchersManagementContextConfiguration.MvcRequestMatcherConfiguration matched:
      - @ConditionalOnClass found required class 'org.springframework.web.servlet.DispatcherServlet' (OnClassCondition)
      - @ConditionalOnBean (types: org.springframework.boot.autoconfigure.web.servlet.DispatcherServletPath; SearchStrategy: all) found bean 'dispatcherServletRegistration' (OnBeanCondition)

   SecurityRequestMatchersManagementContextConfiguration.MvcRequestMatcherConfiguration#requestMatcherProvider matched:
      - @ConditionalOnClass found required class 'org.springframework.web.servlet.DispatcherServlet' (OnClassCondition)
      - @ConditionalOnMissingBean (types: org.springframework.boot.actuate.autoconfigure.security.servlet.RequestMatcherProvider; SearchStrategy: all) did not find any beans (OnBeanCondition)

   ServletEndpointManagementContextConfiguration matched:
      - found 'session' scope (OnWebApplicationCondition)

   ServletEndpointManagementContextConfiguration.WebMvcServletEndpointManagementContextConfiguration matched:
      - @ConditionalOnClass found required class 'org.springframework.web.servlet.DispatcherServlet' (OnClassCondition)

   ServletManagementContextAutoConfiguration matched:
      - @ConditionalOnClass found required class 'jakarta.servlet.Servlet' (OnClassCondition)
      - found 'session' scope (OnWebApplicationCondition)

   ServletWebServerFactoryAutoConfiguration matched:
      - @ConditionalOnClass found required class 'jakarta.servlet.ServletRequest' (OnClassCondition)
      - found 'session' scope (OnWebApplicationCondition)

   ServletWebServerFactoryAutoConfiguration#tomcatServletWebServerFactoryCustomizer matched:
      - @ConditionalOnClass found required class 'org.apache.catalina.startup.Tomcat' (OnClassCondition)

   ServletWebServerFactoryConfiguration.EmbeddedTomcat matched:
      - @ConditionalOnClass found required classes 'jakarta.servlet.Servlet', 'org.apache.catalina.startup.Tomcat', 'org.apache.coyote.UpgradeProtocol' (OnClassCondition)
      - @ConditionalOnMissingBean (types: org.springframework.boot.web.servlet.server.ServletWebServerFactory; SearchStrategy: current) did not find any beans (OnBeanCondition)

   SimpleCacheConfiguration matched:
      - Cache org.springframework.boot.autoconfigure.cache.SimpleCacheConfiguration automatic cache type (CacheCondition)

   SimpleMetricsExportAutoConfiguration matched:
      - @ConditionalOnEnabledMetricsExport management.defaults.metrics.export.enabled is considered true (OnMetricsExportEnabledCondition)
      - @ConditionalOnBean (types: io.micrometer.core.instrument.Clock; SearchStrategy: all) found bean 'micrometerClock'; @ConditionalOnMissingBean (types: io.micrometer.core.instrument.MeterRegistry; SearchStrategy: all) did not find any beans (OnBeanCondition)

   SimpleMetricsExportAutoConfiguration#simpleConfig matched:
      - @ConditionalOnMissingBean (types: io.micrometer.core.instrument.simple.SimpleConfig; SearchStrategy: all) did not find any beans (OnBeanCondition)

   SpringDataWebAutoConfiguration matched:
      - @ConditionalOnClass found required classes 'org.springframework.data.web.PageableHandlerMethodArgumentResolver', 'org.springframework.web.servlet.config.annotation.WebMvcConfigurer' (OnClassCondition)
      - found 'session' scope (OnWebApplicationCondition)
      - @ConditionalOnMissingBean (types: org.springframework.data.web.PageableHandlerMethodArgumentResolver; SearchStrategy: all) did not find any beans (OnBeanCondition)

   SpringDataWebAutoConfiguration#pageableCustomizer matched:
      - @ConditionalOnMissingBean (types: org.springframework.data.web.config.PageableHandlerMethodArgumentResolverCustomizer; SearchStrategy: all) did not find any beans (OnBeanCondition)

   SpringDataWebAutoConfiguration#sortCustomizer matched:
      - @ConditionalOnMissingBean (types: org.springframework.data.web.config.SortHandlerMethodArgumentResolverCustomizer; SearchStrategy: all) did not find any beans (OnBeanCondition)

   SpringDataWebAutoConfiguration#springDataWebSettings matched:
      - @ConditionalOnMissingBean (types: org.springframework.data.web.config.SpringDataWebSettings; SearchStrategy: all) did not find any beans (OnBeanCondition)

   SqlInitializationAutoConfiguration matched:
      - @ConditionalOnBooleanProperty (spring.sql.init.enabled=true) matched (OnPropertyCondition)
      - NoneNestedConditions 0 matched 1 did not; NestedCondition on SqlInitializationAutoConfiguration.SqlInitializationModeCondition.ModeIsNever @ConditionalOnProperty (spring.sql.init.mode=never) did not find property 'spring.sql.init.mode' (SqlInitializationAutoConfiguration.SqlInitializationModeCondition)

   SslAutoConfiguration#sslBundleRegistry matched:
      - @ConditionalOnMissingBean (types: org.springframework.boot.ssl.SslBundleRegistry,org.springframework.boot.ssl.SslBundles; SearchStrategy: all) did not find any beans (OnBeanCondition)

   SslHealthContributorAutoConfiguration matched:
      - @ConditionalOnEnabledHealthIndicator management.health.defaults.enabled is considered true (OnEnabledHealthIndicatorCondition)

   SslHealthContributorAutoConfiguration#sslHealthIndicator matched:
      - @ConditionalOnMissingBean (names: sslHealthIndicator; SearchStrategy: all) did not find any beans (OnBeanCondition)

   SslHealthContributorAutoConfiguration#sslInfo matched:
      - @ConditionalOnMissingBean (types: org.springframework.boot.info.SslInfo; SearchStrategy: all) did not find any beans (OnBeanCondition)

   SslObservabilityAutoConfiguration matched:
      - @ConditionalOnClass found required class 'io.micrometer.core.instrument.MeterRegistry' (OnClassCondition)
      - @ConditionalOnBean (types: io.micrometer.core.instrument.MeterRegistry,org.springframework.boot.ssl.SslBundles; SearchStrategy: all) found beans 'sslBundleRegistry', 'simpleMeterRegistry' (OnBeanCondition)

   StartupTimeMetricsListenerAutoConfiguration matched:
      - @ConditionalOnClass found required class 'io.micrometer.core.instrument.MeterRegistry' (OnClassCondition)
      - @ConditionalOnBean (types: io.micrometer.core.instrument.MeterRegistry; SearchStrategy: all) found bean 'simpleMeterRegistry' (OnBeanCondition)

   StartupTimeMetricsListenerAutoConfiguration#startupTimeMetrics matched:
      - @ConditionalOnMissingBean (types: org.springframework.boot.actuate.metrics.startup.StartupTimeMetricsListener; SearchStrategy: all) did not find any beans (OnBeanCondition)

   SystemMetricsAutoConfiguration matched:
      - @ConditionalOnClass found required class 'io.micrometer.core.instrument.MeterRegistry' (OnClassCondition)
      - @ConditionalOnBean (types: io.micrometer.core.instrument.MeterRegistry; SearchStrategy: all) found bean 'simpleMeterRegistry' (OnBeanCondition)

   SystemMetricsAutoConfiguration#diskSpaceMetrics matched:
      - @ConditionalOnMissingBean (types: org.springframework.boot.actuate.metrics.system.DiskSpaceMetricsBinder; SearchStrategy: all) did not find any beans (OnBeanCondition)

   SystemMetricsAutoConfiguration#fileDescriptorMetrics matched:
      - @ConditionalOnMissingBean (types: io.micrometer.core.instrument.binder.system.FileDescriptorMetrics; SearchStrategy: all) did not find any beans (OnBeanCondition)

   SystemMetricsAutoConfiguration#processorMetrics matched:
      - @ConditionalOnMissingBean (types: io.micrometer.core.instrument.binder.system.ProcessorMetrics; SearchStrategy: all) did not find any beans (OnBeanCondition)

   SystemMetricsAutoConfiguration#uptimeMetrics matched:
      - @ConditionalOnMissingBean (types: io.micrometer.core.instrument.binder.system.UptimeMetrics; SearchStrategy: all) did not find any beans (OnBeanCondition)

   TaskExecutionAutoConfiguration matched:
      - @ConditionalOnClass found required class 'org.springframework.scheduling.concurrent.ThreadPoolTaskExecutor' (OnClassCondition)

   TaskExecutorConfigurations.AsyncConfigurerConfiguration matched:
      - @ConditionalOnMissingBean (types: org.springframework.scheduling.annotation.AsyncConfigurer; SearchStrategy: all) did not find any beans (OnBeanCondition)

   TaskExecutorConfigurations.AsyncConfigurerConfiguration#applicationTaskExecutorAsyncConfigurer matched:
      - @ConditionalOnMissingBean (types: org.springframework.scheduling.annotation.AsyncConfigurer; SearchStrategy: all) did not find any beans (OnBeanCondition)

   TaskExecutorConfigurations.SimpleAsyncTaskExecutorBuilderConfiguration#simpleAsyncTaskExecutorBuilder matched:
      - @ConditionalOnMissingBean (types: org.springframework.boot.task.SimpleAsyncTaskExecutorBuilder; SearchStrategy: all) did not find any beans (OnBeanCondition)
      - @ConditionalOnThreading found PLATFORM (OnThreadingCondition)

   TaskExecutorConfigurations.TaskExecutorConfiguration matched:
      - AnyNestedCondition 1 matched 1 did not; NestedCondition on TaskExecutorConfigurations.OnExecutorCondition.ModelCondition @ConditionalOnProperty (spring.task.execution.mode=force) did not find property 'spring.task.execution.mode'; NestedCondition on TaskExecutorConfigurations.OnExecutorCondition.ExecutorBeanCondition @ConditionalOnMissingBean (types: java.util.concurrent.Executor; SearchStrategy: all) did not find any beans (TaskExecutorConfigurations.OnExecutorCondition)

   TaskExecutorConfigurations.TaskExecutorConfiguration#applicationTaskExecutor matched:
      - @ConditionalOnThreading found PLATFORM (OnThreadingCondition)

   TaskExecutorConfigurations.ThreadPoolTaskExecutorBuilderConfiguration#threadPoolTaskExecutorBuilder matched:
      - @ConditionalOnMissingBean (types: org.springframework.boot.task.ThreadPoolTaskExecutorBuilder; SearchStrategy: all) did not find any beans (OnBeanCondition)

   TaskExecutorMetricsAutoConfiguration matched:
      - @ConditionalOnClass found required class 'io.micrometer.core.instrument.binder.jvm.ExecutorServiceMetrics' (OnClassCondition)
      - @ConditionalOnBean (types: java.util.concurrent.Executor,io.micrometer.core.instrument.MeterRegistry; SearchStrategy: all) found beans 'applicationTaskExecutor', 'simpleMeterRegistry' (OnBeanCondition)

   TaskSchedulingAutoConfiguration matched:
      - @ConditionalOnClass found required class 'org.springframework.scheduling.concurrent.ThreadPoolTaskScheduler' (OnClassCondition)

   TaskSchedulingConfigurations.SimpleAsyncTaskSchedulerBuilderConfiguration#simpleAsyncTaskSchedulerBuilder matched:
      - @ConditionalOnMissingBean (types: org.springframework.boot.task.SimpleAsyncTaskSchedulerBuilder; SearchStrategy: all) did not find any beans (OnBeanCondition)
      - @ConditionalOnThreading found PLATFORM (OnThreadingCondition)

   TaskSchedulingConfigurations.ThreadPoolTaskSchedulerBuilderConfiguration#threadPoolTaskSchedulerBuilder matched:
      - @ConditionalOnMissingBean (types: org.springframework.boot.task.ThreadPoolTaskSchedulerBuilder; SearchStrategy: all) did not find any beans (OnBeanCondition)

   TomcatMetricsAutoConfiguration matched:
      - @ConditionalOnClass found required classes 'io.micrometer.core.instrument.binder.tomcat.TomcatMetrics', 'org.apache.catalina.Manager' (OnClassCondition)
      - @ConditionalOnWebApplication (required) found 'session' scope (OnWebApplicationCondition)

   TomcatMetricsAutoConfiguration#tomcatMetricsBinder matched:
      - @ConditionalOnBean (types: io.micrometer.core.instrument.MeterRegistry; SearchStrategy: all) found bean 'simpleMeterRegistry'; @ConditionalOnMissingBean (types: io.micrometer.core.instrument.binder.tomcat.TomcatMetrics,org.springframework.boot.actuate.metrics.web.tomcat.TomcatMetricsBinder; SearchStrategy: all) did not find any beans (OnBeanCondition)

   TransactionAutoConfiguration matched:
      - @ConditionalOnClass found required class 'org.springframework.transaction.PlatformTransactionManager' (OnClassCondition)

   TransactionAutoConfiguration.EnableTransactionManagementConfiguration matched:
      - @ConditionalOnBean (types: org.springframework.transaction.TransactionManager; SearchStrategy: all) found bean 'transactionManager'; @ConditionalOnMissingBean (types: org.springframework.transaction.annotation.AbstractTransactionManagementConfiguration; SearchStrategy: all) did not find any beans (OnBeanCondition)

   TransactionAutoConfiguration.EnableTransactionManagementConfiguration.CglibAutoProxyConfiguration matched:
      - @ConditionalOnBooleanProperty (spring.aop.proxy-target-class=true) matched (OnPropertyCondition)

   TransactionAutoConfiguration.TransactionTemplateConfiguration matched:
      - @ConditionalOnSingleCandidate (types: org.springframework.transaction.PlatformTransactionManager; SearchStrategy: all) found a single bean 'transactionManager' (OnBeanCondition)

   TransactionAutoConfiguration.TransactionTemplateConfiguration#transactionTemplate matched:
      - @ConditionalOnMissingBean (types: org.springframework.transaction.support.TransactionOperations; SearchStrategy: all) did not find any beans (OnBeanCondition)

   TransactionManagerCustomizationAutoConfiguration matched:
      - @ConditionalOnClass found required class 'org.springframework.transaction.PlatformTransactionManager' (OnClassCondition)

   TransactionManagerCustomizationAutoConfiguration#platformTransactionManagerCustomizers matched:
      - @ConditionalOnMissingBean (types: org.springframework.boot.autoconfigure.transaction.TransactionManagerCustomizers; SearchStrategy: all) did not find any beans (OnBeanCondition)

   UserDetailsServiceAutoConfiguration matched:
      - @ConditionalOnClass found required class 'org.springframework.security.authentication.AuthenticationManager' (OnClassCondition)
      - found 'session' scope (OnWebApplicationCondition)
      - AnyNestedCondition 3 matched 0 did not; NestedCondition on UserDetailsServiceAutoConfiguration.MissingAlternativeOrUserPropertiesConfigured.PasswordConfigured @ConditionalOnProperty (spring.security.user.password) matched; NestedCondition on UserDetailsServiceAutoConfiguration.MissingAlternativeOrUserPropertiesConfigured.NameConfigured @ConditionalOnProperty (spring.security.user.name) matched; NestedCondition on UserDetailsServiceAutoConfiguration.MissingAlternativeOrUserPropertiesConfigured.MissingAlternative @ConditionalOnMissingClass did not find unwanted classes 'org.springframework.security.oauth2.client.registration.ClientRegistrationRepository', 'org.springframework.security.oauth2.server.resource.introspection.OpaqueTokenIntrospector', 'org.springframework.security.saml2.provider.service.registration.RelyingPartyRegistrationRepository' (UserDetailsServiceAutoConfiguration.MissingAlternativeOrUserPropertiesConfigured)
      - @ConditionalOnBean (types: org.springframework.security.config.ObjectPostProcessor; SearchStrategy: all) found beans 'objectPostProcessor', 'webAuthorizationManagerPostProcessor', 'filterChainDecoratorPostProcessor', 'authenticationManagerPostProcessor'; @ConditionalOnMissingBean (types: org.springframework.security.authentication.AuthenticationManager,org.springframework.security.authentication.AuthenticationProvider,org.springframework.security.core.userdetails.UserDetailsService,org.springframework.security.authentication.AuthenticationManagerResolver,?; SearchStrategy: all) did not find any beans (OnBeanCondition)

   WebEndpointAutoConfiguration matched:
      - @ConditionalOnWebApplication (required) found 'session' scope (OnWebApplicationCondition)

   WebEndpointAutoConfiguration#controllerEndpointDiscoverer matched:
      - @ConditionalOnMissingBean (types: org.springframework.boot.actuate.endpoint.web.annotation.ControllerEndpointsSupplier; SearchStrategy: all) did not find any beans (OnBeanCondition)

   WebEndpointAutoConfiguration#endpointMediaTypes matched:
      - @ConditionalOnMissingBean (types: org.springframework.boot.actuate.endpoint.web.EndpointMediaTypes; SearchStrategy: all) did not find any beans (OnBeanCondition)

   WebEndpointAutoConfiguration#pathMappedEndpoints matched:
      - @ConditionalOnMissingBean (types: org.springframework.boot.actuate.endpoint.web.PathMappedEndpoints; SearchStrategy: all) did not find any beans (OnBeanCondition)

   WebEndpointAutoConfiguration#webEndpointDiscoverer matched:
      - @ConditionalOnMissingBean (types: org.springframework.boot.actuate.endpoint.web.WebEndpointsSupplier; SearchStrategy: all) did not find any beans (OnBeanCondition)

   WebEndpointAutoConfiguration.WebEndpointServletConfiguration matched:
      - found 'session' scope (OnWebApplicationCondition)

   WebEndpointAutoConfiguration.WebEndpointServletConfiguration#servletEndpointDiscoverer matched:
      - @ConditionalOnMissingBean (types: org.springframework.boot.actuate.endpoint.web.annotation.ServletEndpointsSupplier; SearchStrategy: all) did not find any beans (OnBeanCondition)

   WebMvcAutoConfiguration matched:
      - @ConditionalOnClass found required classes 'jakarta.servlet.Servlet', 'org.springframework.web.servlet.DispatcherServlet', 'org.springframework.web.servlet.config.annotation.WebMvcConfigurer' (OnClassCondition)
      - found 'session' scope (OnWebApplicationCondition)
      - @ConditionalOnMissingBean (types: org.springframework.web.servlet.config.annotation.WebMvcConfigurationSupport; SearchStrategy: all) did not find any beans (OnBeanCondition)

   WebMvcAutoConfiguration#formContentFilter matched:
      - @ConditionalOnBooleanProperty (spring.mvc.formcontent.filter.enabled=true) matched (OnPropertyCondition)
      - @ConditionalOnMissingBean (types: org.springframework.web.filter.FormContentFilter; SearchStrategy: all) did not find any beans (OnBeanCondition)

   WebMvcAutoConfiguration.EnableWebMvcConfiguration#flashMapManager matched:
      - @ConditionalOnMissingBean (names: flashMapManager; SearchStrategy: all) did not find any beans (OnBeanCondition)

   WebMvcAutoConfiguration.EnableWebMvcConfiguration#localeResolver matched:
      - @ConditionalOnMissingBean (names: localeResolver; SearchStrategy: all) did not find any beans (OnBeanCondition)

   WebMvcAutoConfiguration.EnableWebMvcConfiguration#themeResolver matched:
      - @ConditionalOnMissingBean (names: themeResolver; SearchStrategy: all) did not find any beans (OnBeanCondition)

   WebMvcAutoConfiguration.EnableWebMvcConfiguration#viewNameTranslator matched:
      - @ConditionalOnMissingBean (names: viewNameTranslator; SearchStrategy: all) did not find any beans (OnBeanCondition)

   WebMvcAutoConfiguration.WebMvcAutoConfigurationAdapter#defaultViewResolver matched:
      - @ConditionalOnMissingBean (types: org.springframework.web.servlet.view.InternalResourceViewResolver; SearchStrategy: all) did not find any beans (OnBeanCondition)

   WebMvcAutoConfiguration.WebMvcAutoConfigurationAdapter#requestContextFilter matched:
      - @ConditionalOnMissingBean (types: org.springframework.web.context.request.RequestContextListener,org.springframework.web.filter.RequestContextFilter; SearchStrategy: all) did not find any beans (OnBeanCondition)

   WebMvcAutoConfiguration.WebMvcAutoConfigurationAdapter#viewResolver matched:
      - @ConditionalOnBean (types: org.springframework.web.servlet.ViewResolver; SearchStrategy: all) found beans 'defaultViewResolver', 'beanNameViewResolver', 'mvcViewResolver'; @ConditionalOnMissingBean (names: viewResolver types: org.springframework.web.servlet.view.ContentNegotiatingViewResolver; SearchStrategy: all) did not find any beans (OnBeanCondition)

   WebMvcEndpointManagementContextConfiguration matched:
      - @ConditionalOnClass found required class 'org.springframework.web.servlet.DispatcherServlet' (OnClassCondition)
      - found 'session' scope (OnWebApplicationCondition)
      - @ConditionalOnBean (types: org.springframework.web.servlet.DispatcherServlet,org.springframework.boot.actuate.endpoint.web.WebEndpointsSupplier; SearchStrategy: all) found beans 'webEndpointDiscoverer', 'dispatcherServlet' (OnBeanCondition)

   WebMvcEndpointManagementContextConfiguration#controllerEndpointHandlerMapping matched:
      - @ConditionalOnMissingBean (types: org.springframework.boot.actuate.endpoint.web.servlet.ControllerEndpointHandlerMapping; SearchStrategy: all) did not find any beans (OnBeanCondition)

   WebMvcEndpointManagementContextConfiguration#endpointObjectMapperWebMvcConfigurer matched:
      - @ConditionalOnBean (types: org.springframework.boot.actuate.endpoint.jackson.EndpointObjectMapper; SearchStrategy: all) found bean 'endpointObjectMapper' (OnBeanCondition)

   WebMvcEndpointManagementContextConfiguration#webEndpointServletHandlerMapping matched:
      - @ConditionalOnMissingBean (types: org.springframework.boot.actuate.endpoint.web.servlet.WebMvcEndpointHandlerMapping; SearchStrategy: all) did not find any beans (OnBeanCondition)

   WebMvcObservationAutoConfiguration matched:
      - @ConditionalOnClass found required classes 'org.springframework.web.servlet.DispatcherServlet', 'io.micrometer.observation.Observation' (OnClassCondition)
      - found 'session' scope (OnWebApplicationCondition)
      - @ConditionalOnBean (types: io.micrometer.observation.ObservationRegistry; SearchStrategy: all) found bean 'observationRegistry' (OnBeanCondition)

   WebMvcObservationAutoConfiguration#webMvcObservationFilter matched:
      - @ConditionalOnMissingBean (types: org.springframework.web.filter.ServerHttpObservationFilter; SearchStrategy: all) did not find any beans (OnBeanCondition)

   WebMvcObservationAutoConfiguration.MeterFilterConfiguration matched:
      - @ConditionalOnClass found required class 'io.micrometer.core.instrument.MeterRegistry' (OnClassCondition)
      - @ConditionalOnBean (types: io.micrometer.core.instrument.MeterRegistry; SearchStrategy: all) found bean 'simpleMeterRegistry' (OnBeanCondition)

   WebSocketServletAutoConfiguration matched:
      - @ConditionalOnClass found required classes 'jakarta.servlet.Servlet', 'jakarta.websocket.server.ServerContainer' (OnClassCondition)
      - found 'session' scope (OnWebApplicationCondition)

   WebSocketServletAutoConfiguration.TomcatWebSocketConfiguration matched:
      - @ConditionalOnClass found required classes 'org.apache.catalina.startup.Tomcat', 'org.apache.tomcat.websocket.server.WsSci' (OnClassCondition)

   WebSocketServletAutoConfiguration.TomcatWebSocketConfiguration#websocketServletWebServerCustomizer matched:
      - @ConditionalOnMissingBean (names: websocketServletWebServerCustomizer; SearchStrategy: all) did not find any beans (OnBeanCondition)


Negative matches:
-----------------

   ActiveMQAutoConfiguration:
      Did not match:
         - @ConditionalOnClass did not find required class 'jakarta.jms.ConnectionFactory' (OnClassCondition)

   AopAutoConfiguration.AspectJAutoProxyingConfiguration.JdkDynamicAutoProxyConfiguration:
      Did not match:
         - @ConditionalOnBooleanProperty (spring.aop.proxy-target-class=false) did not find property 'spring.aop.proxy-target-class' (OnPropertyCondition)

   AopAutoConfiguration.ClassProxyingConfiguration:
      Did not match:
         - @ConditionalOnMissingClass found unwanted class 'org.aspectj.weaver.Advice' (OnClassCondition)

   AppOpticsMetricsExportAutoConfiguration:
      Did not match:
         - @ConditionalOnClass did not find required class 'io.micrometer.appoptics.AppOpticsMeterRegistry' (OnClassCondition)

   ArtemisAutoConfiguration:
      Did not match:
         - @ConditionalOnClass did not find required class 'jakarta.jms.ConnectionFactory' (OnClassCondition)

   AtlasMetricsExportAutoConfiguration:
      Did not match:
         - @ConditionalOnClass did not find required class 'io.micrometer.atlas.AtlasMeterRegistry' (OnClassCondition)

   AuditAutoConfiguration:
      Did not match:
         - @ConditionalOnBean (types: org.springframework.boot.actuate.audit.AuditEventRepository; SearchStrategy: all) did not find any beans of type org.springframework.boot.actuate.audit.AuditEventRepository (OnBeanCondition)
      Matched:
         - @ConditionalOnBooleanProperty (management.auditevents.enabled=true) matched (OnPropertyCondition)

   AuditEventsEndpointAutoConfiguration:
      Did not match:
         - @ConditionalOnAvailableEndpoint not exposed (OnAvailableEndpointCondition)

   AvailabilityHealthContributorAutoConfiguration#livenessStateHealthIndicator:
      Did not match:
         - @ConditionalOnBooleanProperty (management.health.livenessstate.enabled=true) did not find property 'management.health.livenessstate.enabled' (OnPropertyCondition)

   AvailabilityHealthContributorAutoConfiguration#readinessStateHealthIndicator:
      Did not match:
         - @ConditionalOnBooleanProperty (management.health.readinessstate.enabled=true) did not find property 'management.health.readinessstate.enabled' (OnPropertyCondition)

   AvailabilityProbesAutoConfiguration:
      Did not match:
         - Probes availability not running on a supported cloud platform (AvailabilityProbesAutoConfiguration.ProbesCondition)

   BatchAutoConfiguration:
      Did not match:
         - @ConditionalOnClass did not find required class 'org.springframework.batch.core.launch.JobLauncher' (OnClassCondition)

   BatchObservationAutoConfiguration:
      Did not match:
         - @ConditionalOnClass did not find required class 'org.springframework.batch.core.configuration.annotation.BatchObservabilityBeanPostProcessor' (OnClassCondition)

   BeansEndpointAutoConfiguration:
      Did not match:
         - @ConditionalOnAvailableEndpoint not exposed (OnAvailableEndpointCondition)

   BraveAutoConfiguration:
      Did not match:
         - @ConditionalOnClass did not find required class 'brave.Tracer' (OnClassCondition)

   Cache2kCacheConfiguration:
      Did not match:
         - @ConditionalOnClass did not find required class 'org.cache2k.Cache2kBuilder' (OnClassCondition)

   CacheAutoConfiguration:
      Did not match:
         - @ConditionalOnBean (types: org.springframework.cache.interceptor.CacheAspectSupport; SearchStrategy: all) did not find any beans of type org.springframework.cache.interceptor.CacheAspectSupport (OnBeanCondition)
      Matched:
         - @ConditionalOnClass found required class 'org.springframework.cache.CacheManager' (OnClassCondition)

   CacheAutoConfiguration.CacheManagerEntityManagerFactoryDependsOnPostProcessor:
      Did not match:
         - Ancestor org.springframework.boot.autoconfigure.cache.CacheAutoConfiguration did not match (ConditionEvaluationReport.AncestorsMatchedCondition)
      Matched:
         - @ConditionalOnClass found required class 'org.springframework.orm.jpa.LocalContainerEntityManagerFactoryBean' (OnClassCondition)

   CacheMeterBinderProvidersConfiguration.Cache2kCacheMeterBinderProviderConfiguration:
      Did not match:
         - @ConditionalOnClass did not find required classes 'org.cache2k.Cache2kBuilder', 'org.cache2k.extra.spring.SpringCache2kCache', 'org.cache2k.extra.micrometer.Cache2kCacheMetrics' (OnClassCondition)

   CacheMeterBinderProvidersConfiguration.CaffeineCacheMeterBinderProviderConfiguration:
      Did not match:
         - @ConditionalOnClass did not find required classes 'org.springframework.cache.caffeine.CaffeineCache', 'com.github.benmanes.caffeine.cache.Cache' (OnClassCondition)

   CacheMeterBinderProvidersConfiguration.HazelcastCacheMeterBinderProviderConfiguration:
      Did not match:
         - @ConditionalOnClass did not find required classes 'com.hazelcast.spring.cache.HazelcastCache', 'com.hazelcast.core.Hazelcast' (OnClassCondition)

   CacheMeterBinderProvidersConfiguration.JCacheCacheMeterBinderProviderConfiguration:
      Did not match:
         - @ConditionalOnClass did not find required classes 'org.springframework.cache.jcache.JCacheCache', 'javax.cache.CacheManager' (OnClassCondition)

   CacheMeterBinderProvidersConfiguration.RedisCacheMeterBinderProviderConfiguration:
      Did not match:
         - @ConditionalOnClass did not find required class 'org.springframework.data.redis.cache.RedisCache' (OnClassCondition)

   CacheMetricsAutoConfiguration:
      Did not match:
         - @ConditionalOnBean (types: org.springframework.cache.CacheManager; SearchStrategy: all) did not find any beans of type org.springframework.cache.CacheManager (OnBeanCondition)

   CachesEndpointAutoConfiguration:
      Did not match:
         - @ConditionalOnAvailableEndpoint not exposed (OnAvailableEndpointCondition)
      Matched:
         - @ConditionalOnClass found required class 'org.springframework.cache.CacheManager' (OnClassCondition)

   CaffeineCacheConfiguration:
      Did not match:
         - @ConditionalOnClass did not find required class 'com.github.benmanes.caffeine.cache.Caffeine' (OnClassCondition)

   CassandraAutoConfiguration:
      Did not match:
         - @ConditionalOnClass did not find required class 'com.datastax.oss.driver.api.core.CqlSession' (OnClassCondition)

   CassandraDataAutoConfiguration:
      Did not match:
         - @ConditionalOnClass did not find required class 'com.datastax.oss.driver.api.core.CqlSession' (OnClassCondition)

   CassandraHealthContributorAutoConfiguration:
      Did not match:
         - @ConditionalOnClass did not find required class 'com.datastax.oss.driver.api.core.CqlSession' (OnClassCondition)

   CassandraReactiveDataAutoConfiguration:
      Did not match:
         - @ConditionalOnClass did not find required class 'com.datastax.oss.driver.api.core.CqlSession' (OnClassCondition)

   CassandraReactiveHealthContributorAutoConfiguration:
      Did not match:
         - @ConditionalOnClass did not find required class 'com.datastax.oss.driver.api.core.CqlSession' (OnClassCondition)

   CassandraReactiveRepositoriesAutoConfiguration:
      Did not match:
         - @ConditionalOnClass did not find required class 'org.springframework.data.cassandra.ReactiveSession' (OnClassCondition)

   CassandraRepositoriesAutoConfiguration:
      Did not match:
         - @ConditionalOnClass did not find required class 'com.datastax.oss.driver.api.core.CqlSession' (OnClassCondition)

   org.springframework.boot.autoconfigure.http.client.reactive.ClientHttpConnectorAutoConfiguration:
      Did not match:
         - @ConditionalOnClass did not find required class 'reactor.core.publisher.Mono' (OnClassCondition)

   org.springframework.boot.autoconfigure.web.reactive.function.client.ClientHttpConnectorAutoConfiguration:
      Did not match:
         - @ConditionalOnClass did not find required class 'org.springframework.web.reactive.function.client.WebClient' (OnClassCondition)

   CloudFoundryActuatorAutoConfiguration:
      Did not match:
         - @ConditionalOnCloudPlatform did not find CLOUD_FOUNDRY (OnCloudPlatformCondition)
      Matched:
         - @ConditionalOnClass found required class 'org.springframework.web.servlet.DispatcherServlet' (OnClassCondition)
         - found 'session' scope (OnWebApplicationCondition)
         - @ConditionalOnBooleanProperty (management.cloudfoundry.enabled=true) matched (OnPropertyCondition)

   CodecsAutoConfiguration:
      Did not match:
         - @ConditionalOnClass did not find required class 'org.springframework.web.reactive.function.client.WebClient' (OnClassCondition)

   CompositeMeterRegistryConfiguration:
      Did not match:
         - NoneNestedConditions 1 matched 1 did not; NestedCondition on CompositeMeterRegistryConfiguration.MultipleNonPrimaryMeterRegistriesCondition.SingleInjectableMeterRegistry @ConditionalOnSingleCandidate (types: io.micrometer.core.instrument.MeterRegistry; SearchStrategy: all) found a single bean 'simpleMeterRegistry'; NestedCondition on CompositeMeterRegistryConfiguration.MultipleNonPrimaryMeterRegistriesCondition.NoMeterRegistryCondition @ConditionalOnMissingBean (types: io.micrometer.core.instrument.MeterRegistry; SearchStrategy: all) found beans of type 'io.micrometer.core.instrument.MeterRegistry' simpleMeterRegistry (CompositeMeterRegistryConfiguration.MultipleNonPrimaryMeterRegistriesCondition)

   ConditionsReportEndpointAutoConfiguration:
      Did not match:
         - @ConditionalOnAvailableEndpoint not exposed (OnAvailableEndpointCondition)

   ConfigurationPropertiesReportEndpointAutoConfiguration:
      Did not match:
         - @ConditionalOnAvailableEndpoint not exposed (OnAvailableEndpointCondition)

   ConnectionFactoryHealthContributorAutoConfiguration:
      Did not match:
         - @ConditionalOnClass did not find required class 'io.r2dbc.spi.ConnectionFactory' (OnClassCondition)

   ConnectionPoolMetricsAutoConfiguration:
      Did not match:
         - @ConditionalOnClass did not find required class 'io.r2dbc.pool.ConnectionPool' (OnClassCondition)

   CouchbaseAutoConfiguration:
      Did not match:
         - @ConditionalOnClass did not find required class 'com.couchbase.client.java.Cluster' (OnClassCondition)

   CouchbaseCacheConfiguration:
      Did not match:
         - @ConditionalOnClass did not find required class 'com.couchbase.client.java.Cluster' (OnClassCondition)

   CouchbaseDataAutoConfiguration:
      Did not match:
         - @ConditionalOnClass did not find required class 'com.couchbase.client.java.Bucket' (OnClassCondition)

   CouchbaseHealthContributorAutoConfiguration:
      Did not match:
         - @ConditionalOnClass did not find required class 'com.couchbase.client.java.Cluster' (OnClassCondition)

   CouchbaseReactiveDataAutoConfiguration:
      Did not match:
         - @ConditionalOnClass did not find required class 'com.couchbase.client.java.Cluster' (OnClassCondition)

   CouchbaseReactiveHealthContributorAutoConfiguration:
      Did not match:
         - @ConditionalOnClass did not find required class 'com.couchbase.client.java.Cluster' (OnClassCondition)

   CouchbaseReactiveRepositoriesAutoConfiguration:
      Did not match:
         - @ConditionalOnClass did not find required class 'com.couchbase.client.java.Cluster' (OnClassCondition)

   CouchbaseRepositoriesAutoConfiguration:
      Did not match:
         - @ConditionalOnClass did not find required class 'com.couchbase.client.java.Bucket' (OnClassCondition)

   DataSourceAutoConfiguration.EmbeddedDatabaseConfiguration:
      Did not match:
         - EmbeddedDataSource spring.datasource.url is set (DataSourceAutoConfiguration.EmbeddedDatabaseCondition)

   DataSourceCheckpointRestoreConfiguration:
      Did not match:
         - @ConditionalOnClass did not find required class 'org.crac.Resource' (OnClassCondition)

   DataSourceConfiguration.Dbcp2:
      Did not match:
         - @ConditionalOnClass did not find required class 'org.apache.commons.dbcp2.BasicDataSource' (OnClassCondition)

   DataSourceConfiguration.Generic:
      Did not match:
         - @ConditionalOnProperty (spring.datasource.type) did not find property 'spring.datasource.type' (OnPropertyCondition)

   DataSourceConfiguration.OracleUcp:
      Did not match:
         - @ConditionalOnClass did not find required classes 'oracle.ucp.jdbc.PoolDataSourceImpl', 'oracle.jdbc.OracleConnection' (OnClassCondition)

   DataSourceConfiguration.Tomcat:
      Did not match:
         - @ConditionalOnClass did not find required class 'org.apache.tomcat.jdbc.pool.DataSource' (OnClassCondition)

   DataSourceJmxConfiguration:
      Did not match:
         - @ConditionalOnBooleanProperty (spring.jmx.enabled=true) did not find property 'spring.jmx.enabled' (OnPropertyCondition)

   DataSourcePoolMetadataProvidersConfiguration.CommonsDbcp2PoolDataSourceMetadataProviderConfiguration:
      Did not match:
         - @ConditionalOnClass did not find required class 'org.apache.commons.dbcp2.BasicDataSource' (OnClassCondition)

   DataSourcePoolMetadataProvidersConfiguration.OracleUcpPoolDataSourceMetadataProviderConfiguration:
      Did not match:
         - @ConditionalOnClass did not find required classes 'oracle.ucp.jdbc.PoolDataSource', 'oracle.jdbc.OracleConnection' (OnClassCondition)

   DataSourcePoolMetadataProvidersConfiguration.TomcatDataSourcePoolMetadataProviderConfiguration:
      Did not match:
         - @ConditionalOnClass did not find required class 'org.apache.tomcat.jdbc.pool.DataSource' (OnClassCondition)

   DataSourceTransactionManagerAutoConfiguration.JdbcTransactionManagerConfiguration#transactionManager:
      Did not match:
         - @ConditionalOnMissingBean (types: org.springframework.transaction.TransactionManager; SearchStrategy: all) found beans of type 'org.springframework.transaction.TransactionManager' transactionManager (OnBeanCondition)

   DatadogMetricsExportAutoConfiguration:
      Did not match:
         - @ConditionalOnClass did not find required class 'io.micrometer.datadog.DatadogMeterRegistry' (OnClassCondition)

   DispatcherServletAutoConfiguration.DispatcherServletConfiguration#multipartResolver:
      Did not match:
         - @ConditionalOnBean (types: org.springframework.web.multipart.MultipartResolver; SearchStrategy: all) did not find any beans of type org.springframework.web.multipart.MultipartResolver (OnBeanCondition)

   DynatraceMetricsExportAutoConfiguration:
      Did not match:
         - @ConditionalOnClass did not find required class 'io.micrometer.dynatrace.DynatraceMeterRegistry' (OnClassCondition)

   ElasticMetricsExportAutoConfiguration:
      Did not match:
         - @ConditionalOnClass did not find required class 'io.micrometer.elastic.ElasticMeterRegistry' (OnClassCondition)

   ElasticsearchClientAutoConfiguration:
      Did not match:
         - @ConditionalOnClass did not find required class 'co.elastic.clients.elasticsearch.ElasticsearchClient' (OnClassCondition)

   ElasticsearchDataAutoConfiguration:
      Did not match:
         - @ConditionalOnClass did not find required class 'org.springframework.data.elasticsearch.client.elc.ElasticsearchTemplate' (OnClassCondition)

   ElasticsearchReactiveHealthContributorAutoConfiguration:
      Did not match:
         - @ConditionalOnClass did not find required class 'reactor.core.publisher.Flux' (OnClassCondition)

   ElasticsearchRepositoriesAutoConfiguration:
      Did not match:
         - @ConditionalOnClass did not find required class 'org.springframework.data.elasticsearch.repository.ElasticsearchRepository' (OnClassCondition)

   ElasticsearchRestClientAutoConfiguration:
      Did not match:
         - @ConditionalOnClass did not find required class 'org.elasticsearch.client.RestClientBuilder' (OnClassCondition)

   ElasticsearchRestHealthContributorAutoConfiguration:
      Did not match:
         - @ConditionalOnClass did not find required class 'org.elasticsearch.client.RestClient' (OnClassCondition)

   EmbeddedLdapAutoConfiguration:
      Did not match:
         - @ConditionalOnClass did not find required class 'com.unboundid.ldap.listener.InMemoryDirectoryServer' (OnClassCondition)

   EmbeddedWebServerFactoryCustomizerAutoConfiguration.JettyWebServerFactoryCustomizerConfiguration:
      Did not match:
         - @ConditionalOnClass did not find required classes 'org.eclipse.jetty.server.Server', 'org.eclipse.jetty.util.Loader', 'org.eclipse.jetty.ee10.webapp.WebAppContext' (OnClassCondition)

   EmbeddedWebServerFactoryCustomizerAutoConfiguration.NettyWebServerFactoryCustomizerConfiguration:
      Did not match:
         - @ConditionalOnClass did not find required class 'reactor.netty.http.server.HttpServer' (OnClassCondition)

   EmbeddedWebServerFactoryCustomizerAutoConfiguration.TomcatWebServerFactoryCustomizerConfiguration#tomcatVirtualThreadsProtocolHandlerCustomizer:
      Did not match:
         - @ConditionalOnThreading did not find VIRTUAL (OnThreadingCondition)

   EmbeddedWebServerFactoryCustomizerAutoConfiguration.UndertowWebServerFactoryCustomizerConfiguration:
      Did not match:
         - @ConditionalOnClass did not find required classes 'io.undertow.Undertow', 'org.xnio.SslClientAuthMode' (OnClassCondition)

   EnvironmentEndpointAutoConfiguration:
      Did not match:
         - @ConditionalOnAvailableEndpoint not exposed (OnAvailableEndpointCondition)

   ErrorWebFluxAutoConfiguration:
      Did not match:
         - @ConditionalOnClass did not find required class 'org.springframework.web.reactive.config.WebFluxConfigurer' (OnClassCondition)

   FlywayAutoConfiguration:
      Did not match:
         - @ConditionalOnClass did not find required class 'org.flywaydb.core.Flyway' (OnClassCondition)

   FlywayEndpointAutoConfiguration:
      Did not match:
         - @ConditionalOnClass did not find required class 'org.flywaydb.core.Flyway' (OnClassCondition)

   FreeMarkerAutoConfiguration:
      Did not match:
         - @ConditionalOnClass did not find required class 'freemarker.template.Configuration' (OnClassCondition)

   GangliaMetricsExportAutoConfiguration:
      Did not match:
         - @ConditionalOnClass did not find required class 'io.micrometer.ganglia.GangliaMeterRegistry' (OnClassCondition)

   GraphQlAutoConfiguration:
      Did not match:
         - @ConditionalOnClass did not find required class 'graphql.GraphQL' (OnClassCondition)

   GraphQlObservationAutoConfiguration:
      Did not match:
         - @ConditionalOnClass did not find required class 'graphql.GraphQL' (OnClassCondition)

   GraphQlQueryByExampleAutoConfiguration:
      Did not match:
         - @ConditionalOnClass did not find required class 'graphql.GraphQL' (OnClassCondition)

   GraphQlQuerydslAutoConfiguration:
      Did not match:
         - @ConditionalOnClass did not find required class 'com.querydsl.core.Query' (OnClassCondition)

   GraphQlRSocketAutoConfiguration:
      Did not match:
         - @ConditionalOnClass did not find required class 'graphql.GraphQL' (OnClassCondition)

   GraphQlReactiveQueryByExampleAutoConfiguration:
      Did not match:
         - @ConditionalOnClass did not find required class 'graphql.GraphQL' (OnClassCondition)

   GraphQlReactiveQuerydslAutoConfiguration:
      Did not match:
         - @ConditionalOnClass did not find required class 'com.querydsl.core.Query' (OnClassCondition)

   GraphQlWebFluxAutoConfiguration:
      Did not match:
         - @ConditionalOnClass did not find required class 'graphql.GraphQL' (OnClassCondition)

   GraphQlWebFluxSecurityAutoConfiguration:
      Did not match:
         - @ConditionalOnClass did not find required class 'graphql.GraphQL' (OnClassCondition)

   GraphQlWebMvcAutoConfiguration:
      Did not match:
         - @ConditionalOnClass did not find required class 'graphql.GraphQL' (OnClassCondition)

   GraphQlWebMvcSecurityAutoConfiguration:
      Did not match:
         - @ConditionalOnClass did not find required class 'graphql.GraphQL' (OnClassCondition)

   GraphiteMetricsExportAutoConfiguration:
      Did not match:
         - @ConditionalOnClass did not find required class 'io.micrometer.graphite.GraphiteMeterRegistry' (OnClassCondition)

   GroovyTemplateAutoConfiguration:
      Did not match:
         - @ConditionalOnClass did not find required class 'groovy.text.markup.MarkupTemplateEngine' (OnClassCondition)

   GsonAutoConfiguration:
      Did not match:
         - @ConditionalOnClass did not find required class 'com.google.gson.Gson' (OnClassCondition)

   GsonHttpMessageConvertersConfiguration:
      Did not match:
         - @ConditionalOnClass did not find required class 'com.google.gson.Gson' (OnClassCondition)

   H2ConsoleAutoConfiguration:
      Did not match:
         - @ConditionalOnClass did not find required class 'org.h2.server.web.JakartaWebServlet' (OnClassCondition)

   HazelcastAutoConfiguration:
      Did not match:
         - @ConditionalOnClass did not find required class 'com.hazelcast.core.HazelcastInstance' (OnClassCondition)

   HazelcastCacheConfiguration:
      Did not match:
         - @ConditionalOnClass did not find required class 'com.hazelcast.core.HazelcastInstance' (OnClassCondition)

   HazelcastHealthContributorAutoConfiguration:
      Did not match:
         - @ConditionalOnClass did not find required class 'com.hazelcast.core.HazelcastInstance' (OnClassCondition)

   HazelcastJpaDependencyAutoConfiguration:
      Did not match:
         - @ConditionalOnClass did not find required class 'com.hazelcast.core.HazelcastInstance' (OnClassCondition)

   HealthEndpointReactiveWebExtensionConfiguration:
      Did not match:
         - did not find reactive web application classes (OnWebApplicationCondition)

   HealthEndpointWebExtensionConfiguration.JerseyAdditionalHealthEndpointPathsConfiguration:
      Did not match:
         - @ConditionalOnClass did not find required class 'org.glassfish.jersey.server.ResourceConfig' (OnClassCondition)

   HeapDumpWebEndpointAutoConfiguration:
      Did not match:
         - @ConditionalOnAvailableEndpoint the configured access for endpoint 'heapdump' is NONE (OnAvailableEndpointCondition)

   HibernateMetricsAutoConfiguration:
      Did not match:
         - @ConditionalOnClass did not find required class 'org.hibernate.stat.HibernateMetrics' (OnClassCondition)

   HttpExchangesAutoConfiguration:
      Did not match:
         - @ConditionalOnBean (types: org.springframework.boot.actuate.web.exchanges.HttpExchangeRepository; SearchStrategy: all) did not find any beans of type org.springframework.boot.actuate.web.exchanges.HttpExchangeRepository (OnBeanCondition)
      Matched:
         - @ConditionalOnWebApplication (required) found 'session' scope (OnWebApplicationCondition)
         - @ConditionalOnBooleanProperty (management.httpexchanges.recording.enabled=true) matched (OnPropertyCondition)

   HttpExchangesAutoConfiguration.ReactiveHttpExchangesConfiguration:
      Did not match:
         - did not find reactive web application classes (OnWebApplicationCondition)
         - Ancestor org.springframework.boot.actuate.autoconfigure.web.exchanges.HttpExchangesAutoConfiguration did not match (ConditionEvaluationReport.AncestorsMatchedCondition)

   HttpExchangesAutoConfiguration.ServletHttpExchangesConfiguration:
      Did not match:
         - Ancestor org.springframework.boot.actuate.autoconfigure.web.exchanges.HttpExchangesAutoConfiguration did not match (ConditionEvaluationReport.AncestorsMatchedCondition)
      Matched:
         - found 'session' scope (OnWebApplicationCondition)

   HttpExchangesEndpointAutoConfiguration:
      Did not match:
         - @ConditionalOnAvailableEndpoint not exposed (OnAvailableEndpointCondition)

   HttpHandlerAutoConfiguration:
      Did not match:
         - @ConditionalOnClass did not find required class 'org.springframework.web.reactive.DispatcherHandler' (OnClassCondition)

   HumioMetricsExportAutoConfiguration:
      Did not match:
         - @ConditionalOnClass did not find required class 'io.micrometer.humio.HumioMeterRegistry' (OnClassCondition)

   HypermediaAutoConfiguration:
      Did not match:
         - @ConditionalOnClass did not find required class 'org.springframework.hateoas.EntityModel' (OnClassCondition)

   InfinispanCacheConfiguration:
      Did not match:
         - @ConditionalOnClass did not find required class 'org.infinispan.spring.embedded.provider.SpringEmbeddedCacheManager' (OnClassCondition)

   InfluxMetricsExportAutoConfiguration:
      Did not match:
         - @ConditionalOnClass did not find required class 'io.micrometer.influx.InfluxMeterRegistry' (OnClassCondition)

   InfoContributorAutoConfiguration#buildInfoContributor:
      Did not match:
         - @ConditionalOnSingleCandidate (types: org.springframework.boot.info.BuildProperties; SearchStrategy: all) did not find any beans (OnBeanCondition)
      Matched:
         - @ConditionalOnEnabledInfoContributor management.info.defaults.enabled is considered true (OnEnabledInfoContributorCondition)

   InfoContributorAutoConfiguration#envInfoContributor:
      Did not match:
         - @ConditionalOnEnabledInfoContributor management.info.env.enabled is not true (OnEnabledInfoContributorCondition)

   InfoContributorAutoConfiguration#gitInfoContributor:
      Did not match:
         - @ConditionalOnSingleCandidate (types: org.springframework.boot.info.GitProperties; SearchStrategy: all) did not find any beans (OnBeanCondition)
      Matched:
         - @ConditionalOnEnabledInfoContributor management.info.defaults.enabled is considered true (OnEnabledInfoContributorCondition)

   InfoContributorAutoConfiguration#javaInfoContributor:
      Did not match:
         - @ConditionalOnEnabledInfoContributor management.info.java.enabled is not true (OnEnabledInfoContributorCondition)

   InfoContributorAutoConfiguration#osInfoContributor:
      Did not match:
         - @ConditionalOnEnabledInfoContributor management.info.os.enabled is not true (OnEnabledInfoContributorCondition)

   InfoContributorAutoConfiguration#processInfoContributor:
      Did not match:
         - @ConditionalOnEnabledInfoContributor management.info.process.enabled is not true (OnEnabledInfoContributorCondition)

   InfoContributorAutoConfiguration#sslInfo:
      Did not match:
         - @ConditionalOnEnabledInfoContributor management.info.ssl.enabled is not true (OnEnabledInfoContributorCondition)
      Matched:
         - @ConditionalOnMissingBean (types: org.springframework.boot.info.SslInfo; SearchStrategy: all) did not find any beans (OnBeanCondition)

   InfoContributorAutoConfiguration#sslInfoContributor:
      Did not match:
         - @ConditionalOnEnabledInfoContributor management.info.ssl.enabled is not true (OnEnabledInfoContributorCondition)

   InfoEndpointAutoConfiguration:
      Did not match:
         - @ConditionalOnAvailableEndpoint not exposed (OnAvailableEndpointCondition)

   IntegrationAutoConfiguration:
      Did not match:
         - @ConditionalOnClass did not find required class 'org.springframework.integration.config.EnableIntegration' (OnClassCondition)

   IntegrationGraphEndpointAutoConfiguration:
      Did not match:
         - @ConditionalOnClass did not find required class 'org.springframework.integration.graph.IntegrationGraphServer' (OnClassCondition)

   JCacheCacheConfiguration:
      Did not match:
         - @ConditionalOnClass did not find required class 'javax.cache.Caching' (OnClassCondition)

   JacksonHttpMessageConvertersConfiguration.MappingJackson2XmlHttpMessageConverterConfiguration:
      Did not match:
         - @ConditionalOnClass did not find required class 'com.fasterxml.jackson.dataformat.xml.XmlMapper' (OnClassCondition)

   JdbcRepositoriesAutoConfiguration:
      Did not match:
         - @ConditionalOnClass did not find required class 'org.springframework.data.jdbc.repository.config.AbstractJdbcConfiguration' (OnClassCondition)

   JerseyAutoConfiguration:
      Did not match:
         - @ConditionalOnClass did not find required class 'org.glassfish.jersey.server.spring.SpringComponentProvider' (OnClassCondition)

   JerseySameManagementContextConfiguration:
      Did not match:
         - @ConditionalOnClass did not find required class 'org.glassfish.jersey.server.ResourceConfig' (OnClassCondition)

   JerseyServerMetricsAutoConfiguration:
      Did not match:
         - @ConditionalOnClass did not find required class 'org.glassfish.jersey.micrometer.server.ObservationApplicationEventListener' (OnClassCondition)

   JerseyWebEndpointManagementContextConfiguration:
      Did not match:
         - @ConditionalOnClass did not find required class 'org.glassfish.jersey.server.ResourceConfig' (OnClassCondition)

   JettyMetricsAutoConfiguration:
      Did not match:
         - @ConditionalOnClass did not find required class 'org.eclipse.jetty.server.Server' (OnClassCondition)

   JmsAutoConfiguration:
      Did not match:
         - @ConditionalOnClass did not find required class 'jakarta.jms.Message' (OnClassCondition)

   JmsHealthContributorAutoConfiguration:
      Did not match:
         - @ConditionalOnClass did not find required class 'jakarta.jms.ConnectionFactory' (OnClassCondition)

   JmxAutoConfiguration:
      Did not match:
         - @ConditionalOnBooleanProperty (spring.jmx.enabled=true) did not find property 'spring.jmx.enabled' (OnPropertyCondition)
      Matched:
         - @ConditionalOnClass found required class 'org.springframework.jmx.export.MBeanExporter' (OnClassCondition)

   JmxEndpointAutoConfiguration:
      Did not match:
         - @ConditionalOnBooleanProperty (spring.jmx.enabled=true) did not find property 'spring.jmx.enabled' (OnPropertyCondition)

   JmxMetricsExportAutoConfiguration:
      Did not match:
         - @ConditionalOnClass did not find required class 'io.micrometer.jmx.JmxMeterRegistry' (OnClassCondition)

   JndiConnectionFactoryAutoConfiguration:
      Did not match:
         - @ConditionalOnClass did not find required class 'org.springframework.jms.core.JmsTemplate' (OnClassCondition)

   JndiDataSourceAutoConfiguration:
      Did not match:
         - @ConditionalOnProperty (spring.datasource.jndi-name) did not find property 'spring.datasource.jndi-name' (OnPropertyCondition)
      Matched:
         - @ConditionalOnClass found required classes 'javax.sql.DataSource', 'org.springframework.jdbc.datasource.embedded.EmbeddedDatabaseType' (OnClassCondition)

   JndiJtaConfiguration:
      Did not match:
         - @ConditionalOnJndi JNDI environment is not available (OnJndiCondition)
      Matched:
         - @ConditionalOnClass found required class 'org.springframework.transaction.jta.JtaTransactionManager' (OnClassCondition)

   JooqAutoConfiguration:
      Did not match:
         - @ConditionalOnClass did not find required class 'org.jooq.DSLContext' (OnClassCondition)

   JpaRepositoriesAutoConfiguration#entityManagerFactoryBootstrapExecutorCustomizer:
      Did not match:
         - AnyNestedCondition 0 matched 2 did not; NestedCondition on JpaRepositoriesAutoConfiguration.BootstrapExecutorCondition.LazyBootstrapMode @ConditionalOnProperty (spring.data.jpa.repositories.bootstrap-mode=lazy) did not find property 'spring.data.jpa.repositories.bootstrap-mode'; NestedCondition on JpaRepositoriesAutoConfiguration.BootstrapExecutorCondition.DeferredBootstrapMode @ConditionalOnProperty (spring.data.jpa.repositories.bootstrap-mode=deferred) did not find property 'spring.data.jpa.repositories.bootstrap-mode' (JpaRepositoriesAutoConfiguration.BootstrapExecutorCondition)

   JsonbAutoConfiguration:
      Did not match:
         - @ConditionalOnClass did not find required class 'jakarta.json.bind.Jsonb' (OnClassCondition)

   JsonbHttpMessageConvertersConfiguration:
      Did not match:
         - @ConditionalOnClass did not find required class 'jakarta.json.bind.Jsonb' (OnClassCondition)

   JvmMetricsAutoConfiguration#virtualThreadMetrics:
      Did not match:
         - @ConditionalOnClass did not find required class 'io.micrometer.java21.instrument.binder.jdk.VirtualThreadMetrics' (OnClassCondition)

   KafkaAutoConfiguration:
      Did not match:
         - @ConditionalOnClass did not find required class 'org.springframework.kafka.core.KafkaTemplate' (OnClassCondition)

   KafkaMetricsAutoConfiguration:
      Did not match:
         - @ConditionalOnClass did not find required class 'org.springframework.kafka.core.ProducerFactory' (OnClassCondition)

   KairosMetricsExportAutoConfiguration:
      Did not match:
         - @ConditionalOnClass did not find required class 'io.micrometer.kairos.KairosMeterRegistry' (OnClassCondition)

   LdapAutoConfiguration:
      Did not match:
         - @ConditionalOnClass did not find required class 'org.springframework.ldap.core.ContextSource' (OnClassCondition)

   LdapHealthContributorAutoConfiguration:
      Did not match:
         - @ConditionalOnClass did not find required class 'org.springframework.ldap.core.LdapOperations' (OnClassCondition)

   LdapRepositoriesAutoConfiguration:
      Did not match:
         - @ConditionalOnClass did not find required class 'org.springframework.data.ldap.repository.LdapRepository' (OnClassCondition)

   LettuceMetricsAutoConfiguration:
      Did not match:
         - @ConditionalOnClass did not find required class 'io.lettuce.core.metrics.MicrometerCommandLatencyRecorder' (OnClassCondition)

   LiquibaseAutoConfiguration:
      Did not match:
         - @ConditionalOnClass did not find required class 'liquibase.change.DatabaseChange' (OnClassCondition)

   LiquibaseEndpointAutoConfiguration:
      Did not match:
         - @ConditionalOnClass did not find required class 'liquibase.integration.spring.SpringLiquibase' (OnClassCondition)

   Log4J2MetricsAutoConfiguration:
      Did not match:
         - @ConditionalOnClass did not find required class 'org.apache.logging.log4j.core.LoggerContext' (OnClassCondition)

   LogFileWebEndpointAutoConfiguration:
      Did not match:
         - @ConditionalOnAvailableEndpoint not exposed (OnAvailableEndpointCondition)

   LoggersEndpointAutoConfiguration:
      Did not match:
         - @ConditionalOnAvailableEndpoint not exposed (OnAvailableEndpointCondition)

   MailHealthContributorAutoConfiguration:
      Did not match:
         - @ConditionalOnClass did not find required class 'org.springframework.mail.javamail.JavaMailSenderImpl' (OnClassCondition)

   MailSenderAutoConfiguration:
      Did not match:
         - @ConditionalOnClass did not find required class 'jakarta.mail.internet.MimeMessage' (OnClassCondition)

   MailSenderValidatorAutoConfiguration:
      Did not match:
         - @ConditionalOnSingleCandidate did not find required type 'org.springframework.mail.javamail.JavaMailSenderImpl' (OnBeanCondition)

   ManagementContextAutoConfiguration.DifferentManagementContextConfiguration:
      Did not match:
         - Management Port actual port type (SAME) did not match required type (DIFFERENT) (OnManagementPortCondition)

   ManagementWebSecurityAutoConfiguration:
      Did not match:
         - AllNestedConditions 1 matched 1 did not; NestedCondition on DefaultWebSecurityCondition.Beans @ConditionalOnMissingBean (types: org.springframework.security.web.SecurityFilterChain; SearchStrategy: all) found beans of type 'org.springframework.security.web.SecurityFilterChain' filterChain; NestedCondition on DefaultWebSecurityCondition.Classes @ConditionalOnClass found required classes 'org.springframework.security.web.SecurityFilterChain', 'org.springframework.security.config.annotation.web.builders.HttpSecurity' (DefaultWebSecurityCondition)
      Matched:
         - found 'session' scope (OnWebApplicationCondition)

   MappingsEndpointAutoConfiguration:
      Did not match:
         - @ConditionalOnAvailableEndpoint not exposed (OnAvailableEndpointCondition)

   MessageSourceAutoConfiguration:
      Did not match:
         - ResourceBundle did not find bundle with basename messages (MessageSourceAutoConfiguration.ResourceBundleCondition)

   MetricsAspectsAutoConfiguration:
      Did not match:
         - @ConditionalOnBooleanProperty (management.observations.annotations.enabled=true) did not find property 'management.observations.annotations.enabled' (OnPropertyCondition)
      Matched:
         - @ConditionalOnClass found required classes 'io.micrometer.core.instrument.MeterRegistry', 'org.aspectj.weaver.Advice' (OnClassCondition)

   MetricsEndpointAutoConfiguration:
      Did not match:
         - @ConditionalOnAvailableEndpoint not exposed (OnAvailableEndpointCondition)
      Matched:
         - @ConditionalOnClass found required class 'io.micrometer.core.annotation.Timed' (OnClassCondition)

   MicrometerTracingAutoConfiguration:
      Did not match:
         - @ConditionalOnClass did not find required class 'io.micrometer.tracing.Tracer' (OnClassCondition)

   MongoAutoConfiguration:
      Did not match:
         - @ConditionalOnClass did not find required class 'com.mongodb.client.MongoClient' (OnClassCondition)

   MongoDataAutoConfiguration:
      Did not match:
         - @ConditionalOnClass did not find required class 'com.mongodb.client.MongoClient' (OnClassCondition)

   MongoHealthContributorAutoConfiguration:
      Did not match:
         - @ConditionalOnClass did not find required class 'org.springframework.data.mongodb.core.MongoTemplate' (OnClassCondition)

   MongoMetricsAutoConfiguration:
      Did not match:
         - @ConditionalOnClass did not find required class 'com.mongodb.MongoClientSettings' (OnClassCondition)

   MongoReactiveAutoConfiguration:
      Did not match:
         - @ConditionalOnClass did not find required class 'com.mongodb.reactivestreams.client.MongoClient' (OnClassCondition)

   MongoReactiveDataAutoConfiguration:
      Did not match:
         - @ConditionalOnClass did not find required class 'com.mongodb.reactivestreams.client.MongoClient' (OnClassCondition)

   MongoReactiveHealthContributorAutoConfiguration:
      Did not match:
         - @ConditionalOnClass did not find required class 'reactor.core.publisher.Flux' (OnClassCondition)

   MongoReactiveRepositoriesAutoConfiguration:
      Did not match:
         - @ConditionalOnClass did not find required class 'com.mongodb.reactivestreams.client.MongoClient' (OnClassCondition)

   MongoRepositoriesAutoConfiguration:
      Did not match:
         - @ConditionalOnClass did not find required class 'com.mongodb.client.MongoClient' (OnClassCondition)

   MustacheAutoConfiguration:
      Did not match:
         - @ConditionalOnClass did not find required class 'com.samskivert.mustache.Mustache' (OnClassCondition)

   Neo4jAutoConfiguration:
      Did not match:
         - @ConditionalOnClass did not find required class 'org.neo4j.driver.Driver' (OnClassCondition)

   Neo4jDataAutoConfiguration:
      Did not match:
         - @ConditionalOnClass did not find required class 'org.neo4j.driver.Driver' (OnClassCondition)

   Neo4jHealthContributorAutoConfiguration:
      Did not match:
         - @ConditionalOnClass did not find required class 'org.neo4j.driver.Driver' (OnClassCondition)

   Neo4jReactiveDataAutoConfiguration:
      Did not match:
         - @ConditionalOnClass did not find required class 'org.neo4j.driver.Driver' (OnClassCondition)

   Neo4jReactiveRepositoriesAutoConfiguration:
      Did not match:
         - @ConditionalOnClass did not find required class 'org.neo4j.driver.Driver' (OnClassCondition)

   Neo4jRepositoriesAutoConfiguration:
      Did not match:
         - @ConditionalOnClass did not find required class 'org.neo4j.driver.Driver' (OnClassCondition)

   NettyAutoConfiguration:
      Did not match:
         - @ConditionalOnClass did not find required class 'io.netty.util.NettyRuntime' (OnClassCondition)

   NewRelicMetricsExportAutoConfiguration:
      Did not match:
         - @ConditionalOnClass did not find required class 'io.micrometer.newrelic.NewRelicMeterRegistry' (OnClassCondition)

   NoOpMeterRegistryConfiguration:
      Did not match:
         - @ConditionalOnMissingBean (types: io.micrometer.core.instrument.MeterRegistry; SearchStrategy: all) found beans of type 'io.micrometer.core.instrument.MeterRegistry' simpleMeterRegistry (OnBeanCondition)

   NoopTracerAutoConfiguration:
      Did not match:
         - @ConditionalOnClass did not find required class 'io.micrometer.tracing.Tracer' (OnClassCondition)

   OAuth2AuthorizationServerAutoConfiguration:
      Did not match:
         - @ConditionalOnClass did not find required class 'org.springframework.security.oauth2.server.authorization.OAuth2Authorization' (OnClassCondition)

   OAuth2AuthorizationServerJwtAutoConfiguration:
      Did not match:
         - @ConditionalOnClass did not find required class 'com.nimbusds.jose.jwk.source.JWKSource' (OnClassCondition)

   OAuth2ClientAutoConfiguration:
      Did not match:
         - @ConditionalOnClass did not find required class 'org.springframework.security.oauth2.client.registration.ClientRegistration' (OnClassCondition)

   OAuth2ClientWebSecurityAutoConfiguration:
      Did not match:
         - @ConditionalOnClass did not find required class 'org.springframework.security.oauth2.client.web.OAuth2AuthorizedClientRepository' (OnClassCondition)

   OAuth2ResourceServerAutoConfiguration:
      Did not match:
         - @ConditionalOnClass did not find required class 'org.springframework.security.oauth2.server.resource.authentication.BearerTokenAuthenticationToken' (OnClassCondition)

   ObservationAutoConfiguration.MeterObservationHandlerConfiguration.TracingAndMetricsObservationHandlerConfiguration:
      Did not match:
         - @ConditionalOnBean did not find required type 'io.micrometer.tracing.Tracer' (OnBeanCondition)
         - @ConditionalOnBean (types: ?; SearchStrategy: all) did not find any beans of type ? (OnBeanCondition)

   ObservationAutoConfiguration.MetricsWithTracingConfiguration:
      Did not match:
         - @ConditionalOnClass did not find required class 'io.micrometer.tracing.Tracer' (OnClassCondition)

   ObservationAutoConfiguration.ObservedAspectConfiguration:
      Did not match:
         - @ConditionalOnBooleanProperty (management.observations.annotations.enabled=true) did not find property 'management.observations.annotations.enabled' (OnPropertyCondition)
      Matched:
         - @ConditionalOnClass found required class 'org.aspectj.weaver.Advice' (OnClassCondition)

   ObservationAutoConfiguration.OnlyTracingConfiguration:
      Did not match:
         - @ConditionalOnClass did not find required class 'io.micrometer.tracing.Tracer' (OnClassCondition)

   OpenTelemetryAutoConfiguration:
      Did not match:
         - @ConditionalOnClass did not find required class 'io.opentelemetry.sdk.OpenTelemetrySdk' (OnClassCondition)

   OpenTelemetryLoggingAutoConfiguration:
      Did not match:
         - @ConditionalOnClass did not find required class 'io.opentelemetry.api.OpenTelemetry' (OnClassCondition)

   OpenTelemetryTracingAutoConfiguration:
      Did not match:
         - @ConditionalOnClass did not find required class 'io.micrometer.tracing.otel.bridge.OtelTracer' (OnClassCondition)

   OtlpLoggingAutoConfiguration:
      Did not match:
         - @ConditionalOnClass did not find required class 'io.opentelemetry.api.OpenTelemetry' (OnClassCondition)

   OtlpMetricsExportAutoConfiguration:
      Did not match:
         - @ConditionalOnClass did not find required class 'io.micrometer.registry.otlp.OtlpMeterRegistry' (OnClassCondition)

   OtlpTracingAutoConfiguration:
      Did not match:
         - @ConditionalOnClass did not find required class 'io.micrometer.tracing.otel.bridge.OtelTracer' (OnClassCondition)

   ProjectInfoAutoConfiguration#buildProperties:
      Did not match:
         - @ConditionalOnResource did not find resource '${spring.info.build.location:classpath:META-INF/build-info.properties}' (OnResourceCondition)

   ProjectInfoAutoConfiguration#gitProperties:
      Did not match:
         - GitResource did not find git info at classpath:git.properties (ProjectInfoAutoConfiguration.GitResourceAvailableCondition)

   PrometheusExemplarsAutoConfiguration:
      Did not match:
         - @ConditionalOnClass did not find required class 'io.micrometer.tracing.Tracer' (OnClassCondition)

   PrometheusMetricsExportAutoConfiguration:
      Did not match:
         - @ConditionalOnClass did not find required class 'io.micrometer.prometheusmetrics.PrometheusMeterRegistry' (OnClassCondition)

   PulsarAutoConfiguration:
      Did not match:
         - @ConditionalOnClass did not find required class 'org.apache.pulsar.client.api.PulsarClient' (OnClassCondition)

   PulsarReactiveAutoConfiguration:
      Did not match:
         - @ConditionalOnClass did not find required class 'org.apache.pulsar.client.api.PulsarClient' (OnClassCondition)

   QuartzAutoConfiguration:
      Did not match:
         - @ConditionalOnClass did not find required class 'org.quartz.Scheduler' (OnClassCondition)

   QuartzEndpointAutoConfiguration:
      Did not match:
         - @ConditionalOnClass did not find required class 'org.quartz.Scheduler' (OnClassCondition)

   R2dbcAutoConfiguration:
      Did not match:
         - @ConditionalOnClass did not find required class 'io.r2dbc.spi.ConnectionFactory' (OnClassCondition)

   R2dbcDataAutoConfiguration:
      Did not match:
         - @ConditionalOnClass did not find required class 'org.springframework.data.r2dbc.core.R2dbcEntityTemplate' (OnClassCondition)

   R2dbcInitializationConfiguration:
      Did not match:
         - @ConditionalOnClass did not find required classes 'io.r2dbc.spi.ConnectionFactory', 'org.springframework.r2dbc.connection.init.DatabasePopulator' (OnClassCondition)

   R2dbcObservationAutoConfiguration:
      Did not match:
         - @ConditionalOnClass did not find required class 'io.r2dbc.proxy.ProxyConnectionFactory' (OnClassCondition)

   R2dbcProxyAutoConfiguration:
      Did not match:
         - @ConditionalOnClass did not find required class 'io.r2dbc.proxy.ProxyConnectionFactory' (OnClassCondition)

   R2dbcRepositoriesAutoConfiguration:
      Did not match:
         - @ConditionalOnClass did not find required class 'io.r2dbc.spi.ConnectionFactory' (OnClassCondition)

   R2dbcTransactionManagerAutoConfiguration:
      Did not match:
         - @ConditionalOnClass did not find required class 'org.springframework.r2dbc.connection.R2dbcTransactionManager' (OnClassCondition)

   RSocketGraphQlClientAutoConfiguration:
      Did not match:
         - @ConditionalOnClass did not find required class 'graphql.GraphQL' (OnClassCondition)

   RSocketMessagingAutoConfiguration:
      Did not match:
         - @ConditionalOnClass did not find required class 'io.rsocket.RSocket' (OnClassCondition)

   RSocketRequesterAutoConfiguration:
      Did not match:
         - @ConditionalOnClass did not find required class 'io.rsocket.RSocket' (OnClassCondition)

   RSocketSecurityAutoConfiguration:
      Did not match:
         - @ConditionalOnClass did not find required class 'org.springframework.security.rsocket.core.SecuritySocketAcceptorInterceptor' (OnClassCondition)

   RSocketServerAutoConfiguration:
      Did not match:
         - @ConditionalOnClass did not find required class 'io.rsocket.core.RSocketServer' (OnClassCondition)

   RSocketStrategiesAutoConfiguration:
      Did not match:
         - @ConditionalOnClass did not find required class 'io.netty.buffer.PooledByteBufAllocator' (OnClassCondition)

   RabbitAutoConfiguration:
      Did not match:
         - @ConditionalOnClass did not find required class 'com.rabbitmq.client.Channel' (OnClassCondition)

   RabbitHealthContributorAutoConfiguration:
      Did not match:
         - @ConditionalOnClass did not find required class 'org.springframework.amqp.rabbit.core.RabbitTemplate' (OnClassCondition)

   RabbitMetricsAutoConfiguration:
      Did not match:
         - @ConditionalOnClass did not find required class 'com.rabbitmq.client.ConnectionFactory' (OnClassCondition)

   ReactiveCloudFoundryActuatorAutoConfiguration:
      Did not match:
         - @ConditionalOnWebApplication did not find reactive web application classes (OnWebApplicationCondition)

   ReactiveElasticsearchClientAutoConfiguration:
      Did not match:
         - @ConditionalOnClass did not find required class 'co.elastic.clients.transport.ElasticsearchTransport' (OnClassCondition)

   ReactiveElasticsearchRepositoriesAutoConfiguration:
      Did not match:
         - @ConditionalOnClass did not find required class 'reactor.core.publisher.Mono' (OnClassCondition)

   ReactiveHealthEndpointConfiguration:
      Did not match:
         - @ConditionalOnClass did not find required class 'reactor.core.publisher.Flux' (OnClassCondition)

   ReactiveManagementContextAutoConfiguration:
      Did not match:
         - @ConditionalOnClass did not find required class 'reactor.core.publisher.Flux' (OnClassCondition)

   ReactiveManagementWebSecurityAutoConfiguration:
      Did not match:
         - @ConditionalOnWebApplication did not find reactive web application classes (OnWebApplicationCondition)

   ReactiveMultipartAutoConfiguration:
      Did not match:
         - @ConditionalOnClass did not find required class 'org.springframework.web.reactive.config.WebFluxConfigurer' (OnClassCondition)

   ReactiveOAuth2ClientAutoConfiguration:
      Did not match:
         - @ConditionalOnClass did not find required class 'reactor.core.publisher.Flux' (OnClassCondition)

   ReactiveOAuth2ClientWebSecurityAutoConfiguration:
      Did not match:
         - @ConditionalOnClass did not find required class 'reactor.core.publisher.Flux' (OnClassCondition)

   ReactiveOAuth2ResourceServerAutoConfiguration:
      Did not match:
         - @ConditionalOnWebApplication did not find reactive web application classes (OnWebApplicationCondition)

   ReactiveSecurityAutoConfiguration:
      Did not match:
         - @ConditionalOnClass did not find required class 'reactor.core.publisher.Flux' (OnClassCondition)

   ReactiveUserDetailsServiceAutoConfiguration:
      Did not match:
         - AnyNestedCondition 0 matched 2 did not; NestedCondition on ReactiveUserDetailsServiceAutoConfiguration.RSocketEnabledOrReactiveWebApplication.ReactiveWebApplicationCondition did not find reactive web application classes; NestedCondition on ReactiveUserDetailsServiceAutoConfiguration.RSocketEnabledOrReactiveWebApplication.RSocketSecurityEnabledCondition @ConditionalOnBean (types: ?; SearchStrategy: all) did not find any beans of type ? (ReactiveUserDetailsServiceAutoConfiguration.RSocketEnabledOrReactiveWebApplication)
      Matched:
         - @ConditionalOnClass found required class 'org.springframework.security.authentication.ReactiveAuthenticationManager' (OnClassCondition)
         - AnyNestedCondition 3 matched 0 did not; NestedCondition on ReactiveUserDetailsServiceAutoConfiguration.MissingAlternativeOrUserPropertiesConfigured.PasswordConfigured @ConditionalOnProperty (spring.security.user.password) matched; NestedCondition on ReactiveUserDetailsServiceAutoConfiguration.MissingAlternativeOrUserPropertiesConfigured.NameConfigured @ConditionalOnProperty (spring.security.user.name) matched; NestedCondition on ReactiveUserDetailsServiceAutoConfiguration.MissingAlternativeOrUserPropertiesConfigured.MissingAlternative @ConditionalOnMissingClass did not find unwanted classes 'org.springframework.security.oauth2.client.registration.ClientRegistrationRepository', 'org.springframework.security.oauth2.server.resource.introspection.ReactiveOpaqueTokenIntrospector' (ReactiveUserDetailsServiceAutoConfiguration.MissingAlternativeOrUserPropertiesConfigured)

   ReactiveWebServerFactoryAutoConfiguration:
      Did not match:
         - @ConditionalOnWebApplication did not find reactive web application classes (OnWebApplicationCondition)

   ReactorAutoConfiguration:
      Did not match:
         - @ConditionalOnClass did not find required class 'reactor.core.publisher.Hooks' (OnClassCondition)

   RedisAutoConfiguration:
      Did not match:
         - @ConditionalOnClass did not find required class 'org.springframework.data.redis.core.RedisOperations' (OnClassCondition)

   RedisCacheConfiguration:
      Did not match:
         - @ConditionalOnClass did not find required class 'org.springframework.data.redis.connection.RedisConnectionFactory' (OnClassCondition)

   RedisHealthContributorAutoConfiguration:
      Did not match:
         - @ConditionalOnClass did not find required class 'org.springframework.data.redis.connection.RedisConnectionFactory' (OnClassCondition)

   RedisReactiveAutoConfiguration:
      Did not match:
         - @ConditionalOnClass did not find required class 'reactor.core.publisher.Flux' (OnClassCondition)

   RedisReactiveHealthContributorAutoConfiguration:
      Did not match:
         - @ConditionalOnClass did not find required class 'reactor.core.publisher.Flux' (OnClassCondition)

   RedisRepositoriesAutoConfiguration:
      Did not match:
         - @ConditionalOnClass did not find required class 'org.springframework.data.redis.repository.configuration.EnableRedisRepositories' (OnClassCondition)

   RepositoryRestMvcAutoConfiguration:
      Did not match:
         - @ConditionalOnClass did not find required class 'org.springframework.data.rest.webmvc.config.RepositoryRestMvcConfiguration' (OnClassCondition)

   Saml2RelyingPartyAutoConfiguration:
      Did not match:
         - @ConditionalOnClass did not find required class 'org.springframework.security.saml2.provider.service.registration.RelyingPartyRegistrationRepository' (OnClassCondition)

   SbomEndpointAutoConfiguration:
      Did not match:
         - @ConditionalOnAvailableEndpoint not exposed (OnAvailableEndpointCondition)

   ScheduledTasksEndpointAutoConfiguration:
      Did not match:
         - @ConditionalOnAvailableEndpoint not exposed (OnAvailableEndpointCondition)

   SecurityRequestMatchersManagementContextConfiguration.JerseyRequestMatcherConfiguration:
      Did not match:
         - @ConditionalOnClass did not find required class 'org.glassfish.jersey.server.ResourceConfig' (OnClassCondition)

   SendGridAutoConfiguration:
      Did not match:
         - @ConditionalOnClass did not find required class 'com.sendgrid.SendGrid' (OnClassCondition)

   ServletEndpointManagementContextConfiguration.JerseyServletEndpointManagementContextConfiguration:
      Did not match:
         - @ConditionalOnClass did not find required class 'org.glassfish.jersey.server.ResourceConfig' (OnClassCondition)

   ServletManagementContextAutoConfiguration.ApplicationContextFilterConfiguration:
      Did not match:
         - @ConditionalOnBooleanProperty (management.server.add-application-context-header=true) did not find property 'management.server.add-application-context-header' (OnPropertyCondition)

   ServletWebServerFactoryAutoConfiguration.ForwardedHeaderFilterConfiguration:
      Did not match:
         - @ConditionalOnProperty (server.forward-headers-strategy=framework) did not find property 'server.forward-headers-strategy' (OnPropertyCondition)

   ServletWebServerFactoryConfiguration.EmbeddedJetty:
      Did not match:
         - @ConditionalOnClass did not find required classes 'org.eclipse.jetty.server.Server', 'org.eclipse.jetty.util.Loader', 'org.eclipse.jetty.ee10.webapp.WebAppContext' (OnClassCondition)

   ServletWebServerFactoryConfiguration.EmbeddedUndertow:
      Did not match:
         - @ConditionalOnClass did not find required classes 'io.undertow.Undertow', 'org.xnio.SslClientAuthMode' (OnClassCondition)

   SessionAutoConfiguration:
      Did not match:
         - @ConditionalOnClass did not find required class 'org.springframework.session.Session' (OnClassCondition)

   SessionsEndpointAutoConfiguration:
      Did not match:
         - @ConditionalOnClass did not find required class 'org.springframework.session.Session' (OnClassCondition)

   ShutdownEndpointAutoConfiguration:
      Did not match:
         - @ConditionalOnAvailableEndpoint the configured access for endpoint 'shutdown' is NONE (OnAvailableEndpointCondition)

   SignalFxMetricsExportAutoConfiguration:
      Did not match:
         - @ConditionalOnClass did not find required class 'io.micrometer.signalfx.SignalFxMeterRegistry' (OnClassCondition)

   SpringApplicationAdminJmxAutoConfiguration:
      Did not match:
         - @ConditionalOnBooleanProperty (spring.application.admin.enabled=true) did not find property 'spring.application.admin.enabled' (OnPropertyCondition)

   SslObservabilityAutoConfiguration#sslInfoProvider:
      Did not match:
         - @ConditionalOnMissingBean (types: org.springframework.boot.info.SslInfo; SearchStrategy: all) found beans of type 'org.springframework.boot.info.SslInfo' sslInfo (OnBeanCondition)

   StackdriverMetricsExportAutoConfiguration:
      Did not match:
         - @ConditionalOnClass did not find required class 'io.micrometer.stackdriver.StackdriverMeterRegistry' (OnClassCondition)

   StartupEndpointAutoConfiguration:
      Did not match:
         - ApplicationStartup configured applicationStartup is of type class org.springframework.core.metrics.DefaultApplicationStartup, expected BufferingApplicationStartup. (StartupEndpointAutoConfiguration.ApplicationStartupCondition)

   StatsdMetricsExportAutoConfiguration:
      Did not match:
         - @ConditionalOnClass did not find required class 'io.micrometer.statsd.StatsdMeterRegistry' (OnClassCondition)

   TaskExecutorConfigurations.SimpleAsyncTaskExecutorBuilderConfiguration#simpleAsyncTaskExecutorBuilderVirtualThreads:
      Did not match:
         - @ConditionalOnMissingBean (types: org.springframework.boot.task.SimpleAsyncTaskExecutorBuilder; SearchStrategy: all) found beans of type 'org.springframework.boot.task.SimpleAsyncTaskExecutorBuilder' simpleAsyncTaskExecutorBuilder (OnBeanCondition)

   TaskExecutorConfigurations.TaskExecutorConfiguration#applicationTaskExecutorVirtualThreads:
      Did not match:
         - @ConditionalOnThreading did not find VIRTUAL (OnThreadingCondition)

   TaskSchedulingAutoConfiguration#scheduledBeanLazyInitializationExcludeFilter:
      Did not match:
         - @ConditionalOnBean (names: org.springframework.context.annotation.internalScheduledAnnotationProcessor; SearchStrategy: all) did not find any beans named org.springframework.context.annotation.internalScheduledAnnotationProcessor (OnBeanCondition)

   TaskSchedulingConfigurations.SimpleAsyncTaskSchedulerBuilderConfiguration#simpleAsyncTaskSchedulerBuilderVirtualThreads:
      Did not match:
         - @ConditionalOnMissingBean (types: org.springframework.boot.task.SimpleAsyncTaskSchedulerBuilder; SearchStrategy: all) found beans of type 'org.springframework.boot.task.SimpleAsyncTaskSchedulerBuilder' simpleAsyncTaskSchedulerBuilder (OnBeanCondition)

   TaskSchedulingConfigurations.TaskSchedulerConfiguration:
      Did not match:
         - @ConditionalOnBean (names: org.springframework.context.annotation.internalScheduledAnnotationProcessor; SearchStrategy: all) did not find any beans named org.springframework.context.annotation.internalScheduledAnnotationProcessor (OnBeanCondition)

   ThreadDumpEndpointAutoConfiguration:
      Did not match:
         - @ConditionalOnAvailableEndpoint not exposed (OnAvailableEndpointCondition)

   ThymeleafAutoConfiguration:
      Did not match:
         - @ConditionalOnClass did not find required class 'org.thymeleaf.spring6.SpringTemplateEngine' (OnClassCondition)

   TransactionAutoConfiguration#transactionalOperator:
      Did not match:
         - @ConditionalOnSingleCandidate (types: org.springframework.transaction.ReactiveTransactionManager; SearchStrategy: all) did not find any beans (OnBeanCondition)

   TransactionAutoConfiguration.AspectJTransactionManagementConfiguration:
      Did not match:
         - @ConditionalOnBean (types: org.springframework.transaction.aspectj.AbstractTransactionAspect; SearchStrategy: all) did not find any beans of type org.springframework.transaction.aspectj.AbstractTransactionAspect (OnBeanCondition)

   TransactionAutoConfiguration.EnableTransactionManagementConfiguration.JdkDynamicAutoProxyConfiguration:
      Did not match:
         - @ConditionalOnBooleanProperty (spring.aop.proxy-target-class=false) did not find property 'spring.aop.proxy-target-class' (OnPropertyCondition)

   ValidationAutoConfiguration:
      Did not match:
         - @ConditionalOnClass did not find required class 'jakarta.validation.executable.ExecutableValidator' (OnClassCondition)

   WavefrontAutoConfiguration:
      Did not match:
         - @ConditionalOnClass did not find required class 'com.wavefront.sdk.common.application.ApplicationTags' (OnClassCondition)

   WavefrontMetricsExportAutoConfiguration:
      Did not match:
         - @ConditionalOnClass did not find required class 'com.wavefront.sdk.common.WavefrontSender' (OnClassCondition)

   WavefrontTracingAutoConfiguration:
      Did not match:
         - @ConditionalOnClass did not find required class 'com.wavefront.sdk.common.WavefrontSender' (OnClassCondition)

   WebClientAutoConfiguration:
      Did not match:
         - @ConditionalOnClass did not find required class 'org.springframework.web.reactive.function.client.WebClient' (OnClassCondition)

   WebClientObservationConfiguration:
      Did not match:
         - @ConditionalOnClass did not find required class 'org.springframework.web.reactive.function.client.WebClient' (OnClassCondition)

   WebFluxAutoConfiguration:
      Did not match:
         - @ConditionalOnClass did not find required class 'org.springframework.web.reactive.config.WebFluxConfigurer' (OnClassCondition)

   WebFluxEndpointManagementContextConfiguration:
      Did not match:
         - @ConditionalOnClass did not find required class 'org.springframework.web.reactive.DispatcherHandler' (OnClassCondition)

   WebFluxObservationAutoConfiguration:
      Did not match:
         - @ConditionalOnWebApplication did not find reactive web application classes (OnWebApplicationCondition)

   WebMvcAutoConfiguration#hiddenHttpMethodFilter:
      Did not match:
         - @ConditionalOnBooleanProperty (spring.mvc.hiddenmethod.filter.enabled=true) did not find property 'spring.mvc.hiddenmethod.filter.enabled' (OnPropertyCondition)

   WebMvcAutoConfiguration.ProblemDetailsErrorHandlingConfiguration:
      Did not match:
         - @ConditionalOnBooleanProperty (spring.mvc.problemdetails.enabled=true) did not find property 'spring.mvc.problemdetails.enabled' (OnPropertyCondition)

   WebMvcAutoConfiguration.ResourceChainCustomizerConfiguration:
      Did not match:
         - @ConditionalOnEnabledResourceChain did not find class org.webjars.WebJarVersionLocator (OnEnabledResourceChainCondition)

   WebMvcAutoConfiguration.WebMvcAutoConfigurationAdapter#beanNameViewResolver:
      Did not match:
         - @ConditionalOnMissingBean (types: org.springframework.web.servlet.view.BeanNameViewResolver; SearchStrategy: all) found beans of type 'org.springframework.web.servlet.view.BeanNameViewResolver' beanNameViewResolver (OnBeanCondition)

   WebMvcEndpointManagementContextConfiguration#managementHealthEndpointWebMvcHandlerMapping:
      Did not match:
         - Management Port actual port type (SAME) did not match required type (DIFFERENT) (OnManagementPortCondition)

   WebServiceTemplateAutoConfiguration:
      Did not match:
         - @ConditionalOnClass did not find required class 'org.springframework.oxm.Marshaller' (OnClassCondition)

   WebServicesAutoConfiguration:
      Did not match:
         - @ConditionalOnClass did not find required class 'org.springframework.ws.transport.http.MessageDispatcherServlet' (OnClassCondition)

   WebSessionIdResolverAutoConfiguration:
      Did not match:
         - @ConditionalOnClass did not find required class 'reactor.core.publisher.Mono' (OnClassCondition)

   WebSocketMessagingAutoConfiguration:
      Did not match:
         - @ConditionalOnClass did not find required class 'org.springframework.web.socket.config.annotation.WebSocketMessageBrokerConfigurer' (OnClassCondition)

   WebSocketReactiveAutoConfiguration:
      Did not match:
         - @ConditionalOnWebApplication did not find reactive web application classes (OnWebApplicationCondition)

   WebSocketServletAutoConfiguration.JettyWebSocketConfiguration:
      Did not match:
         - @ConditionalOnClass did not find required class 'org.eclipse.jetty.ee10.websocket.jakarta.server.config.JakartaWebSocketServletContainerInitializer' (OnClassCondition)

   WebSocketServletAutoConfiguration.UndertowWebSocketConfiguration:
      Did not match:
         - @ConditionalOnClass did not find required class 'io.undertow.websockets.jsr.Bootstrap' (OnClassCondition)

   XADataSourceAutoConfiguration:
      Did not match:
         - @ConditionalOnBean (types: org.springframework.boot.jdbc.XADataSourceWrapper; SearchStrategy: all) did not find any beans of type org.springframework.boot.jdbc.XADataSourceWrapper (OnBeanCondition)
      Matched:
         - @ConditionalOnClass found required classes 'javax.sql.DataSource', 'jakarta.transaction.TransactionManager', 'org.springframework.jdbc.datasource.embedded.EmbeddedDatabaseType' (OnClassCondition)

   ZipkinAutoConfiguration:
      Did not match:
         - @ConditionalOnClass did not find required class 'zipkin2.reporter.Encoding' (OnClassCondition)


Exclusions:
-----------

    org.springframework.boot.autoconfigure.security.servlet.SecurityAutoConfiguration


Unconditional classes:
----------------------

    org.springframework.boot.autoconfigure.context.ConfigurationPropertiesAutoConfiguration

    org.springframework.boot.actuate.autoconfigure.availability.AvailabilityHealthContributorAutoConfiguration

    org.springframework.boot.autoconfigure.ssl.SslAutoConfiguration

    org.springframework.boot.actuate.autoconfigure.info.InfoContributorAutoConfiguration

    org.springframework.boot.autoconfigure.context.PropertyPlaceholderAutoConfiguration

    org.springframework.boot.autoconfigure.context.LifecycleAutoConfiguration

    org.springframework.boot.actuate.autoconfigure.metrics.integration.IntegrationMetricsAutoConfiguration

    org.springframework.boot.actuate.autoconfigure.endpoint.EndpointAutoConfiguration

    org.springframework.boot.actuate.autoconfigure.web.server.ManagementContextAutoConfiguration

    org.springframework.boot.actuate.autoconfigure.health.HealthContributorAutoConfiguration

    org.springframework.boot.actuate.autoconfigure.endpoint.jackson.JacksonEndpointAutoConfiguration

    org.springframework.boot.autoconfigure.availability.ApplicationAvailabilityAutoConfiguration

    org.springframework.boot.autoconfigure.info.ProjectInfoAutoConfiguration



2025-06-16 03:11:37 [main] ERROR o.s.boot.SpringApplication - Application run failed
org.springframework.beans.factory.BeanCreationException: Error creating bean with name 'org.springframework.security.config.annotation.web.configuration.WebSecurityConfiguration': Injection of autowired dependencies failed
	at org.springframework.beans.factory.annotation.AutowiredAnnotationBeanPostProcessor.postProcessProperties(AutowiredAnnotationBeanPostProcessor.java:515)
	at org.springframework.beans.factory.support.AbstractAutowireCapableBeanFactory.populateBean(AbstractAutowireCapableBeanFactory.java:1459)
	at org.springframework.beans.factory.support.AbstractAutowireCapableBeanFactory.doCreateBean(AbstractAutowireCapableBeanFactory.java:606)
	at org.springframework.beans.factory.support.AbstractAutowireCapableBeanFactory.createBean(AbstractAutowireCapableBeanFactory.java:529)
	at org.springframework.beans.factory.support.AbstractBeanFactory.lambda$doGetBean$0(AbstractBeanFactory.java:339)
	at org.springframework.beans.factory.support.DefaultSingletonBeanRegistry.getSingleton(DefaultSingletonBeanRegistry.java:373)
	at org.springframework.beans.factory.support.AbstractBeanFactory.doGetBean(AbstractBeanFactory.java:337)
	at org.springframework.beans.factory.support.AbstractBeanFactory.getBean(AbstractBeanFactory.java:202)
	at org.springframework.beans.factory.support.DefaultListableBeanFactory.instantiateSingleton(DefaultListableBeanFactory.java:1222)
	at org.springframework.beans.factory.support.DefaultListableBeanFactory.preInstantiateSingleton(DefaultListableBeanFactory.java:1188)
	at org.springframework.beans.factory.support.DefaultListableBeanFactory.preInstantiateSingletons(DefaultListableBeanFactory.java:1123)
	at org.springframework.context.support.AbstractApplicationContext.finishBeanFactoryInitialization(AbstractApplicationContext.java:987)
	at org.springframework.context.support.AbstractApplicationContext.refresh(AbstractApplicationContext.java:627)
	at org.springframework.boot.web.servlet.context.ServletWebServerApplicationContext.refresh(ServletWebServerApplicationContext.java:146)
	at org.springframework.boot.SpringApplication.refresh(SpringApplication.java:753)
	at org.springframework.boot.SpringApplication.refreshContext(SpringApplication.java:439)
	at org.springframework.boot.SpringApplication.run(SpringApplication.java:318)
	at org.springframework.boot.SpringApplication.run(SpringApplication.java:1362)
	at org.springframework.boot.SpringApplication.run(SpringApplication.java:1351)
	at com.example.demo.DemoApplication.main(DemoApplication.java:10)
Caused by: java.lang.RuntimeException: Could not postProcess org.springframework.security.config.annotation.web.builders.WebSecurity@1c023dcb of type class org.springframework.security.config.annotation.web.builders.WebSecurity
	at org.springframework.security.config.annotation.configuration.AutowireBeanFactoryObjectPostProcessor.postProcess(AutowireBeanFactoryObjectPostProcessor.java:71)
	at org.springframework.security.config.annotation.web.configuration.WebSecurityConfiguration.setFilterChainProxySecurityConfigurer(WebSecurityConfiguration.java:159)
	at java.base/jdk.internal.reflect.DirectMethodHandleAccessor.invoke(DirectMethodHandleAccessor.java:103)
	at java.base/java.lang.reflect.Method.invoke(Method.java:580)
	at org.springframework.beans.factory.annotation.AutowiredAnnotationBeanPostProcessor$AutowiredMethodElement.inject(AutowiredAnnotationBeanPostProcessor.java:854)
	at org.springframework.beans.factory.annotation.InjectionMetadata.inject(InjectionMetadata.java:146)
	at org.springframework.beans.factory.annotation.AutowiredAnnotationBeanPostProcessor.postProcessProperties(AutowiredAnnotationBeanPostProcessor.java:509)
	... 19 common frames omitted
Caused by: org.springframework.beans.factory.BeanCreationException: Error creating bean with name 'mvcHandlerMappingIntrospectorRequestTransformer': Cannot resolve reference to bean 'mvcHandlerMappingIntrospector' while setting constructor argument
	at org.springframework.beans.factory.support.BeanDefinitionValueResolver.resolveReference(BeanDefinitionValueResolver.java:377)
	at org.springframework.beans.factory.support.BeanDefinitionValueResolver.resolveValueIfNecessary(BeanDefinitionValueResolver.java:135)
	at org.springframework.beans.factory.support.ConstructorResolver.resolveConstructorArguments(ConstructorResolver.java:691)
	at org.springframework.beans.factory.support.ConstructorResolver.autowireConstructor(ConstructorResolver.java:206)
	at org.springframework.beans.factory.support.AbstractAutowireCapableBeanFactory.autowireConstructor(AbstractAutowireCapableBeanFactory.java:1395)
	at org.springframework.beans.factory.support.AbstractAutowireCapableBeanFactory.createBeanInstance(AbstractAutowireCapableBeanFactory.java:1232)
	at org.springframework.beans.factory.support.AbstractAutowireCapableBeanFactory.doCreateBean(AbstractAutowireCapableBeanFactory.java:569)
	at org.springframework.beans.factory.support.AbstractAutowireCapableBeanFactory.createBean(AbstractAutowireCapableBeanFactory.java:529)
	at org.springframework.beans.factory.support.AbstractBeanFactory.lambda$doGetBean$0(AbstractBeanFactory.java:339)
	at org.springframework.beans.factory.support.DefaultSingletonBeanRegistry.getSingleton(DefaultSingletonBeanRegistry.java:373)
	at org.springframework.beans.factory.support.AbstractBeanFactory.doGetBean(AbstractBeanFactory.java:337)
	at org.springframework.beans.factory.support.AbstractBeanFactory.getBean(AbstractBeanFactory.java:227)
	at org.springframework.beans.factory.support.DefaultListableBeanFactory.resolveNamedBean(DefaultListableBeanFactory.java:1598)
	at org.springframework.beans.factory.support.DefaultListableBeanFactory.resolveNamedBean(DefaultListableBeanFactory.java:1556)
	at org.springframework.beans.factory.support.DefaultListableBeanFactory.resolveBean(DefaultListableBeanFactory.java:563)
	at org.springframework.beans.factory.support.DefaultListableBeanFactory$1.getIfUnique(DefaultListableBeanFactory.java:489)
	at org.springframework.security.config.annotation.web.builders.WebSecurity.setApplicationContext(WebSecurity.java:433)
	at org.springframework.context.support.ApplicationContextAwareProcessor.invokeAwareInterfaces(ApplicationContextAwareProcessor.java:110)
	at org.springframework.context.support.ApplicationContextAwareProcessor.postProcessBeforeInitialization(ApplicationContextAwareProcessor.java:85)
	at org.springframework.beans.factory.support.AbstractAutowireCapableBeanFactory.applyBeanPostProcessorsBeforeInitialization(AbstractAutowireCapableBeanFactory.java:429)
	at org.springframework.beans.factory.support.AbstractAutowireCapableBeanFactory.initializeBean(AbstractAutowireCapableBeanFactory.java:1818)
	at org.springframework.beans.factory.support.AbstractAutowireCapableBeanFactory.initializeBean(AbstractAutowireCapableBeanFactory.java:419)
	at org.springframework.security.config.annotation.configuration.AutowireBeanFactoryObjectPostProcessor.initializeBeanIfNeeded(AutowireBeanFactoryObjectPostProcessor.java:98)
	at org.springframework.security.config.annotation.configuration.AutowireBeanFactoryObjectPostProcessor.postProcess(AutowireBeanFactoryObjectPostProcessor.java:67)
	... 25 common frames omitted
Caused by: org.springframework.beans.factory.BeanCreationException: Error creating bean with name 'mvcHandlerMappingIntrospector' defined in class path resource [org/springframework/boot/autoconfigure/web/servlet/WebMvcAutoConfiguration$EnableWebMvcConfiguration.class]: Error creating bean with name 'requestMappingHandlerMapping' defined in class path resource [org/springframework/boot/autoconfigure/web/servlet/WebMvcAutoConfiguration$EnableWebMvcConfiguration.class]: When allowCredentials is true, allowedOrigins cannot contain the special value "*" since that cannot be set on the "Access-Control-Allow-Origin" response header. To allow credentials to a set of origins, list them explicitly or consider using "allowedOriginPatterns" instead.
	at org.springframework.beans.factory.support.AbstractAutowireCapableBeanFactory.initializeBean(AbstractAutowireCapableBeanFactory.java:1826)
	at org.springframework.beans.factory.support.AbstractAutowireCapableBeanFactory.doCreateBean(AbstractAutowireCapableBeanFactory.java:607)
	at org.springframework.beans.factory.support.AbstractAutowireCapableBeanFactory.createBean(AbstractAutowireCapableBeanFactory.java:529)
	at org.springframework.beans.factory.support.AbstractBeanFactory.lambda$doGetBean$0(AbstractBeanFactory.java:339)
	at org.springframework.beans.factory.support.DefaultSingletonBeanRegistry.getSingleton(DefaultSingletonBeanRegistry.java:373)
	at org.springframework.beans.factory.support.AbstractBeanFactory.doGetBean(AbstractBeanFactory.java:337)
	at org.springframework.beans.factory.support.AbstractBeanFactory.getBean(AbstractBeanFactory.java:202)
	at org.springframework.beans.factory.support.BeanDefinitionValueResolver.resolveReference(BeanDefinitionValueResolver.java:365)
	... 48 common frames omitted
Caused by: org.springframework.beans.factory.BeanCreationException: Error creating bean with name 'requestMappingHandlerMapping' defined in class path resource [org/springframework/boot/autoconfigure/web/servlet/WebMvcAutoConfiguration$EnableWebMvcConfiguration.class]: When allowCredentials is true, allowedOrigins cannot contain the special value "*" since that cannot be set on the "Access-Control-Allow-Origin" response header. To allow credentials to a set of origins, list them explicitly or consider using "allowedOriginPatterns" instead.
	at org.springframework.beans.factory.support.AbstractAutowireCapableBeanFactory.initializeBean(AbstractAutowireCapableBeanFactory.java:1826)
	at org.springframework.beans.factory.support.AbstractAutowireCapableBeanFactory.doCreateBean(AbstractAutowireCapableBeanFactory.java:607)
	at org.springframework.beans.factory.support.AbstractAutowireCapableBeanFactory.createBean(AbstractAutowireCapableBeanFactory.java:529)
	at org.springframework.beans.factory.support.AbstractBeanFactory.lambda$doGetBean$0(AbstractBeanFactory.java:339)
	at org.springframework.beans.factory.support.DefaultSingletonBeanRegistry.getSingleton(DefaultSingletonBeanRegistry.java:373)
	at org.springframework.beans.factory.support.AbstractBeanFactory.doGetBean(AbstractBeanFactory.java:337)
	at org.springframework.beans.factory.support.AbstractBeanFactory.getBean(AbstractBeanFactory.java:202)
	at org.springframework.beans.factory.support.DefaultListableBeanFactory.getBeansOfType(DefaultListableBeanFactory.java:747)
	at org.springframework.context.support.AbstractApplicationContext.getBeansOfType(AbstractApplicationContext.java:1426)
	at org.springframework.beans.factory.BeanFactoryUtils.beansOfTypeIncludingAncestors(BeanFactoryUtils.java:372)
	at org.springframework.web.servlet.handler.HandlerMappingIntrospector.initHandlerMappings(HandlerMappingIntrospector.java:135)
	at org.springframework.web.servlet.handler.HandlerMappingIntrospector.afterPropertiesSet(HandlerMappingIntrospector.java:123)
	at org.springframework.beans.factory.support.AbstractAutowireCapableBeanFactory.invokeInitMethods(AbstractAutowireCapableBeanFactory.java:1873)
	at org.springframework.beans.factory.support.AbstractAutowireCapableBeanFactory.initializeBean(AbstractAutowireCapableBeanFactory.java:1822)
	... 55 common frames omitted
Caused by: java.lang.IllegalArgumentException: When allowCredentials is true, allowedOrigins cannot contain the special value "*" since that cannot be set on the "Access-Control-Allow-Origin" response header. To allow credentials to a set of origins, list them explicitly or consider using "allowedOriginPatterns" instead.
	at org.springframework.web.cors.CorsConfiguration.validateAllowCredentials(CorsConfiguration.java:568)
	at org.springframework.web.servlet.handler.AbstractHandlerMethodMapping$MappingRegistry.register(AbstractHandlerMethodMapping.java:652)
	at org.springframework.web.servlet.handler.AbstractHandlerMethodMapping.registerHandlerMethod(AbstractHandlerMethodMapping.java:331)
	at org.springframework.web.servlet.mvc.method.annotation.RequestMappingHandlerMapping.registerHandlerMethod(RequestMappingHandlerMapping.java:507)
	at org.springframework.web.servlet.mvc.method.annotation.RequestMappingHandlerMapping.registerHandlerMethod(RequestMappingHandlerMapping.java:84)
	at org.springframework.web.servlet.handler.AbstractHandlerMethodMapping.lambda$detectHandlerMethods$2(AbstractHandlerMethodMapping.java:298)
	at java.base/java.util.LinkedHashMap.forEach(LinkedHashMap.java:986)
	at org.springframework.web.servlet.handler.AbstractHandlerMethodMapping.detectHandlerMethods(AbstractHandlerMethodMapping.java:296)
	at org.springframework.web.servlet.handler.AbstractHandlerMethodMapping.processCandidateBean(AbstractHandlerMethodMapping.java:265)
	at org.springframework.web.servlet.handler.AbstractHandlerMethodMapping.initHandlerMethods(AbstractHandlerMethodMapping.java:224)
	at org.springframework.web.servlet.handler.AbstractHandlerMethodMapping.afterPropertiesSet(AbstractHandlerMethodMapping.java:212)
	at org.springframework.web.servlet.mvc.method.annotation.RequestMappingHandlerMapping.afterPropertiesSet(RequestMappingHandlerMapping.java:237)
	at org.springframework.beans.factory.support.AbstractAutowireCapableBeanFactory.invokeInitMethods(AbstractAutowireCapableBeanFactory.java:1873)
	at org.springframework.beans.factory.support.AbstractAutowireCapableBeanFactory.initializeBean(AbstractAutowireCapableBeanFactory.java:1822)
	... 68 common frames omitted
